collection,volume,pages,title,author,candidate_years,review_candidate,source_url,source_file
Botswana Notes & Records,1.0,31-40,"An entomologist in Ngamiland (moths & butterflies, etc)",E. Pinhey,,no,https://www.thebotswanasociety.net/botswana-notes-records,botswana-notes-records-index-recent.xlsx
Botswana Notes & Records,1.0,79.0,Archaeological Notes (Kolobeng),B.J. van Niekerk,,no,https://www.thebotswanasociety.net/botswana-notes-records,botswana-notes-records-index-recent.xlsx
Botswana Notes & Records,1.0,65-76,Bamalete contract law,J.M Walker,,yes,https://www.thebotswanasociety.net/botswana-notes-records,botswana-notes-records-index-recent.xlsx
Botswana Notes & Records,1.0,19-29,Botswana needs English,D. Hallows,,no,https://www.thebotswanasociety.net/botswana-notes-records,botswana-notes-records-index-recent.xlsx
Botswana Notes & Records,1.0,19.0,Botswana needs English,D. Hallows,,no,https://www.thebotswanasociety.net/botswana-notes-records,botswana-notes-records-index-recent.xlsx
Botswana Notes & Records,1.0,85-92,Checklist of the butterflies (Lepidoptera-Rhopalcera) of Botswana,E. Pinhey,,no,https://www.thebotswanasociety.net/botswana-notes-records,botswana-notes-records-index-recent.xlsx
Botswana Notes & Records,1.0,95-96,G/wi Bushmen: some notes on hunting with poisoned arrows,A.C. Campbell & G. Lamont,,no,https://www.thebotswanasociety.net/botswana-notes-records,botswana-notes-records-index-recent.xlsx
Botswana Notes & Records,1.0,95-96,Gcwi Bushmen: some notes on hunting with poisoned arrows,A.C. Campbell,,no,https://www.thebotswanasociety.net/botswana-notes-records,botswana-notes-records-index-recent.xlsx
Botswana Notes & Records,1.0,83.0,Lapidary Notes,B.J van Niekerk,,no,https://www.thebotswanasociety.net/botswana-notes-records,botswana-notes-records-index-recent.xlsx
Botswana Notes & Records,1.0,15-17,Molepolole mission history,A.M. Merriweather,,yes,https://www.thebotswanasociety.net/botswana-notes-records,botswana-notes-records-index-recent.xlsx
Botswana Notes & Records,1.0,41-49,Notes on the history of sleeping sickness,F.L. Lambrecht,,yes,https://www.thebotswanasociety.net/botswana-notes-records,botswana-notes-records-index-recent.xlsx
Botswana Notes & Records,1.0,41-49,Notes on the history on sleeping sickness,F.L. Lambrecht,,yes,https://www.thebotswanasociety.net/botswana-notes-records,botswana-notes-records-index-recent.xlsx
Botswana Notes & Records,1.0,33-34,Pot making,L.H. Grant,,no,https://www.thebotswanasociety.net/botswana-notes-records,botswana-notes-records-index-recent.xlsx
Botswana Notes & Records,1.0,93-94,Pot making (Mochudi),L.H. Grant,,no,https://www.thebotswanasociety.net/botswana-notes-records,botswana-notes-records-index-recent.xlsx
Botswana Notes & Records,1.0,43593.0,Some edible wild cucumbers (cucurbitaceae) of Botswana,G.H. Teichler,,no,https://www.thebotswanasociety.net/botswana-notes-records,botswana-notes-records-index-recent.xlsx
Botswana Notes & Records,1.0,43690.0,Some notes of Ngwaketse divination,A.C. Campbell,,no,https://www.thebotswanasociety.net/botswana-notes-records,botswana-notes-records-index-recent.xlsx
Botswana Notes & Records,1.0,43721.0,Some notes of Ngwaketse divination,A.C. Campbell,,no,https://www.thebotswanasociety.net/botswana-notes-records,botswana-notes-records-index-recent.xlsx
Botswana Notes & Records,1.0,43721.0,Some notes on Ngwaketse divination,A.C. Campbell,,no,https://www.thebotswanasociety.net/botswana-notes-records,botswana-notes-records-index-recent.xlsx
Botswana Notes & Records,1.0,43469.0,The church and education in Botswana,B.C. Thema,,yes,https://www.thebotswanasociety.net/botswana-notes-records,botswana-notes-records-index-recent.xlsx
Botswana Notes & Records,1.0,43469.0,The church and education in Botswana during the 19th century,B.J. van Niekerk,,yes,https://www.thebotswanasociety.net/botswana-notes-records,botswana-notes-records-index-recent.xlsx
Botswana Notes & Records,1.0,43469.0,The church and education in Botswana during the 19th century,B.C. Thema,,yes,https://www.thebotswanasociety.net/botswana-notes-records,botswana-notes-records-index-recent.xlsx
Botswana Notes & Records,1.0,51-63,The history of Sechele,L. Knobel,,yes,https://www.thebotswanasociety.net/botswana-notes-records,botswana-notes-records-index-recent.xlsx
Botswana Notes & Records,1.0,81-83,The sources of history,N. Mitchison,,yes,https://www.thebotswanasociety.net/botswana-notes-records,botswana-notes-records-index-recent.xlsx
Botswana Notes & Records,2.0,64-70,A note on locol government in Botswana,J. Griffiths,,yes,https://www.thebotswanasociety.net/botswana-notes-records,botswana-notes-records-index-recent.xlsx
Botswana Notes & Records,2.0,111-114,Aloes of Botswana,G.H. Teichler,,no,https://www.thebotswanasociety.net/botswana-notes-records,botswana-notes-records-index-recent.xlsx
Botswana Notes & Records,2.0,127-126,Biogeographical/geobotanical research,H.J. van Rensburg,,no,https://www.thebotswanasociety.net/botswana-notes-records,botswana-notes-records-index-recent.xlsx
Botswana Notes & Records,2.0,127-128,Biogeographical/geobotanical research,R. Brown & A. Burger,,no,https://www.thebotswanasociety.net/botswana-notes-records,botswana-notes-records-index-recent.xlsx
Botswana Notes & Records,2.0,75-78,Climatic factors in Botswana,R. Anderson,,no,https://www.thebotswanasociety.net/botswana-notes-records,botswana-notes-records-index-recent.xlsx
Botswana Notes & Records,2.0,130.0,Ecological research in Botswana,W. von Richter,,no,https://www.thebotswanasociety.net/botswana-notes-records,botswana-notes-records-index-recent.xlsx
Botswana Notes & Records,2.0,106-108,Journey in search of history (Anglo-Boer War),A. Hickman,,yes,https://www.thebotswanasociety.net/botswana-notes-records,botswana-notes-records-index-recent.xlsx
Botswana Notes & Records,2.0,56-61,Kgatla law and social change,S. Roberts,,yes,https://www.thebotswanasociety.net/botswana-notes-records,botswana-notes-records-index-recent.xlsx
Botswana Notes & Records,2.0,98-105,Khama III: great reformer and inovator,T. Tlou,,no,https://www.thebotswanasociety.net/botswana-notes-records,botswana-notes-records-index-recent.xlsx
Botswana Notes & Records,2.0,43629.0,Land and Chiefship in the Tati concession (1895-1903),R.P. Werbner,1895;1903,yes,https://www.thebotswanasociety.net/botswana-notes-records,botswana-notes-records-index-recent.xlsx
Botswana Notes & Records,2.0,127.0,Linguistic research among !Xo Bushmen,A. Traill,,no,https://www.thebotswanasociety.net/botswana-notes-records,botswana-notes-records-index-recent.xlsx
Botswana Notes & Records,2.0,127.0,Linguistic research among the !Xo Bushmen,A. Traill,,no,https://www.thebotswanasociety.net/botswana-notes-records,botswana-notes-records-index-recent.xlsx
Botswana Notes & Records,2.0,71-74,Moeng College: a product of self-help,B.C. Thema,,no,https://www.thebotswanasociety.net/botswana-notes-records,botswana-notes-records-index-recent.xlsx
Botswana Notes & Records,2.0,122-125,Ngamiland !Kung Bushmen: research in progress,R. Lee & I. De Vore,,no,https://www.thebotswanasociety.net/botswana-notes-records,botswana-notes-records-index-recent.xlsx
Botswana Notes & Records,2.0,121.0,Note on the National Bibliography of Botswana,,,no,https://www.thebotswanasociety.net/botswana-notes-records,botswana-notes-records-index-recent.xlsx
Botswana Notes & Records,2.0,129-130,Notes of research (Ngamiland c. 1700-1913),T. Tlou,1913,no,https://www.thebotswanasociety.net/botswana-notes-records,botswana-notes-records-index-recent.xlsx
Botswana Notes & Records,2.0,131.0,Notes on research (traditional healers),C. Seeley,,no,https://www.thebotswanasociety.net/botswana-notes-records,botswana-notes-records-index-recent.xlsx
Botswana Notes & Records,2.0,131.0,Notes on research (traditional healers),C.F. Seeley,,no,https://www.thebotswanasociety.net/botswana-notes-records,botswana-notes-records-index-recent.xlsx
Botswana Notes & Records,2.0,52-55,Notes on settlement in the Ghanzi District,S. Gillett,,yes,https://www.thebotswanasociety.net/botswana-notes-records,botswana-notes-records-index-recent.xlsx
Botswana Notes & Records,2.0,15-23,Notes on some rock paintings at Savuti,A.C. Campbell,,no,https://www.thebotswanasociety.net/botswana-notes-records,botswana-notes-records-index-recent.xlsx
Botswana Notes & Records,2.0,15-23,Notes on some rock paintings at Savuti,A.C. Campbelll,,no,https://www.thebotswanasociety.net/botswana-notes-records,botswana-notes-records-index-recent.xlsx
Botswana Notes & Records,2.0,95-97,Notes on the 1969 impala rut in the Moremi,H. Robbel & G. Child,1969,no,https://www.thebotswanasociety.net/botswana-notes-records,botswana-notes-records-index-recent.xlsx
Botswana Notes & Records,2.0,14.0,Notes on the Khurutshe,Chief Ramokate,,no,https://www.thebotswanasociety.net/botswana-notes-records,botswana-notes-records-index-recent.xlsx
Botswana Notes & Records,2.0,115-119,Place names in the Kgatleng,S. Grant,,no,https://www.thebotswanasociety.net/botswana-notes-records,botswana-notes-records-index-recent.xlsx
Botswana Notes & Records,2.0,128-129,"Research into Khama III, 1895-1923",Q.N. Parsons,1895;1923,no,https://www.thebotswanasociety.net/botswana-notes-records,botswana-notes-records-index-recent.xlsx
Botswana Notes & Records,2.0,24-28,Rock paintings: Botswana and elsewhere,C. Cooke,,no,https://www.thebotswanasociety.net/botswana-notes-records,botswana-notes-records-index-recent.xlsx
Botswana Notes & Records,2.0,24-28,Rock paintings: Botswana and elsewhere,G. Cooke,,no,https://www.thebotswanasociety.net/botswana-notes-records,botswana-notes-records-index-recent.xlsx
Botswana Notes & Records,2.0,29-84,Rural income and urban wage,P. Landell-Mills,,yes,https://www.thebotswanasociety.net/botswana-notes-records,botswana-notes-records-index-recent.xlsx
Botswana Notes & Records,2.0,79-84,Rural income and urban wage rates,P. Landell-Mills,,yes,https://www.thebotswanasociety.net/botswana-notes-records,botswana-notes-records-index-recent.xlsx
Botswana Notes & Records,2.0,43470.0,The early history of the Khurutshe,I. Schapera,,yes,https://www.thebotswanasociety.net/botswana-notes-records,botswana-notes-records-index-recent.xlsx
Botswana Notes & Records,2.0,125-126,The effect of Christianity on Bushmen,M. Guenther,,no,https://www.thebotswanasociety.net/botswana-notes-records,botswana-notes-records-index-recent.xlsx
Botswana Notes & Records,2.0,29-34,The Hambukushu of Ngamiland,T. Larson,,no,https://www.thebotswanasociety.net/botswana-notes-records,botswana-notes-records-index-recent.xlsx
Botswana Notes & Records,2.0,45-51,The Kgalagadi in the 19th century,A. Kuper,,no,https://www.thebotswanasociety.net/botswana-notes-records,botswana-notes-records-index-recent.xlsx
Botswana Notes & Records,2.0,45-55,The Kgalagadi in the nineteenth century,A. Kuper,,no,https://www.thebotswanasociety.net/botswana-notes-records,botswana-notes-records-index-recent.xlsx
Botswana Notes & Records,2.0,62-63,The Malete law of contract: a reply,S. Roberts,,yes,https://www.thebotswanasociety.net/botswana-notes-records,botswana-notes-records-index-recent.xlsx
Botswana Notes & Records,2.0,109-110,"The tree with legs (Moreamato, Boteti)",G. Guy,,no,https://www.thebotswanasociety.net/botswana-notes-records,botswana-notes-records-index-recent.xlsx
Botswana Notes & Records,2.0,85-94,Wildlife and rural economy in S.W Botswana,W. von Richter,,no,https://www.thebotswanasociety.net/botswana-notes-records,botswana-notes-records-index-recent.xlsx
Botswana Notes & Records,2.0,85-94,Wildlife and rural economy in S.W. Botswana,W. von Richter,,no,https://www.thebotswanasociety.net/botswana-notes-records,botswana-notes-records-index-recent.xlsx
Botswana Notes & Records,3.0,155-156,(Rural Development Conference:) Introduction,,,yes,https://www.thebotswanasociety.net/botswana-notes-records,botswana-notes-records-index-recent.xlsx
Botswana Notes & Records,3.0,74-78,A history of the Bechuanaland Protectorate veterinary services,J. Falconer,,yes,https://www.thebotswanasociety.net/botswana-notes-records,botswana-notes-records-index-recent.xlsx
Botswana Notes & Records,3.0,74-78,A History of the Bechuanaland Protectorate veterinary services 1905 - 1906,J. Falconer,1905;1906,yes,https://www.thebotswanasociety.net/botswana-notes-records,botswana-notes-records-index-recent.xlsx
Botswana Notes & Records,3.0,283-298,A list of reports on Botswana in the library of the Ministry of Finance and Development Planning,B. Winstanley,,yes,https://www.thebotswanasociety.net/botswana-notes-records,botswana-notes-records-index-recent.xlsx
Botswana Notes & Records,3.0,201-215,A new approach to rural development,P. van Rensburg,,yes,https://www.thebotswanasociety.net/botswana-notes-records,botswana-notes-records-index-recent.xlsx
Botswana Notes & Records,3.0,111.0,A note of ruling generations and historical time in Botswana,A. Kuper,,yes,https://www.thebotswanasociety.net/botswana-notes-records,botswana-notes-records-index-recent.xlsx
Botswana Notes & Records,3.0,272-273,A note on some current sociological research in the western Kalahari (cattle keeping),P. Devitt,,no,https://www.thebotswanasociety.net/botswana-notes-records,botswana-notes-records-index-recent.xlsx
Botswana Notes & Records,3.0,22-26,A preliminary account of archaeological investigation at Tautswe,L. Lepionka,,no,https://www.thebotswanasociety.net/botswana-notes-records,botswana-notes-records-index-recent.xlsx
Botswana Notes & Records,3.0,43623.0,Albizia anthelminthica (Monoga) - a good worm medicine,G.H. Teichler,,no,https://www.thebotswanasociety.net/botswana-notes-records,botswana-notes-records-index-recent.xlsx
Botswana Notes & Records,3.0,43623.0,Albizia anthelminthica - a good worm medicine,P. Weare & Y. Yalala,,no,https://www.thebotswanasociety.net/botswana-notes-records,botswana-notes-records-index-recent.xlsx
Botswana Notes & Records,3.0,273.0,An analysis of development agencies in agricultural communities in Botswana,D. Curtis,,yes,https://www.thebotswanasociety.net/botswana-notes-records,botswana-notes-records-index-recent.xlsx
Botswana Notes & Records,3.0,273-275,An analysis of development agencies in agriculture communities in Botswana,D. Curtis,,yes,https://www.thebotswanasociety.net/botswana-notes-records,botswana-notes-records-index-recent.xlsx
Botswana Notes & Records,3.0,276.0,Archaeological excavations in western Ngamiland,J.E. Yellen,,no,https://www.thebotswanasociety.net/botswana-notes-records,botswana-notes-records-index-recent.xlsx
Botswana Notes & Records,3.0,148-152,Checklist of butterflies - Part II,E. Pinhey,,no,https://www.thebotswanasociety.net/botswana-notes-records,botswana-notes-records-index-recent.xlsx
Botswana Notes & Records,3.0,64-69,Chief Sekgoma Letsholathebe II: rebel or 20th century nationalist?,J.M. Chirenje,,yes,https://www.thebotswanasociety.net/botswana-notes-records,botswana-notes-records-index-recent.xlsx
Botswana Notes & Records,3.0,59-63,Church and chief in the colonial era: a local study (Kgatleng 1934-58),S. Grant,1934,yes,https://www.thebotswanasociety.net/botswana-notes-records,botswana-notes-records-index-recent.xlsx
Botswana Notes & Records,3.0,59-63,Church and Chief in the colonial era: a local study (Kgatleng 1934-58),S. Grant,1934,yes,https://www.thebotswanasociety.net/botswana-notes-records,botswana-notes-records-index-recent.xlsx
Botswana Notes & Records,3.0,157-164,Ecological constraint on rural development in Botswana,B.H. Wilson,,yes,https://www.thebotswanasociety.net/botswana-notes-records,botswana-notes-records-index-recent.xlsx
Botswana Notes & Records,3.0,157-164,Ecological constraint on rural development in Botswana,G. Child,,yes,https://www.thebotswanasociety.net/botswana-notes-records,botswana-notes-records-index-recent.xlsx
Botswana Notes & Records,3.0,157-164,Ecological constraints on rural development in Botswana,G. Child,,yes,https://www.thebotswanasociety.net/botswana-notes-records,botswana-notes-records-index-recent.xlsx
Botswana Notes & Records,3.0,271-272,"Economic relations between Botswana, Lesotho ans Swaziland and South Africa",S.J. Ettinger,,no,https://www.thebotswanasociety.net/botswana-notes-records,botswana-notes-records-index-recent.xlsx
Botswana Notes & Records,3.0,169-171,Environmental constraint to livestock production,K.E Butler,,yes,https://www.thebotswanasociety.net/botswana-notes-records,botswana-notes-records-index-recent.xlsx
Botswana Notes & Records,3.0,169-171,Environmental constraints to livestock production,E.G. van Voorthuizen,,yes,https://www.thebotswanasociety.net/botswana-notes-records,botswana-notes-records-index-recent.xlsx
Botswana Notes & Records,3.0,169-171,Environmental constraints to livestock production,K.E. Butler,,yes,https://www.thebotswanasociety.net/botswana-notes-records,botswana-notes-records-index-recent.xlsx
Botswana Notes & Records,3.0,172-187,Land and Population,H.A. Fosbrooke,,yes,https://www.thebotswanasociety.net/botswana-notes-records,botswana-notes-records-index-recent.xlsx
Botswana Notes & Records,3.0,172-187,Land and population,H.A. Fosbrooke,,yes,https://www.thebotswanasociety.net/botswana-notes-records,botswana-notes-records-index-recent.xlsx
Botswana Notes & Records,3.0,300.0,"List of some recent books published on Botswana, provided by Botswana National Library Service",,,no,https://www.thebotswanasociety.net/botswana-notes-records,botswana-notes-records-index-recent.xlsx
Botswana Notes & Records,3.0,298-299,Maps and air photographs of Botswana,B. Winstanley,,no,https://www.thebotswanasociety.net/botswana-notes-records,botswana-notes-records-index-recent.xlsx
Botswana Notes & Records,3.0,27-31,Notes of an iron age settlement on Motsenekatse Hill (Molapowabojang),R. Pahl,,yes,https://www.thebotswanasociety.net/botswana-notes-records,botswana-notes-records-index-recent.xlsx
Botswana Notes & Records,3.0,275-276,Notes on research on relations between the Bechuanaland Protectorate and South Africa. 1945-66,R. Dale,1945,yes,https://www.thebotswanasociety.net/botswana-notes-records,botswana-notes-records-index-recent.xlsx
Botswana Notes & Records,3.0,275-276,"Notes on research on relations between the Bechuanaland Protectorate of South Africa, 1945-66",R. Dale,1945,yes,https://www.thebotswanasociety.net/botswana-notes-records,botswana-notes-records-index-recent.xlsx
Botswana Notes & Records,3.0,43686.0,Notes on the Botswana pharmacopoea,H.J. van Rensburg,,no,https://www.thebotswanasociety.net/botswana-notes-records,botswana-notes-records-index-recent.xlsx
Botswana Notes & Records,3.0,43688.0,Notes on the Botswana pharmacopoea,G.H. Teichler,,no,https://www.thebotswanasociety.net/botswana-notes-records,botswana-notes-records-index-recent.xlsx
Botswana Notes & Records,3.0,70-73,Problems for research in Tswana history (Sotho/Nguni and settlement),M. Wilson,,yes,https://www.thebotswanasociety.net/botswana-notes-records,botswana-notes-records-index-recent.xlsx
Botswana Notes & Records,3.0,131-147,Provisional vegetation map of Botswana (first revision)(map in rear pocket),K.E. Butler,,no,https://www.thebotswanasociety.net/botswana-notes-records,botswana-notes-records-index-recent.xlsx
Botswana Notes & Records,3.0,112-130,Range management in Botswana,P. Weare & Y. Yalala,,no,https://www.thebotswanasociety.net/botswana-notes-records,botswana-notes-records-index-recent.xlsx
Botswana Notes & Records,3.0,112-130,Range management in Botswana,H.J. van Rensburg,,no,https://www.thebotswanasociety.net/botswana-notes-records,botswana-notes-records-index-recent.xlsx
Botswana Notes & Records,3.0,219-268,"Report and recommendations submitted to the Bechuanaland Protectorate adinistration on the native land proplem in the Tati District, 1943",I. Schapera,1943,yes,https://www.thebotswanasociety.net/botswana-notes-records,botswana-notes-records-index-recent.xlsx
Botswana Notes & Records,3.0,219-268,"Report and recommendations submitted to the Bechuanaland Protectorate administration on the native land problem in the Tati district, 1943",I. Schapera,1943,yes,https://www.thebotswanasociety.net/botswana-notes-records,botswana-notes-records-index-recent.xlsx
Botswana Notes & Records,3.0,155-273,Rural Development Conference (Proceedings) --see Botswana Notes and Records vol.3,,,yes,https://www.thebotswanasociety.net/botswana-notes-records,botswana-notes-records-index-recent.xlsx
Botswana Notes & Records,3.0,37-39,Some notes of children's skipping rhymes,J.D. Corkish,,no,https://www.thebotswanasociety.net/botswana-notes-records,botswana-notes-records-index-recent.xlsx
Botswana Notes & Records,3.0,37-39,Some notes on children's skipping rhymes,J.D. Corkish,,no,https://www.thebotswanasociety.net/botswana-notes-records,botswana-notes-records-index-recent.xlsx
Botswana Notes & Records,3.0,37-39,Some notes on children's skipping ryhmes,D. Corkish,,no,https://www.thebotswanasociety.net/botswana-notes-records,botswana-notes-records-index-recent.xlsx
Botswana Notes & Records,3.0,195-197,The community approach,J.S. Matsheng,,no,https://www.thebotswanasociety.net/botswana-notes-records,botswana-notes-records-index-recent.xlsx
Botswana Notes & Records,3.0,198-199,The economics of village development,T.S. Madisa,,yes,https://www.thebotswanasociety.net/botswana-notes-records,botswana-notes-records-index-recent.xlsx
Botswana Notes & Records,3.0,198-200,The economics of village development,T.S. Madisa,,yes,https://www.thebotswanasociety.net/botswana-notes-records,botswana-notes-records-index-recent.xlsx
Botswana Notes & Records,3.0,32-36,The general election of 1969,W.J.A. Macartney,1969,yes,https://www.thebotswanasociety.net/botswana-notes-records,botswana-notes-records-index-recent.xlsx
Botswana Notes & Records,3.0,43470.0,The historical background of the Tswana 'centenary' New Testament,A. Sandilands,,yes,https://www.thebotswanasociety.net/botswana-notes-records,botswana-notes-records-index-recent.xlsx
Botswana Notes & Records,3.0,43470.0,The historical background of the Tswana centenary New Testament,A. Sandilands,,yes,https://www.thebotswanasociety.net/botswana-notes-records,botswana-notes-records-index-recent.xlsx
Botswana Notes & Records,3.0,43470.0,The historical background of the Tswana Centenary New Testament,A. Sandilands,,yes,https://www.thebotswanasociety.net/botswana-notes-records,botswana-notes-records-index-recent.xlsx
Botswana Notes & Records,3.0,79-90,The history of Botswana through oral traditions (Ngamiland),T. Tlou,,yes,https://www.thebotswanasociety.net/botswana-notes-records,botswana-notes-records-index-recent.xlsx
Botswana Notes & Records,3.0,40-58,The image of Khama the Great: 1868-1970,Q.N. Parsons,1868;1970,no,https://www.thebotswanasociety.net/botswana-notes-records,botswana-notes-records-index-recent.xlsx
Botswana Notes & Records,3.0,91-110,The impact of man on his environment in Botswana,A.C. Campbell,,no,https://www.thebotswanasociety.net/botswana-notes-records,botswana-notes-records-index-recent.xlsx
Botswana Notes & Records,3.0,91-110,The impact of man on the environment of Botswana,A.C.Campbell,,no,https://www.thebotswanasociety.net/botswana-notes-records,botswana-notes-records-index-recent.xlsx
Botswana Notes & Records,3.0,91-110,The impact of man on the environment of Botswana,A.C. Campbell,,no,https://www.thebotswanasociety.net/botswana-notes-records,botswana-notes-records-index-recent.xlsx
Botswana Notes & Records,3.0,165-168,The influence of environmental factors on arable agriculture in Botswana,P. Weare,,yes,https://www.thebotswanasociety.net/botswana-notes-records,botswana-notes-records-index-recent.xlsx
Botswana Notes & Records,3.0,165-168,The influence of environmental factors on arable agriculture in Botswana,G.E. Gibbs & H.M. Biegel,,yes,https://www.thebotswanasociety.net/botswana-notes-records,botswana-notes-records-index-recent.xlsx
Botswana Notes & Records,3.0,43820.0,"The recording of customary law, with appendix",S. Roberts,,yes,https://www.thebotswanasociety.net/botswana-notes-records,botswana-notes-records-index-recent.xlsx
Botswana Notes & Records,3.0,188-191,The role of tradition in development,H.A. Fosbrooke,,yes,https://www.thebotswanasociety.net/botswana-notes-records,botswana-notes-records-index-recent.xlsx
Botswana Notes & Records,3.0,188-191,The role of traditional in rural development,H.A. Fosbrooke,,yes,https://www.thebotswanasociety.net/botswana-notes-records,botswana-notes-records-index-recent.xlsx
Botswana Notes & Records,3.0,192-194,The rural economy: a sociological perspective,A.C. Campbell,,no,https://www.thebotswanasociety.net/botswana-notes-records,botswana-notes-records-index-recent.xlsx
Botswana Notes & Records,3.0,273-275,The transformation of political authority in Botswana,J.D. Holm,,no,https://www.thebotswanasociety.net/botswana-notes-records,botswana-notes-records-index-recent.xlsx
Botswana Notes & Records,3.0,277-280,"University theses and dissertations on the humanities and social sciences, Checklist No 1 *",Q.N. Parsons,,no,https://www.thebotswanasociety.net/botswana-notes-records,botswana-notes-records-index-recent.xlsx
Botswana Notes & Records,3.0,280-283,Wildlife research in Botswana,G. Child,,no,https://www.thebotswanasociety.net/botswana-notes-records,botswana-notes-records-index-recent.xlsx
Botswana Notes & Records,4.0,292-302,A list of reports on Botswana in the Library of the Ministry of Finance and Development Planning: a supplement,B. Winstanley,,yes,https://www.thebotswanasociety.net/botswana-notes-records,botswana-notes-records-index-recent.xlsx
Botswana Notes & Records,4.0,235-236,A note on mental health in Botswana,G. Sbrana,,no,https://www.thebotswanasociety.net/botswana-notes-records,botswana-notes-records-index-recent.xlsx
Botswana Notes & Records,4.0,31-37,Aspects of the 1971 Census on Botswana,M.D. Crone,1971,yes,https://www.thebotswanasociety.net/botswana-notes-records,botswana-notes-records-index-recent.xlsx
Botswana Notes & Records,4.0,211-217,Banabamatsela of Ngamiland (rag-dolls),D. Lambrecht,,no,https://www.thebotswanasociety.net/botswana-notes-records,botswana-notes-records-index-recent.xlsx
Botswana Notes & Records,4.0,211-217,Banabamatsela on Ngamiland (ragdolls),D. Lambrecht,,no,https://www.thebotswanasociety.net/botswana-notes-records,botswana-notes-records-index-recent.xlsx
Botswana Notes & Records,4.0,287-291,Botswana's participation in the International Geodynamics Project,C.V. Reeves,,no,https://www.thebotswanasociety.net/botswana-notes-records,botswana-notes-records-index-recent.xlsx
Botswana Notes & Records,4.0,279.0,Botswana: Resources and Development by P. Smit,P. Landell-Mills,,yes,https://www.thebotswanasociety.net/botswana-notes-records,botswana-notes-records-index-recent.xlsx
Botswana Notes & Records,4.0,281-282,Breeding white pelican on Lake Ngami,R.D. Jacka,,no,https://www.thebotswanasociety.net/botswana-notes-records,botswana-notes-records-index-recent.xlsx
Botswana Notes & Records,4.0,273.0,Church and chief in the colonial era: a reply,W.L. Maree,,yes,https://www.thebotswanasociety.net/botswana-notes-records,botswana-notes-records-index-recent.xlsx
Botswana Notes & Records,4.0,273.0,Church and Chief in the colonial era: A reply,W.L. Maree,,yes,https://www.thebotswanasociety.net/botswana-notes-records,botswana-notes-records-index-recent.xlsx
Botswana Notes & Records,4.0,43485.0,Development in Botswana during the first UN development decade,C. Roland,,yes,https://www.thebotswanasociety.net/botswana-notes-records,botswana-notes-records-index-recent.xlsx
Botswana Notes & Records,4.0,43485.0,Development in Botswana during the first UN development decade,C. Ronald,,yes,https://www.thebotswanasociety.net/botswana-notes-records,botswana-notes-records-index-recent.xlsx
Botswana Notes & Records,4.0,257-261,Earthquakes in Ngamiland,C.V. Reeves,,no,https://www.thebotswanasociety.net/botswana-notes-records,botswana-notes-records-index-recent.xlsx
Botswana Notes & Records,4.0,135-136,History and pre-history in Botswana,V. Ellenberger,,yes,https://www.thebotswanasociety.net/botswana-notes-records,botswana-notes-records-index-recent.xlsx
Botswana Notes & Records,4.0,265.0,History of the Botswana veterinary services: a note,E.S. Dawe,,yes,https://www.thebotswanasociety.net/botswana-notes-records,botswana-notes-records-index-recent.xlsx
Botswana Notes & Records,4.0,278.0,Kalahari Village Politics by A. Kuper,P. Devitt,,no,https://www.thebotswanasociety.net/botswana-notes-records,botswana-notes-records-index-recent.xlsx
Botswana Notes & Records,4.0,137-146,Khama's own account of himself,"Q.N. Parsons, ed",,no,https://www.thebotswanasociety.net/botswana-notes-records,botswana-notes-records-index-recent.xlsx
Botswana Notes & Records,4.0,111-120,Mahoko a Becwana -- the second Tswana newspaper,J.D. Jones,,no,https://www.thebotswanasociety.net/botswana-notes-records,botswana-notes-records-index-recent.xlsx
Botswana Notes & Records,4.0,111-120,Mahoko a Becwana = the second Tswana newspaper,J.D. Jones,,no,https://www.thebotswanasociety.net/botswana-notes-records,botswana-notes-records-index-recent.xlsx
Botswana Notes & Records,4.0,111-120,Mahoko a Becwana: the second Tswana newspaper,J.D. Jones,,no,https://www.thebotswanasociety.net/botswana-notes-records,botswana-notes-records-index-recent.xlsx
Botswana Notes & Records,4.0,185-193,Nation-building and the Kgatla (1899-1902),L.W. Trushel,1899;1902,no,https://www.thebotswanasociety.net/botswana-notes-records,botswana-notes-records-index-recent.xlsx
Botswana Notes & Records,4.0,237-240,Notes on eye diseases in Botswana,G.H. Teichler,,no,https://www.thebotswanasociety.net/botswana-notes-records,botswana-notes-records-index-recent.xlsx
Botswana Notes & Records,4.0,282-284,Notes on the history of the DR Mission at Mochudi,M. Schiele,,yes,https://www.thebotswanasociety.net/botswana-notes-records,botswana-notes-records-index-recent.xlsx
Botswana Notes & Records,4.0,282-284,Notes on the History of thr DR Mission at Mochudi,M. Schiele,,yes,https://www.thebotswanasociety.net/botswana-notes-records,botswana-notes-records-index-recent.xlsx
Botswana Notes & Records,4.0,219-233,Notes on the place names of Ngamiland,M.A. Peters,,no,https://www.thebotswanasociety.net/botswana-notes-records,botswana-notes-records-index-recent.xlsx
Botswana Notes & Records,4.0,219-233,Notes on the place names of Ngamiland,M. Peters,,no,https://www.thebotswanasociety.net/botswana-notes-records,botswana-notes-records-index-recent.xlsx
Botswana Notes & Records,4.0,121-132,One hundred Tswana proverbs,A.C. Campbell,,no,https://www.thebotswanasociety.net/botswana-notes-records,botswana-notes-records-index-recent.xlsx
Botswana Notes & Records,4.0,284-286,"Oral expression forms, creativity and'mental community' among the !Kung Bushmen",M. Biesele,,no,https://www.thebotswanasociety.net/botswana-notes-records,botswana-notes-records-index-recent.xlsx
Botswana Notes & Records,4.0,284-286,"Oral expressive forms, creativity and mental community among the !Kung Bushmen",M. Biesele,,no,https://www.thebotswanasociety.net/botswana-notes-records,botswana-notes-records-index-recent.xlsx
Botswana Notes & Records,4.0,284-286,"Oral expressive froms, creativity and 'mental community' among the ! Kung Bushmen",N. Biesele,,no,https://www.thebotswanasociety.net/botswana-notes-records,botswana-notes-records-index-recent.xlsx
Botswana Notes & Records,4.0,241-251,"Planning of water, power, transportation and township facilities for the Shashe project",R.J. White,,yes,https://www.thebotswanasociety.net/botswana-notes-records,botswana-notes-records-index-recent.xlsx
Botswana Notes & Records,4.0,281.0,Research into mammals of the Chobe River flood plain,W. Sheppe,,no,https://www.thebotswanasociety.net/botswana-notes-records,botswana-notes-records-index-recent.xlsx
Botswana Notes & Records,4.0,267-270,Resettlement and large villages: a comment,S. Grant,,no,https://www.thebotswanasociety.net/botswana-notes-records,botswana-notes-records-index-recent.xlsx
Botswana Notes & Records,4.0,95-99,Secondary education in Botswana: a partisan view,M. Thompson,,yes,https://www.thebotswanasociety.net/botswana-notes-records,botswana-notes-records-index-recent.xlsx
Botswana Notes & Records,4.0,45-65,Social conditions in the Shoshong area,L. Syson,,no,https://www.thebotswanasociety.net/botswana-notes-records,botswana-notes-records-index-recent.xlsx
Botswana Notes & Records,4.0,21-29,South Africa's weight restrictions on cattle exports from Bechuanaland 1924-41,S.J. Ettinger,1924,no,https://www.thebotswanasociety.net/botswana-notes-records,botswana-notes-records-index-recent.xlsx
Botswana Notes & Records,4.0,21-29,"South Africa's weight restrictions on cattle exports from Bechuanaland, 1924-41",S.J. Ettinger,1924,no,https://www.thebotswanasociety.net/botswana-notes-records,botswana-notes-records-index-recent.xlsx
Botswana Notes & Records,4.0,280.0,Springhare study,T. Butynski,,no,https://www.thebotswanasociety.net/botswana-notes-records,botswana-notes-records-index-recent.xlsx
Botswana Notes & Records,4.0,101-106,The ancestor of Tswana grammars (Hughes 1828-58),A.Sandilands,1828,no,https://www.thebotswanasociety.net/botswana-notes-records,botswana-notes-records-index-recent.xlsx
Botswana Notes & Records,4.0,101-106,The ancestor of Tswana grammars (Hughes 1828-58),A. Sandilands,1828,no,https://www.thebotswanasociety.net/botswana-notes-records,botswana-notes-records-index-recent.xlsx
Botswana Notes & Records,4.0,161-184,The Basubiya,D.M. Shamukuni,,no,https://www.thebotswanasociety.net/botswana-notes-records,botswana-notes-records-index-recent.xlsx
Botswana Notes & Records,4.0,133-134,The black-backed jackal and the brown hyena: A !Kung Bushmen folktale,M. Biesele,,no,https://www.thebotswanasociety.net/botswana-notes-records,botswana-notes-records-index-recent.xlsx
Botswana Notes & Records,4.0,133-134,The black-backed jackal and the brown hyena: a !Kung Bushmen folktale,M. Biesele,,no,https://www.thebotswanasociety.net/botswana-notes-records,botswana-notes-records-index-recent.xlsx
Botswana Notes & Records,4.0,195-209,The Boer War as seen from Gaborone,D. Will & T. Dent,,yes,https://www.thebotswanasociety.net/botswana-notes-records,botswana-notes-records-index-recent.xlsx
Botswana Notes & Records,4.0,39-43,The changing pattern of Tswana social and family relations,B.C. Thema,,no,https://www.thebotswanasociety.net/botswana-notes-records,botswana-notes-records-index-recent.xlsx
Botswana Notes & Records,4.0,39-43,The changing patterns of Tswana social and family relations,B.C. Thema,,no,https://www.thebotswanasociety.net/botswana-notes-records,botswana-notes-records-index-recent.xlsx
Botswana Notes & Records,4.0,104-109,The development if Setswana,M.L.A. Kgasa,,yes,https://www.thebotswanasociety.net/botswana-notes-records,botswana-notes-records-index-recent.xlsx
Botswana Notes & Records,4.0,107-109,The development of Setswana,M.L.A. Kgasa,,yes,https://www.thebotswanasociety.net/botswana-notes-records,botswana-notes-records-index-recent.xlsx
Botswana Notes & Records,4.0,81-93,The history of community development in Botswana,P. Wass,,yes,https://www.thebotswanasociety.net/botswana-notes-records,botswana-notes-records-index-recent.xlsx
Botswana Notes & Records,4.0,263-264,The horned viper in central Kalahari,D.G. Broadley,,no,https://www.thebotswanasociety.net/botswana-notes-records,botswana-notes-records-index-recent.xlsx
Botswana Notes & Records,4.0,286.0,The Journal of the Medical and Dental Association of Botswana,R.H. Johnson,,no,https://www.thebotswanasociety.net/botswana-notes-records,botswana-notes-records-index-recent.xlsx
Botswana Notes & Records,4.0,286-287,The Journal of the Medical and Dental Association of Botswana,R.H. Johnson,,no,https://www.thebotswanasociety.net/botswana-notes-records,botswana-notes-records-index-recent.xlsx
Botswana Notes & Records,4.0,277.0,The rebirth of the Ostrich by A.Markowitz,B.M. Setshogo,,no,https://www.thebotswanasociety.net/botswana-notes-records,botswana-notes-records-index-recent.xlsx
Botswana Notes & Records,4.0,67-80,The social organization of ploughing,D. Curtis,,no,https://www.thebotswanasociety.net/botswana-notes-records,botswana-notes-records-index-recent.xlsx
Botswana Notes & Records,4.0,147-159,The taming of the Okavango swamps,T. Tlou,,no,https://www.thebotswanasociety.net/botswana-notes-records,botswana-notes-records-index-recent.xlsx
Botswana Notes & Records,4.0,253-255,Water and its role in natural conservation and wildlife management,G. Child,,yes,https://www.thebotswanasociety.net/botswana-notes-records,botswana-notes-records-index-recent.xlsx
Botswana Notes & Records,5.0,131.0,A note on episodes from the Boer War,A.K. Pilane,,yes,https://www.thebotswanasociety.net/botswana-notes-records,botswana-notes-records-index-recent.xlsx
Botswana Notes & Records,5.0,26-36,An assessment of the importance of (social) institutions and institutional framework in development,H.A. Fosbrooke,,yes,https://www.thebotswanasociety.net/botswana-notes-records,botswana-notes-records-index-recent.xlsx
Botswana Notes & Records,5.0,67-81,An extract from the diaries of Sir Charles F. Rey (Across the Kalahari),J. Landell-Mills,,no,https://www.thebotswanasociety.net/botswana-notes-records,botswana-notes-records-index-recent.xlsx
Botswana Notes & Records,5.0,170-178,An introduction to gemstones and ornamental stones of Botswana,B.H. Wilson,,no,https://www.thebotswanasociety.net/botswana-notes-records,botswana-notes-records-index-recent.xlsx
Botswana Notes & Records,5.0,43815.0,Boiteko ( Self-help in Serowe),P. van Rensburg,,no,https://www.thebotswanasociety.net/botswana-notes-records,botswana-notes-records-index-recent.xlsx
Botswana Notes & Records,5.0,17-25,Cash brewing in the local economy,D. Curtis,,no,https://www.thebotswanasociety.net/botswana-notes-records,botswana-notes-records-index-recent.xlsx
Botswana Notes & Records,5.0,17-25,Cash brewing the rural economy,D. Curtis,,no,https://www.thebotswanasociety.net/botswana-notes-records,botswana-notes-records-index-recent.xlsx
Botswana Notes & Records,5.0,233-234,Cave studies in Botswana: a research note,H.J. Cooke,,no,https://www.thebotswanasociety.net/botswana-notes-records,botswana-notes-records-index-recent.xlsx
Botswana Notes & Records,5.0,233-234,Cave studies in Botswana: a research note,"C.M.H. Jennings, J.P.F. Sellschop, B. Th. Verhagen & M.T. Jones",,no,https://www.thebotswanasociety.net/botswana-notes-records,botswana-notes-records-index-recent.xlsx
Botswana Notes & Records,5.0,217.0,Correspondence on the repost of the population Census '71,A. Sillery & I. Schapera,,yes,https://www.thebotswanasociety.net/botswana-notes-records,botswana-notes-records-index-recent.xlsx
Botswana Notes & Records,5.0,232.0,Enterprise in the Tswana village (Lethakeng),W. Henderson,,no,https://www.thebotswanasociety.net/botswana-notes-records,botswana-notes-records-index-recent.xlsx
Botswana Notes & Records,5.0,179-190,Environmental isotopes as an aid to investigation of groundwater problems in Botswana,T. Baillieul,,no,https://www.thebotswanasociety.net/botswana-notes-records,botswana-notes-records-index-recent.xlsx
Botswana Notes & Records,5.0,191-208,Hunting in Botswana,W. von Richter & T. Butynski,,no,https://www.thebotswanasociety.net/botswana-notes-records,botswana-notes-records-index-recent.xlsx
Botswana Notes & Records,5.0,226-227,John Mackenzie of Bechuanaland by A. Sillery,V.J.G. Matthews,,no,https://www.thebotswanasociety.net/botswana-notes-records,botswana-notes-records-index-recent.xlsx
Botswana Notes & Records,5.0,52-63,Legal development in Botswana for 1885-1966,A. Aguda,1885;1966,yes,https://www.thebotswanasociety.net/botswana-notes-records,botswana-notes-records-index-recent.xlsx
Botswana Notes & Records,5.0,52-63,Legal development in Botswana form 1885-1966,A. Aguda,1885;1966,yes,https://www.thebotswanasociety.net/botswana-notes-records,botswana-notes-records-index-recent.xlsx
Botswana Notes & Records,5.0,209-213,Life history and economy value of the springhare (Padetes capensis forster) in Botswana,T. Butynski,,yes,https://www.thebotswanasociety.net/botswana-notes-records,botswana-notes-records-index-recent.xlsx
Botswana Notes & Records,5.0,228-229,Man the Hunter by R.B. Lee and I. DeVore,R.J. Mason,,no,https://www.thebotswanasociety.net/botswana-notes-records,botswana-notes-records-index-recent.xlsx
Botswana Notes & Records,5.0,117-119,Mochudi fifty years back (footnote by A.K. Pilane),F. Phiri,,no,https://www.thebotswanasociety.net/botswana-notes-records,botswana-notes-records-index-recent.xlsx
Botswana Notes & Records,5.0,43507.0,Mochudi: the transition from village to town,S. Grant,,no,https://www.thebotswanasociety.net/botswana-notes-records,botswana-notes-records-index-recent.xlsx
Botswana Notes & Records,5.0,64-66,Notes on a Botswana example of the taxation of mining projects,C. Joubert,,no,https://www.thebotswanasociety.net/botswana-notes-records,botswana-notes-records-index-recent.xlsx
Botswana Notes & Records,5.0,64-66,Notes on a Botswana example of the taxation of mining projects,J.V. Hepworth & M. Litherland,,no,https://www.thebotswanasociety.net/botswana-notes-records,botswana-notes-records-index-recent.xlsx
Botswana Notes & Records,5.0,120-122,Notes on early education efforts among the Bakgatla (1900-24),A.K. Pilane,1900,yes,https://www.thebotswanasociety.net/botswana-notes-records,botswana-notes-records-index-recent.xlsx
Botswana Notes & Records,5.0,1.0,Poems: Savuti Mood & Desert Storm,S.G. Hall,,no,https://www.thebotswanasociety.net/botswana-notes-records,botswana-notes-records-index-recent.xlsx
Botswana Notes & Records,5.0,232-233,Ramepedi revisited: a research note (Mochudi),S. Roberts,,no,https://www.thebotswanasociety.net/botswana-notes-records,botswana-notes-records-index-recent.xlsx
Botswana Notes & Records,5.0,232-233,Rampedi revisited (Mochudi),S. Roberts,,no,https://www.thebotswanasociety.net/botswana-notes-records,botswana-notes-records-index-recent.xlsx
Botswana Notes & Records,5.0,220-224,Recent publications in the field of wildlife and related topics in Botswana,W. von Richter,,no,https://www.thebotswanasociety.net/botswana-notes-records,botswana-notes-records-index-recent.xlsx
Botswana Notes & Records,5.0,154-169,Report on botanical collecting trips to Maun and the northern Okavango Delta,E.N. Wilmsen,,no,https://www.thebotswanasociety.net/botswana-notes-records,botswana-notes-records-index-recent.xlsx
Botswana Notes & Records,5.0,104-116,"Resistance and accomodation: baKwena bagaSechele, 1842-52",G.Y. Okihiro,1842,no,https://www.thebotswanasociety.net/botswana-notes-records,botswana-notes-records-index-recent.xlsx
Botswana Notes & Records,5.0,232.0,Rural competition and social change in Botswana (Tswapong),W.P. Werbner,,no,https://www.thebotswanasociety.net/botswana-notes-records,botswana-notes-records-index-recent.xlsx
Botswana Notes & Records,5.0,232.0,Rural competition and social change in Botswana: a research note,R.P. Werbner,,no,https://www.thebotswanasociety.net/botswana-notes-records,botswana-notes-records-index-recent.xlsx
Botswana Notes & Records,5.0,125-130,Some historical notes on Derdepoort/Sikwane,G.H. J. Teichler,,yes,https://www.thebotswanasociety.net/botswana-notes-records,botswana-notes-records-index-recent.xlsx
Botswana Notes & Records,5.0,132-153,Some natural and man-made changes in the channels of the Okavango Delta,C. Joubert,,no,https://www.thebotswanasociety.net/botswana-notes-records,botswana-notes-records-index-recent.xlsx
Botswana Notes & Records,5.0,132-153,Some natural and Man-made channels of the Okavango Delta,E.G. van Voorthuizen,,no,https://www.thebotswanasociety.net/botswana-notes-records,botswana-notes-records-index-recent.xlsx
Botswana Notes & Records,5.0,37-40,The 1972 cattle sample census,P.T. Nteta,1972,yes,https://www.thebotswanasociety.net/botswana-notes-records,botswana-notes-records-index-recent.xlsx
Botswana Notes & Records,5.0,37-40,The 1972 cattle sample Census,P.T. Nteta,1972,yes,https://www.thebotswanasociety.net/botswana-notes-records,botswana-notes-records-index-recent.xlsx
Botswana Notes & Records,5.0,225-226,The Journal of the Medical and Dental Association of Botswana,A.M. Merriweather,,no,https://www.thebotswanasociety.net/botswana-notes-records,botswana-notes-records-index-recent.xlsx
Botswana Notes & Records,5.0,214-216,The museum service in Botswana,D.A.N. Nteta,,yes,https://www.thebotswanasociety.net/botswana-notes-records,botswana-notes-records-index-recent.xlsx
Botswana Notes & Records,5.0,82-103,The origins of the Bamangwato,Q.N. Parsons,,no,https://www.thebotswanasociety.net/botswana-notes-records,botswana-notes-records-index-recent.xlsx
Botswana Notes & Records,5.0,229-231,Tswana family Law by S. Roberts,V.J.G. Matthews,,yes,https://www.thebotswanasociety.net/botswana-notes-records,botswana-notes-records-index-recent.xlsx
Botswana Notes & Records,5.0,41-51,Unmarraried mothers in Botswana,L. Syson,,no,https://www.thebotswanasociety.net/botswana-notes-records,botswana-notes-records-index-recent.xlsx
Botswana Notes & Records,5.0,41-51,Unmarried mothers,L. Syson,,no,https://www.thebotswanasociety.net/botswana-notes-records,botswana-notes-records-index-recent.xlsx
Botswana Notes & Records,6.0,228-230,A note of economic status and village house types,W. Henderson,,no,https://www.thebotswanasociety.net/botswana-notes-records,botswana-notes-records-index-recent.xlsx
Botswana Notes & Records,6.0,228-230,A note on economic status and village house types,W. Henderson,,no,https://www.thebotswanasociety.net/botswana-notes-records,botswana-notes-records-index-recent.xlsx
Botswana Notes & Records,6.0,89-115,"A review of Botswana's financial history, 1900-1973",H.C.L. Hermans,1900;1973,yes,https://www.thebotswanasociety.net/botswana-notes-records,botswana-notes-records-index-recent.xlsx
Botswana Notes & Records,6.0,37-45,"A short history of the Bahurutse of King Motebele, senior son of King Mohurutse",J. Mpotokwane,,yes,https://www.thebotswanasociety.net/botswana-notes-records,botswana-notes-records-index-recent.xlsx
Botswana Notes & Records,6.0,217-218,Bechuanaland 1931,L. Barnes,1931,no,https://www.thebotswanasociety.net/botswana-notes-records,botswana-notes-records-index-recent.xlsx
Botswana Notes & Records,6.0,217-218,Bechuanaland 1931,L. Branes,1931,no,https://www.thebotswanasociety.net/botswana-notes-records,botswana-notes-records-index-recent.xlsx
Botswana Notes & Records,6.0,224-227,Botswana's share of revenue from the use of the rand currency: a note,B.C. Muzorewa,,no,https://www.thebotswanasociety.net/botswana-notes-records,botswana-notes-records-index-recent.xlsx
Botswana Notes & Records,6.0,179-187,"Brigades, government, enthusiasm and development: a critical view of the Martin Report",W. Henderson,,yes,https://www.thebotswanasociety.net/botswana-notes-records,botswana-notes-records-index-recent.xlsx
Botswana Notes & Records,6.0,179-187,"Brigades, government, enthusiasm and development: a critical view of the Martin report",W. Henderson,,yes,https://www.thebotswanasociety.net/botswana-notes-records,botswana-notes-records-index-recent.xlsx
Botswana Notes & Records,6.0,197-214,Checklist of the butterflies (Lepidoptera-Rhopalcera) Part III (illustrated),E. Pinhey,,no,https://www.thebotswanasociety.net/botswana-notes-records,botswana-notes-records-index-recent.xlsx
Botswana Notes & Records,6.0,133-146,Climate and climatic trends in the Ghanzi district,R.C. Brown,,no,https://www.thebotswanasociety.net/botswana-notes-records,botswana-notes-records-index-recent.xlsx
Botswana Notes & Records,6.0,221-222,Genetic studies of Batswana Peoples,T. Jenkins & G.T Nurse,,no,https://www.thebotswanasociety.net/botswana-notes-records,botswana-notes-records-index-recent.xlsx
Botswana Notes & Records,6.0,221-222,Genetic studies on Botswana peoples,T. Jenkins & G.T. Nurse,,no,https://www.thebotswanasociety.net/botswana-notes-records,botswana-notes-records-index-recent.xlsx
Botswana Notes & Records,6.0,19-28,History of Botswana sources of information,J.T. Phehane,,yes,https://www.thebotswanasociety.net/botswana-notes-records,botswana-notes-records-index-recent.xlsx
Botswana Notes & Records,6.0,19-28,History of Botswana sources of information,J.T Phehane,,yes,https://www.thebotswanasociety.net/botswana-notes-records,botswana-notes-records-index-recent.xlsx
Botswana Notes & Records,6.0,231.0,Livingstone 1873 - 1973 by B.W. Lloyd (ed),M.E. Page,1873;1973,no,https://www.thebotswanasociety.net/botswana-notes-records,botswana-notes-records-index-recent.xlsx
Botswana Notes & Records,6.0,231-233,Livingstone by T. Jeal,A.M. Merriweather,,no,https://www.thebotswanasociety.net/botswana-notes-records,botswana-notes-records-index-recent.xlsx
Botswana Notes & Records,6.0,223-224,Local government and development in Botswana,W.J.A. Macartney,,yes,https://www.thebotswanasociety.net/botswana-notes-records,botswana-notes-records-index-recent.xlsx
Botswana Notes & Records,6.0,157-169,Pans of the south Kalahari,H.J. Cooke & T. Baillieul,,no,https://www.thebotswanasociety.net/botswana-notes-records,botswana-notes-records-index-recent.xlsx
Botswana Notes & Records,6.0,29-35,Riddles of the Bakgatla,A.K. Pilane & N. Mitchison,,no,https://www.thebotswanasociety.net/botswana-notes-records,botswana-notes-records-index-recent.xlsx
Botswana Notes & Records,6.0,43603.0,Samples of iron age pottery in south-east Botswana,R.H. Pahl,,no,https://www.thebotswanasociety.net/botswana-notes-records,botswana-notes-records-index-recent.xlsx
Botswana Notes & Records,6.0,77-88,Some sociological and physiological factors affecting the growth of Serowe,R. Gardner,,no,https://www.thebotswanasociety.net/botswana-notes-records,botswana-notes-records-index-recent.xlsx
Botswana Notes & Records,6.0,77-78,Some sociological and physiological factors affecting the growth of Serowe,R. Gardner,,no,https://www.thebotswanasociety.net/botswana-notes-records,botswana-notes-records-index-recent.xlsx
Botswana Notes & Records,6.0,43469.0,"Stone age artifacts from Orapa Diamond Mine, Central Botswana",G. Cohen,,yes,https://www.thebotswanasociety.net/botswana-notes-records,botswana-notes-records-index-recent.xlsx
Botswana Notes & Records,6.0,228.0,The 1974 rural income survey,D. Hudson & C. Norrlof,1974,no,https://www.thebotswanasociety.net/botswana-notes-records,botswana-notes-records-index-recent.xlsx
Botswana Notes & Records,6.0,228.0,The 1974 Rural Incomes Survey,D. Hudson & C.Norrlof,1974,no,https://www.thebotswanasociety.net/botswana-notes-records,botswana-notes-records-index-recent.xlsx
Botswana Notes & Records,6.0,228.0,The 1974 Rural Incomes Survey,D. Hudson & C. Norrlof,1974,no,https://www.thebotswanasociety.net/botswana-notes-records,botswana-notes-records-index-recent.xlsx
Botswana Notes & Records,6.0,189-195,The Brigades of Botswana eight years later,R.O. Ulin,,no,https://www.thebotswanasociety.net/botswana-notes-records,botswana-notes-records-index-recent.xlsx
Botswana Notes & Records,6.0,189-195,The brigades of Botswana eight years later,R.O. Ulin,,no,https://www.thebotswanasociety.net/botswana-notes-records,botswana-notes-records-index-recent.xlsx
Botswana Notes & Records,6.0,147-156,"The caves of Ngamiland: an interim report on exploration and fieldwork, 1972-74",H.J. Cooke,1972,no,https://www.thebotswanasociety.net/botswana-notes-records,botswana-notes-records-index-recent.xlsx
Botswana Notes & Records,6.0,147-156,The caves of Ngamiland: an interim report on explorations and fieldwork 1972-74,H.J. Cooke,1972,no,https://www.thebotswanasociety.net/botswana-notes-records,botswana-notes-records-index-recent.xlsx
Botswana Notes & Records,6.0,117-132,The functional web of interdependence between pre-independent Botswana and South Africa: a preliminary study,R. Dale,,no,https://www.thebotswanasociety.net/botswana-notes-records,botswana-notes-records-index-recent.xlsx
Botswana Notes & Records,6.0,171-178,The Geodynamics Project Seminar: a review of two year's participation,M. Litherland,,no,https://www.thebotswanasociety.net/botswana-notes-records,botswana-notes-records-index-recent.xlsx
Botswana Notes & Records,6.0,57-75,The nature of Botswana states: towards a theory of Botswana traditional government - The Batswana case,T. Tlou,,yes,https://www.thebotswanasociety.net/botswana-notes-records,botswana-notes-records-index-recent.xlsx
Botswana Notes & Records,6.0,223.0,The origins and development of the pans of the southern Kalahari,I.N. Lancaster,,yes,https://www.thebotswanasociety.net/botswana-notes-records,botswana-notes-records-index-recent.xlsx
Botswana Notes & Records,6.0,218.0,The Oxford Colonial Records project,F.E. Lease,,yes,https://www.thebotswanasociety.net/botswana-notes-records,botswana-notes-records-index-recent.xlsx
Botswana Notes & Records,6.0,218.0,The Oxford Colonial Records project,F.E. Leese,,yes,https://www.thebotswanasociety.net/botswana-notes-records,botswana-notes-records-index-recent.xlsx
Botswana Notes & Records,6.0,234-238,The Rhodesiana Reprint Library Series: Its relevance to Botswana,J. Hermans,,no,https://www.thebotswanasociety.net/botswana-notes-records,botswana-notes-records-index-recent.xlsx
Botswana Notes & Records,6.0,47-55,The Tswana of the Ngamiland Trek,L.W. Trushel,,no,https://www.thebotswanasociety.net/botswana-notes-records,botswana-notes-records-index-recent.xlsx
Botswana Notes & Records,6.0,77-115,"Towards budgetary independence: a review of Botswana's financial history, 1900-1973",Q. Hermans,1900;1973,yes,https://www.thebotswanasociety.net/botswana-notes-records,botswana-notes-records-index-recent.xlsx
Botswana Notes & Records,6.0,219-220,"Values, aspirations, self-identification and 'world view' in several communities of Botswana: a note",H.S. Alverson,,no,https://www.thebotswanasociety.net/botswana-notes-records,botswana-notes-records-index-recent.xlsx
Botswana Notes & Records,7.0,89-93,"A commercial strategy in the labour export market with reference to Botswana, Lesotho and Swaziland",C.W. Stahl,,no,https://www.thebotswanasociety.net/botswana-notes-records,botswana-notes-records-index-recent.xlsx
Botswana Notes & Records,7.0,73-77,A note on the 1974 general election in Botswana and the UBLS election study,J. Parson,1974,yes,https://www.thebotswanasociety.net/botswana-notes-records,botswana-notes-records-index-recent.xlsx
Botswana Notes & Records,7.0,121-129,"A preliminary report on the number, distribution and movement of elephants in the Chobe National Park with notes on Browse utilisation",M.W.L. Sommerlatte,,no,https://www.thebotswanasociety.net/botswana-notes-records,botswana-notes-records-index-recent.xlsx
Botswana Notes & Records,7.0,203-204,An ecological survey of Chief's Island and the adjacent flood plain,R. Biggs,,yes,https://www.thebotswanasociety.net/botswana-notes-records,botswana-notes-records-index-recent.xlsx
Botswana Notes & Records,7.0,202.0,An ecological survey of Deception Pan,M. Owens & D. Owens,,no,https://www.thebotswanasociety.net/botswana-notes-records,botswana-notes-records-index-recent.xlsx
Botswana Notes & Records,7.0,207-211,Botswana: A Short Political History by A. Sillery,R.H. Pahl,,yes,https://www.thebotswanasociety.net/botswana-notes-records,botswana-notes-records-index-recent.xlsx
Botswana Notes & Records,7.0,109-120,Craftwork of the Hambukushu of Botswana,T.J. Larson,,no,https://www.thebotswanasociety.net/botswana-notes-records,botswana-notes-records-index-recent.xlsx
Botswana Notes & Records,7.0,196-197,Crocodile research on the Okavango River,G.E.D. Blomberg,,no,https://www.thebotswanasociety.net/botswana-notes-records,botswana-notes-records-index-recent.xlsx
Botswana Notes & Records,7.0,17-18,Decoration of ostrich eggshells,D.A.N. Nteta,,no,https://www.thebotswanasociety.net/botswana-notes-records,botswana-notes-records-index-recent.xlsx
Botswana Notes & Records,7.0,17-18,Decoration on Ostrich eggshells,D.A.N. Nteta,,no,https://www.thebotswanasociety.net/botswana-notes-records,botswana-notes-records-index-recent.xlsx
Botswana Notes & Records,7.0,81-88,Direct foreign investment and linkages in a less developed country,D. Lewis,,no,https://www.thebotswanasociety.net/botswana-notes-records,botswana-notes-records-index-recent.xlsx
Botswana Notes & Records,7.0,61-65,Documents of Botswana history: how Rhodes tried to sieze Ngamiland (1894),T. Tlou,1894,yes,https://www.thebotswanasociety.net/botswana-notes-records,botswana-notes-records-index-recent.xlsx
Botswana Notes & Records,7.0,35-47,From Gazungula (Kazungula) to (Schoschong): our stay in Schoshong (1880's),E. Holub,1880,no,https://www.thebotswanasociety.net/botswana-notes-records,botswana-notes-records-index-recent.xlsx
Botswana Notes & Records,7.0,191-194,Notes of the Babirwa,E.O.J Wesphal,,no,https://www.thebotswanasociety.net/botswana-notes-records,botswana-notes-records-index-recent.xlsx
Botswana Notes & Records,7.0,191-194,Notes on the Babirwa,E.O.J. Westphal,,no,https://www.thebotswanasociety.net/botswana-notes-records,botswana-notes-records-index-recent.xlsx
Botswana Notes & Records,7.0,198-201,Observations of a mating pair of African puff adders,F.W. Maurer,,no,https://www.thebotswanasociety.net/botswana-notes-records,botswana-notes-records-index-recent.xlsx
Botswana Notes & Records,7.0,131-140,Past and present distribution of Buffalo in Botswana,B.H. Raseroka,,no,https://www.thebotswanasociety.net/botswana-notes-records,botswana-notes-records-index-recent.xlsx
Botswana Notes & Records,7.0,195-196,"Perception and culture: testing some tests in Bere, preliminary report",N. Mohr,,no,https://www.thebotswanasociety.net/botswana-notes-records,botswana-notes-records-index-recent.xlsx
Botswana Notes & Records,7.0,195-196,Perception and culture: testing some tests in Bere: preliminary report,N. Mohr,,no,https://www.thebotswanasociety.net/botswana-notes-records,botswana-notes-records-index-recent.xlsx
Botswana Notes & Records,7.0,205-206,Report from Swaneng Hill by P. van Rensburg,V. Gibberd,,no,https://www.thebotswanasociety.net/botswana-notes-records,botswana-notes-records-index-recent.xlsx
Botswana Notes & Records,7.0,19-28,Rock engravings from Mamuno,"M. Litherland, A.R. Litherland & M. Sekwale",,no,https://www.thebotswanasociety.net/botswana-notes-records,botswana-notes-records-index-recent.xlsx
Botswana Notes & Records,7.0,19-28,Rock engravings from Mamuno,M. Litherland & M Sekwale,,no,https://www.thebotswanasociety.net/botswana-notes-records,botswana-notes-records-index-recent.xlsx
Botswana Notes & Records,7.0,167-170,San acculturation and incorporation in the ranching areas of Ghanzi district: some urgent anthropological issues,M. Guenther,,no,https://www.thebotswanasociety.net/botswana-notes-records,botswana-notes-records-index-recent.xlsx
Botswana Notes & Records,7.0,167-170,San acculturation and incorporation in the ranching areas of the Ghanzi District: some urgent anthropological issues,M. Guenther,,no,https://www.thebotswanasociety.net/botswana-notes-records,botswana-notes-records-index-recent.xlsx
Botswana Notes & Records,7.0,53-59,Some titles relating to 19th century Botswana and its people,A.C. Campbell,,no,https://www.thebotswanasociety.net/botswana-notes-records,botswana-notes-records-index-recent.xlsx
Botswana Notes & Records,7.0,171-188,Song text by the master of tricks: Kalahari thumb piano music,M. Biesele,,no,https://www.thebotswanasociety.net/botswana-notes-records,botswana-notes-records-index-recent.xlsx
Botswana Notes & Records,7.0,171-188,Song texts by the Master of Tricks: Kalahari San thumb piano,M. Biesele,,no,https://www.thebotswanasociety.net/botswana-notes-records,botswana-notes-records-index-recent.xlsx
Botswana Notes & Records,7.0,171-188,Song texts by the master of tricks: Kalahari thumb piano music,M. Biesele,,no,https://www.thebotswanasociety.net/botswana-notes-records,botswana-notes-records-index-recent.xlsx
Botswana Notes & Records,7.0,171-188,Song texts by the Master of Tricks: Kalahari thumb piano music,M. Biesele,,no,https://www.thebotswanasociety.net/botswana-notes-records,botswana-notes-records-index-recent.xlsx
Botswana Notes & Records,7.0,43481.0,Tautswe Iron age site: its yeild of bones,R.G. Welbourne,,no,https://www.thebotswanasociety.net/botswana-notes-records,botswana-notes-records-index-recent.xlsx
Botswana Notes & Records,7.0,49-52,The Bechuanaland Protectorate participation in pre-1910 Customs Union,S.J. Ettinger,1910,yes,https://www.thebotswanasociety.net/botswana-notes-records,botswana-notes-records-index-recent.xlsx
Botswana Notes & Records,7.0,41-52,The Bechuanaland Protectorate's participation in the 1910 Customs Union,S.J. Ettinger,1910,yes,https://www.thebotswanasociety.net/botswana-notes-records,botswana-notes-records-index-recent.xlsx
Botswana Notes & Records,7.0,141-150,The birds of Kutse Game Reserve,J.L. Dawson,,no,https://www.thebotswanasociety.net/botswana-notes-records,botswana-notes-records-index-recent.xlsx
Botswana Notes & Records,7.0,194.0,The Botswana's Society's Kweneng oral data collection project,T. Tlou,,no,https://www.thebotswanasociety.net/botswana-notes-records,botswana-notes-records-index-recent.xlsx
Botswana Notes & Records,7.0,67-71,The future of Setswana in schools,R.O. Ulin,,no,https://www.thebotswanasociety.net/botswana-notes-records,botswana-notes-records-index-recent.xlsx
Botswana Notes & Records,7.0,204.0,The Health Information System Project,B. Stephens,,no,https://www.thebotswanasociety.net/botswana-notes-records,botswana-notes-records-index-recent.xlsx
Botswana Notes & Records,7.0,29-31,The Lobatse caves,H.J. Cooke,,no,https://www.thebotswanasociety.net/botswana-notes-records,botswana-notes-records-index-recent.xlsx
Botswana Notes & Records,7.0,103-108,The survival of Chieftaincy in Botswana,S. Gillett,,no,https://www.thebotswanasociety.net/botswana-notes-records,botswana-notes-records-index-recent.xlsx
Botswana Notes & Records,7.0,161-166,The trace dancer as an agent of social change among the farm Bushmen of the Ghanzi District,M. Guenther,,no,https://www.thebotswanasociety.net/botswana-notes-records,botswana-notes-records-index-recent.xlsx
Botswana Notes & Records,7.0,95-102,The traditional healer of Botswana in a changing society,P.R. Ulin,,no,https://www.thebotswanasociety.net/botswana-notes-records,botswana-notes-records-index-recent.xlsx
Botswana Notes & Records,7.0,95-102,The traditional healer of Botswana in the changing society,P.R. Ulin,,no,https://www.thebotswanasociety.net/botswana-notes-records,botswana-notes-records-index-recent.xlsx
Botswana Notes & Records,7.0,161-166,The trance dancer as an agent of social change among the farm-Bushmen of the Ghanzi district: some urgent anthropological issues,M. Guenther,,no,https://www.thebotswanasociety.net/botswana-notes-records,botswana-notes-records-index-recent.xlsx
Botswana Notes & Records,7.0,153-159,Two Ju/Wa constellations (San Astronomy),L. Marshall,,no,https://www.thebotswanasociety.net/botswana-notes-records,botswana-notes-records-index-recent.xlsx
Botswana Notes & Records,8.0,189-221,A study of the traditional music of Muchudi,E.N. Wood,,no,https://www.thebotswanasociety.net/botswana-notes-records,botswana-notes-records-index-recent.xlsx
Botswana Notes & Records,8.0,189-221,A study of traditional music in Mochudi,E.N. Wood,,no,https://www.thebotswanasociety.net/botswana-notes-records,botswana-notes-records-index-recent.xlsx
Botswana Notes & Records,8.0,87-96,"A very remakable school (Isang School, Mochudi)",S. Grant,,no,https://www.thebotswanasociety.net/botswana-notes-records,botswana-notes-records-index-recent.xlsx
Botswana Notes & Records,8.0,87-96,"A very remarkable school (Isang School, Mochudi)",S. Grant,,no,https://www.thebotswanasociety.net/botswana-notes-records,botswana-notes-records-index-recent.xlsx
Botswana Notes & Records,8.0,29-37,"An Acheulean locality at Serowe, Botswana","J.I. Ebert. M. Ebert, R.K. Hitchcock & A. Thoma",,no,https://www.thebotswanasociety.net/botswana-notes-records,botswana-notes-records-index-recent.xlsx
Botswana Notes & Records,8.0,63-86,Aspects of the recent history of Ngamiland (c. 1849-1974),D.H. Potten,1849;1974,yes,https://www.thebotswanasociety.net/botswana-notes-records,botswana-notes-records-index-recent.xlsx
Botswana Notes & Records,8.0,299-300,Atmospheric transmission of solar radiation: a note of one class of data being gathered by the University of New Mexico Kalahari project,"J.I. Ebert, M. Ebert & R.K. Hitchcock",,no,https://www.thebotswanasociety.net/botswana-notes-records,botswana-notes-records-index-recent.xlsx
Botswana Notes & Records,8.0,299-300,Atmospheric transmission of solar radiation: a note on one class of data being gathered by the University of New Mexico Kalahari project.,"J.I. Ebert, R.K. Hitchcock & M.C. Ebert",,no,https://www.thebotswanasociety.net/botswana-notes-records,botswana-notes-records-index-recent.xlsx
Botswana Notes & Records,8.0,297-298,"Basarwa development, North West District",M. Biesele,,yes,https://www.thebotswanasociety.net/botswana-notes-records,botswana-notes-records-index-recent.xlsx
Botswana Notes & Records,8.0,297-298,"Basarwa development, North-west District",M. Biesele,,yes,https://www.thebotswanasociety.net/botswana-notes-records,botswana-notes-records-index-recent.xlsx
Botswana Notes & Records,8.0,179-187,Basketry in Ngamiland,D. Lambrecht,,no,https://www.thebotswanasociety.net/botswana-notes-records,botswana-notes-records-index-recent.xlsx
Botswana Notes & Records,8.0,179-188,Basketry in Ngamiland,D. Lambrecht,,no,https://www.thebotswanasociety.net/botswana-notes-records,botswana-notes-records-index-recent.xlsx
Botswana Notes & Records,8.0,263-268,Checklist of the birds found within the Orapa security area and the Mopipi Dam,"H.E.K. Allen, E.B. Denman & A.K. Forrester",,no,https://www.thebotswanasociety.net/botswana-notes-records,botswana-notes-records-index-recent.xlsx
Botswana Notes & Records,8.0,269-288,Checklist of the butterflies (Lepidoptera-Rhopalcera) of Botswana,E. Pinhey,,no,https://www.thebotswanasociety.net/botswana-notes-records,botswana-notes-records-index-recent.xlsx
Botswana Notes & Records,8.0,292-295,Comments of two Notes & Records (Chirenje vol. 3 & Aguda vol. 5),A. Sillery,,no,https://www.thebotswanasociety.net/botswana-notes-records,botswana-notes-records-index-recent.xlsx
Botswana Notes & Records,8.0,292-295,Comments on two Notes & Records (Aguda),A. Sillery,,no,https://www.thebotswanasociety.net/botswana-notes-records,botswana-notes-records-index-recent.xlsx
Botswana Notes & Records,8.0,296-297,Ecological studies in a Ngamiland community (/ai/ai),E. Wilmsen,,no,https://www.thebotswanasociety.net/botswana-notes-records,botswana-notes-records-index-recent.xlsx
Botswana Notes & Records,8.0,296-297,Ecological studies in an Ngamiland community (Nxai Nxai),E. Wilmsen,,no,https://www.thebotswanasociety.net/botswana-notes-records,botswana-notes-records-index-recent.xlsx
Botswana Notes & Records,8.0,296-297,Ecological studies in the Ngamiland community (Nxai Nxai),A. Allen,,no,https://www.thebotswanasociety.net/botswana-notes-records,botswana-notes-records-index-recent.xlsx
Botswana Notes & Records,8.0,105-117,Ethsa: a successful resettlement scheme,D.H. Potten,,no,https://www.thebotswanasociety.net/botswana-notes-records,botswana-notes-records-index-recent.xlsx
Botswana Notes & Records,8.0,105-117,Etsha: a successful resettlemet scheme,D.H. Potten,,no,https://www.thebotswanasociety.net/botswana-notes-records,botswana-notes-records-index-recent.xlsx
Botswana Notes & Records,8.0,47-62,Genealogical research in Molepolole: a report and methodology,G.Y. Okihiro,,no,https://www.thebotswanasociety.net/botswana-notes-records,botswana-notes-records-index-recent.xlsx
Botswana Notes & Records,8.0,175-178,Glass beadwork of the !Kung of North-western Botswana,M. Shostak,,no,https://www.thebotswanasociety.net/botswana-notes-records,botswana-notes-records-index-recent.xlsx
Botswana Notes & Records,8.0,175-178,Glass beadwork of the !Kung of north-western Botswana,M.Shostak,,no,https://www.thebotswanasociety.net/botswana-notes-records,botswana-notes-records-index-recent.xlsx
Botswana Notes & Records,8.0,43673.0,"Human skeletal remains from Tautswemgala Hill, Botswana",H. de Villiers,,no,https://www.thebotswanasociety.net/botswana-notes-records,botswana-notes-records-index-recent.xlsx
Botswana Notes & Records,8.0,301-303,"Migration and adaptation to Francistown, norht-east Botswana",C. Kerven,,yes,https://www.thebotswanasociety.net/botswana-notes-records,botswana-notes-records-index-recent.xlsx
Botswana Notes & Records,8.0,301-303,Migration and adaption to Francistown north-east Botswana,C. Kerven,,yes,https://www.thebotswanasociety.net/botswana-notes-records,botswana-notes-records-index-recent.xlsx
Botswana Notes & Records,8.0,97-103,Notes on the origins of some settlements in the Kweneng district,R.M.K. Silitshena,,no,https://www.thebotswanasociety.net/botswana-notes-records,botswana-notes-records-index-recent.xlsx
Botswana Notes & Records,8.0,97-103,Notes on the origins of some settlements in the Kweneng District,R. Silitshena,,no,https://www.thebotswanasociety.net/botswana-notes-records,botswana-notes-records-index-recent.xlsx
Botswana Notes & Records,8.0,97-103,Notes on the origins of some settlements in the Kweneng District,R.M.K. Silitshena,,no,https://www.thebotswanasociety.net/botswana-notes-records,botswana-notes-records-index-recent.xlsx
Botswana Notes & Records,8.0,303.0,Population movements and settlement changes in the Kweneng District,R. Silitshena,,yes,https://www.thebotswanasociety.net/botswana-notes-records,botswana-notes-records-index-recent.xlsx
Botswana Notes & Records,8.0,157-163,Preliminary (range) utilisation studies with special reference to western Ngwaketse,P.E. Reavell,,no,https://www.thebotswanasociety.net/botswana-notes-records,botswana-notes-records-index-recent.xlsx
Botswana Notes & Records,8.0,157-163,Preliminary range utilization studies with special reference to western Ngwaketse,E.G. van Voorthuizen,,no,https://www.thebotswanasociety.net/botswana-notes-records,botswana-notes-records-index-recent.xlsx
Botswana Notes & Records,8.0,304-305,"Research into some aspects of the evolution, functions and morphology of towns in Botswana",W.D. Puzo,,no,https://www.thebotswanasociety.net/botswana-notes-records,botswana-notes-records-index-recent.xlsx
Botswana Notes & Records,8.0,300-301,Rural competition and social change in north-west Botswana,A. Sutherland,,no,https://www.thebotswanasociety.net/botswana-notes-records,botswana-notes-records-index-recent.xlsx
Botswana Notes & Records,8.0,300-301,Rural competition and social change in north-western Botswana (Gumare),A. Sutherland,,no,https://www.thebotswanasociety.net/botswana-notes-records,botswana-notes-records-index-recent.xlsx
Botswana Notes & Records,8.0,291.0,Seven Years in South Africa by E. Holub,A.C. Campbell,,no,https://www.thebotswanasociety.net/botswana-notes-records,botswana-notes-records-index-recent.xlsx
Botswana Notes & Records,8.0,303-304,Socio-economic research of the Selebi-Phikwe community and neighbourhood,D. Cooper,,no,https://www.thebotswanasociety.net/botswana-notes-records,botswana-notes-records-index-recent.xlsx
Botswana Notes & Records,8.0,303-304,Socio-economic research on the Selebi-Phikwe community neighbourhood,D. Cooper,,no,https://www.thebotswanasociety.net/botswana-notes-records,botswana-notes-records-index-recent.xlsx
Botswana Notes & Records,8.0,129-155,Some lessons for Botswana's experience with manpower planning,C. Colclough,,no,https://www.thebotswanasociety.net/botswana-notes-records,botswana-notes-records-index-recent.xlsx
Botswana Notes & Records,8.0,129-155,Some lessons from Botswana experience with manpower planning,C. Colclough,,no,https://www.thebotswanasociety.net/botswana-notes-records,botswana-notes-records-index-recent.xlsx
Botswana Notes & Records,8.0,165-174,Thatching in Botswana: the social ecology of traditional construction,E.G. van Voorthuizen & M. Odell,,no,https://www.thebotswanasociety.net/botswana-notes-records,botswana-notes-records-index-recent.xlsx
Botswana Notes & Records,8.0,165-174,Thatching in Botswana: the social ecology of tranditional construction,E.G. van Voorthuizen & M. Odell,,no,https://www.thebotswanasociety.net/botswana-notes-records,botswana-notes-records-index-recent.xlsx
Botswana Notes & Records,8.0,43471.0,The archaeological reconnaissance of the Bobonong area in north-eastern Botswana,J. Fletemeyer,,no,https://www.thebotswanasociety.net/botswana-notes-records,botswana-notes-records-index-recent.xlsx
Botswana Notes & Records,8.0,39-46,The entry of the Herero into Botswana,F.R. Vivelo,,no,https://www.thebotswanasociety.net/botswana-notes-records,botswana-notes-records-index-recent.xlsx
Botswana Notes & Records,8.0,223-230,The mopane tree,H. Vierich-Esche,,no,https://www.thebotswanasociety.net/botswana-notes-records,botswana-notes-records-index-recent.xlsx
Botswana Notes & Records,8.0,231-261,The status of the birds of Gaborone and its surroundings,J.S.S. Beesley & N.S. Irving,,no,https://www.thebotswanasociety.net/botswana-notes-records,botswana-notes-records-index-recent.xlsx
Botswana Notes & Records,8.0,121-128,Tshekedi Khama as I knew him,M. Beson,,no,https://www.thebotswanasociety.net/botswana-notes-records,botswana-notes-records-index-recent.xlsx
Botswana Notes & Records,9.0,163-165,"A chiefly visit to England's Secretary of State (Tshekedi Khama, 1930)",,1930,no,https://www.thebotswanasociety.net/botswana-notes-records,botswana-notes-records-index-recent.xlsx
Botswana Notes & Records,9.0,163-165,"A chiefly visit to England's Secretary of State (Tshekedi Khama, 1930)",A.K. Pilane,1930,no,https://www.thebotswanasociety.net/botswana-notes-records,botswana-notes-records-index-recent.xlsx
Botswana Notes & Records,9.0,129-137,A decision on factors limiting plant plankton growth in the water of the Okavango Delta,P.E. Reavell,,yes,https://www.thebotswanasociety.net/botswana-notes-records,botswana-notes-records-index-recent.xlsx
Botswana Notes & Records,9.0,129-137,A discussion of factors limiting plant plankton growth in the water of the Okavango Delta,L. Labovitch,,yes,https://www.thebotswanasociety.net/botswana-notes-records,botswana-notes-records-index-recent.xlsx
Botswana Notes & Records,9.0,160.0,A note of traditional courtesy between chiefs (Kgatla-Xhosa),A.K. Pilane,,no,https://www.thebotswanasociety.net/botswana-notes-records,botswana-notes-records-index-recent.xlsx
Botswana Notes & Records,9.0,160.0,A note of traditional courtesy between chiefs (Kgatla-Xhosa),J.M. Chirenje,,no,https://www.thebotswanasociety.net/botswana-notes-records,botswana-notes-records-index-recent.xlsx
Botswana Notes & Records,9.0,21-30,Archaeological excavations at =gi: a preliminary report on the first two field seasons,A.S.Brooks & J.E.Yellen,,no,https://www.thebotswanasociety.net/botswana-notes-records,botswana-notes-records-index-recent.xlsx
Botswana Notes & Records,9.0,123-127,Botswana's contribution to the International Geodynamics Project: a review on a second two year's participation,C.R. Jones & R.M. Key,,no,https://www.thebotswanasociety.net/botswana-notes-records,botswana-notes-records-index-recent.xlsx
Botswana Notes & Records,9.0,109-117,"Britain's contribution to Botswana's public debt, 1956-1976",K.F. Jones,1956;1976,no,https://www.thebotswanasociety.net/botswana-notes-records,botswana-notes-records-index-recent.xlsx
Botswana Notes & Records,9.0,31-36,Die Buschmanner des Okavango und Sambesigebietes der Nord-Kalahari,"F. Steiner, transl. H. Vierech-Esche",,no,https://www.thebotswanasociety.net/botswana-notes-records,botswana-notes-records-index-recent.xlsx
Botswana Notes & Records,9.0,169-170,Ecological anthropology : investigations among Kweneng district Basarwa,"H.P. Linder, P.M. Strebel & T.M. Crowe",,no,https://www.thebotswanasociety.net/botswana-notes-records,botswana-notes-records-index-recent.xlsx
Botswana Notes & Records,9.0,169-170,Ecological anthropology: investigations among Kweneng District Basarwa,H. Vierich-Esche,,no,https://www.thebotswanasociety.net/botswana-notes-records,botswana-notes-records-index-recent.xlsx
Botswana Notes & Records,9.0,43481.0,Excavations at Tautswemogala,L. Lepionka,,no,https://www.thebotswanasociety.net/botswana-notes-records,botswana-notes-records-index-recent.xlsx
Botswana Notes & Records,9.0,139-143,Grasshoppers of south-east Botswana,J.F.T. Houston,,no,https://www.thebotswanasociety.net/botswana-notes-records,botswana-notes-records-index-recent.xlsx
Botswana Notes & Records,9.0,172.0,Historical Dictionary of the Republic of Botswana by R. Stevens,J.A.V. Rose,,yes,https://www.thebotswanasociety.net/botswana-notes-records,botswana-notes-records-index-recent.xlsx
Botswana Notes & Records,9.0,168-169,International geographical correlations programme,I. Ermanovics & R.M. Key,,no,https://www.thebotswanasociety.net/botswana-notes-records,botswana-notes-records-index-recent.xlsx
Botswana Notes & Records,9.0,85-89,Kinship terminology of the Hambukushu of Ngamiland,T.J. Larson,,no,https://www.thebotswanasociety.net/botswana-notes-records,botswana-notes-records-index-recent.xlsx
Botswana Notes & Records,9.0,49-54,Kuruman to Morokweng in 1883,A.J. Gould,1883,no,https://www.thebotswanasociety.net/botswana-notes-records,botswana-notes-records-index-recent.xlsx
Botswana Notes & Records,9.0,119-122,Lentswe la Odi Weavers: bold steps in rural development,B.L.B Mushonga,,yes,https://www.thebotswanasociety.net/botswana-notes-records,botswana-notes-records-index-recent.xlsx
Botswana Notes & Records,9.0,119-122,Lentswe la Oodi Weavers: bold steps in rural development,B.L.B. Mushonga,,yes,https://www.thebotswanasociety.net/botswana-notes-records,botswana-notes-records-index-recent.xlsx
Botswana Notes & Records,9.0,157-159,Military and political aspect of map-making in Ngamiland: a rejoinder to Anthony Sillery's comment,J.M. Chirenje,,no,https://www.thebotswanasociety.net/botswana-notes-records,botswana-notes-records-index-recent.xlsx
Botswana Notes & Records,9.0,157-159,Military and political aspect of map-making in Ngamiland: a rejoinder to Anthony Sillery's comment,J. Hermans,,no,https://www.thebotswanasociety.net/botswana-notes-records,botswana-notes-records-index-recent.xlsx
Botswana Notes & Records,9.0,55-67,"Official policy towards the Bushmen of Botswana: a review, part 1 (1885-1940)",ed. A. Sandilands,1885;1940,no,https://www.thebotswanasociety.net/botswana-notes-records,botswana-notes-records-index-recent.xlsx
Botswana Notes & Records,9.0,55-67,"Official policy towards the Bushmen of Botswana: a review, Part 1 (1885-1940)",J.G. Hermans,1885;1940,no,https://www.thebotswanasociety.net/botswana-notes-records,botswana-notes-records-index-recent.xlsx
Botswana Notes & Records,9.0,69-83,Patterns of manufacture and use of baskets among the Basarwa of the Nata River region,M. Ebert,,no,https://www.thebotswanasociety.net/botswana-notes-records,botswana-notes-records-index-recent.xlsx
Botswana Notes & Records,9.0,68-83,Patterns of manufacture and use of baskets among the Basarwa of the Nata River region,M. Ebert,,no,https://www.thebotswanasociety.net/botswana-notes-records,botswana-notes-records-index-recent.xlsx
Botswana Notes & Records,9.0,167.0,Resource distribution and patterns of land-use in some Bushmen populations of eastern Botswana,"W.J. Chasko, Jnr",,yes,https://www.thebotswanasociety.net/botswana-notes-records,botswana-notes-records-index-recent.xlsx
Botswana Notes & Records,9.0,167.0,"Resources, distribution and patterns of land-us in some Bushmen populations of eastern Botswana","W.J. Chasko, Jnr",,yes,https://www.thebotswanasociety.net/botswana-notes-records,botswana-notes-records-index-recent.xlsx
Botswana Notes & Records,9.0,145-154,"Results of the Winifred T. Carter Expedition, 1975, to Botswana: mammals - Chiroptera (bats)",A.L. Archer,1975,no,https://www.thebotswanasociety.net/botswana-notes-records,botswana-notes-records-index-recent.xlsx
Botswana Notes & Records,9.0,101-108,Rural incomes in Botswana,D.J. Hudson,,no,https://www.thebotswanasociety.net/botswana-notes-records,botswana-notes-records-index-recent.xlsx
Botswana Notes & Records,9.0,166-167,Social and economic networks: a comparison of the Nata and Botletle river areas,E. Cashdan,,no,https://www.thebotswanasociety.net/botswana-notes-records,botswana-notes-records-index-recent.xlsx
Botswana Notes & Records,9.0,166-167,Social and economic networks: acomparision of the Nata and Botletle river areas,E. Cashdan,,no,https://www.thebotswanasociety.net/botswana-notes-records,botswana-notes-records-index-recent.xlsx
Botswana Notes & Records,9.0,160-163,Some notes on the origin of the UBS students at the University college of Botswana,W.D. Puzo,,no,https://www.thebotswanasociety.net/botswana-notes-records,botswana-notes-records-index-recent.xlsx
Botswana Notes & Records,9.0,160-163,Some notes on the origins of UBS students at the University College of Botswana,W.D. Puzo,,no,https://www.thebotswanasociety.net/botswana-notes-records,botswana-notes-records-index-recent.xlsx
Botswana Notes & Records,9.0,17-19,The ancient workings at Gakgale,G. Cohen,,no,https://www.thebotswanasociety.net/botswana-notes-records,botswana-notes-records-index-recent.xlsx
Botswana Notes & Records,9.0,37-40,The early days of the Post Office,D.M. Eley,,no,https://www.thebotswanasociety.net/botswana-notes-records,botswana-notes-records-index-recent.xlsx
Botswana Notes & Records,9.0,41-48,The Kweneng in the colonial era: a brief economic history,W. Duggan,,yes,https://www.thebotswanasociety.net/botswana-notes-records,botswana-notes-records-index-recent.xlsx
Botswana Notes & Records,9.0,91-100,"Urban migration in Botswana: Gaborone, December 1975",B. Stephens,1975,yes,https://www.thebotswanasociety.net/botswana-notes-records,botswana-notes-records-index-recent.xlsx
Botswana Notes & Records,9.0,91-100,"Urban migration in Botswana: Gaborone, December, 1975",B. Stephens,1975,yes,https://www.thebotswanasociety.net/botswana-notes-records,botswana-notes-records-index-recent.xlsx
Botswana Notes & Records,9.0,170-171,Wildlife utilization on a Botswana ranch: a pilot project,I. Manning,,no,https://www.thebotswanasociety.net/botswana-notes-records,botswana-notes-records-index-recent.xlsx
Botswana Notes & Records,10.0,95-98,A case of colonial collaboration: the hut tax and migrant labour,D. Massey,,yes,https://www.thebotswanasociety.net/botswana-notes-records,botswana-notes-records-index-recent.xlsx
Botswana Notes & Records,10.0,95-98,A case of colonial collaboration: the Hut Tax and migrant labour,D. Massey,,yes,https://www.thebotswanasociety.net/botswana-notes-records,botswana-notes-records-index-recent.xlsx
Botswana Notes & Records,10.0,43468.0,A note on the LSA features at gi: analogies from historic San hunting practices,A.S. Brooks,,no,https://www.thebotswanasociety.net/botswana-notes-records,botswana-notes-records-index-recent.xlsx
Botswana Notes & Records,10.0,43468.0,A note on the LSA features at gi=: analogies from historic San hunting practices,A.S. Brooks,,no,https://www.thebotswanasociety.net/botswana-notes-records,botswana-notes-records-index-recent.xlsx
Botswana Notes & Records,10.0,169-185,A preliminary reconnaissance of the vegetation of Orapa and environs,J.A. van Vegten,,no,https://www.thebotswanasociety.net/botswana-notes-records,botswana-notes-records-index-recent.xlsx
Botswana Notes & Records,10.0,67-79,A supplement to a study of the traditional music of Mochudi,E.N. Wood,,no,https://www.thebotswanasociety.net/botswana-notes-records,botswana-notes-records-index-recent.xlsx
Botswana Notes & Records,10.0,67-79,Asupplement to a study of the traditional music of Mochudi,E.N. Wood,,no,https://www.thebotswanasociety.net/botswana-notes-records,botswana-notes-records-index-recent.xlsx
Botswana Notes & Records,10.0,37-51,Basarwa ambush hunting in Botswana,A.L. Crowell & R.K. Hitchcock,,no,https://www.thebotswanasociety.net/botswana-notes-records,botswana-notes-records-index-recent.xlsx
Botswana Notes & Records,10.0,19-26,Comparability between hunter-gatherer groups in the past and present: modernization versus explanation,J.I. Elbert,,no,https://www.thebotswanasociety.net/botswana-notes-records,botswana-notes-records-index-recent.xlsx
Botswana Notes & Records,10.0,19-26,Comparibility between hunter-gatherer groups in the past and the present: modernization versus explanation,J.I. Ebert,,no,https://www.thebotswanasociety.net/botswana-notes-records,botswana-notes-records-index-recent.xlsx
Botswana Notes & Records,10.0,27-36,Indicators of culture change among the Dobe !Kung San,D.J. Gelburd,,no,https://www.thebotswanasociety.net/botswana-notes-records,botswana-notes-records-index-recent.xlsx
Botswana Notes & Records,10.0,99-112,Mine labour recruitment in the Bechuanalanad Protectorate,J. Taylor,,yes,https://www.thebotswanasociety.net/botswana-notes-records,botswana-notes-records-index-recent.xlsx
Botswana Notes & Records,10.0,99-112,Mine labour recruitment in the Bechuanaland Protectorate,J.V. Taylor,,yes,https://www.thebotswanasociety.net/botswana-notes-records,botswana-notes-records-index-recent.xlsx
Botswana Notes & Records,10.0,99-112,Mine labour recruitment in the Bechuanaland Protectorate,J. Taylor,,yes,https://www.thebotswanasociety.net/botswana-notes-records,botswana-notes-records-index-recent.xlsx
Botswana Notes & Records,10.0,149-157,Notes on some characteristics of populatin that has migrated permanently to the lands in the Kweneng District,R.M.K. Silitshena,,no,https://www.thebotswanasociety.net/botswana-notes-records,botswana-notes-records-index-recent.xlsx
Botswana Notes & Records,10.0,43603.0,Pre-historic and historic antecedents of a contemporary Ngamiland community,E.N. Wilmsen,,no,https://www.thebotswanasociety.net/botswana-notes-records,botswana-notes-records-index-recent.xlsx
Botswana Notes & Records,10.0,43603.0,Prehistoric and historic antecedents of a contemporary Ngami-land community (Nxai Nxai),E.N. Wilmsen,,yes,https://www.thebotswanasociety.net/botswana-notes-records,botswana-notes-records-index-recent.xlsx
Botswana Notes & Records,10.0,91-94,Some problems in library development in Botswana,HY.K. Raseroka,,yes,https://www.thebotswanasociety.net/botswana-notes-records,botswana-notes-records-index-recent.xlsx
Botswana Notes & Records,10.0,119-135,The establishment of Botswana's Central Bank and the introduction of the new currency,D.J. Hudson,,no,https://www.thebotswanasociety.net/botswana-notes-records,botswana-notes-records-index-recent.xlsx
Botswana Notes & Records,10.0,81-90,The performing arts: culture as a tool for development in Botswana (Ladza Bantanani popular theatre),M.L. Bruam & R. Kidd,,yes,https://www.thebotswanasociety.net/botswana-notes-records,botswana-notes-records-index-recent.xlsx
Botswana Notes & Records,10.0,81-90,The performing arts: cultures as a tool for development in Botswana ( Laedza Bantanani/popluar theatre),M.L Byram & R. Kidd,,yes,https://www.thebotswanasociety.net/botswana-notes-records,botswana-notes-records-index-recent.xlsx
Botswana Notes & Records,10.0,53-66,The roel of the dingaka tsa setswana form the 19th century to the present,C. Dennis,,no,https://www.thebotswanasociety.net/botswana-notes-records,botswana-notes-records-index-recent.xlsx
Botswana Notes & Records,10.0,53-66,The role of dingaka tsa setswana from the 19th century to the present,C. Dennis,,no,https://www.thebotswanasociety.net/botswana-notes-records,botswana-notes-records-index-recent.xlsx
Botswana Notes & Records,10.0,113-118,"The role of local treasuries in the underdevelopment of Botswana, 1938-53",B.C. Muzorewa,1938,no,https://www.thebotswanasociety.net/botswana-notes-records,botswana-notes-records-index-recent.xlsx
Botswana Notes & Records,10.0,113-118,"The role of local treasuries in the underdevelopment of Botswana, 1939-1979",B.G. Muzorewa,1939;1979,no,https://www.thebotswanasociety.net/botswana-notes-records,botswana-notes-records-index-recent.xlsx
Botswana Notes & Records,10.0,53-66,The role of the dingaka tsa Setswana from the 19th century to the present,C. Dennis,,no,https://www.thebotswanasociety.net/botswana-notes-records,botswana-notes-records-index-recent.xlsx
Botswana Notes & Records,10.0,53-66,The role of the Dingaka tsa setswana from the 19th century to the present,C.F.S. Dennis,,no,https://www.thebotswanasociety.net/botswana-notes-records,botswana-notes-records-index-recent.xlsx
Botswana Notes & Records,10.0,159-168,The tribal grazing Land Policy and intergrated land-use planning: a district view (Central District),T. Greenbow,,yes,https://www.thebotswanasociety.net/botswana-notes-records,botswana-notes-records-index-recent.xlsx
Botswana Notes & Records,10.0,159-168,The Tribal Grazing Lands Policy and integrated land use planning: a district view (Central District),T. Greenhow,,yes,https://www.thebotswanasociety.net/botswana-notes-records,botswana-notes-records-index-recent.xlsx
Botswana Notes & Records,10.0,187-197,Traditional and new methods dealing with arable weeds in Botswana,J. Cooke,,no,https://www.thebotswanasociety.net/botswana-notes-records,botswana-notes-records-index-recent.xlsx
Botswana Notes & Records,10.0,187-197,Traditional and new methods of dealing with arable weeds in Botswana,L. Labovitch,,no,https://www.thebotswanasociety.net/botswana-notes-records,botswana-notes-records-index-recent.xlsx
Botswana Notes & Records,11.0,25-31,"""Mother! Sing loudly for me!"": the annotated dialiogue of a Basarwa healer in trance",P. Wiessner & F.T. Larson,,no,https://www.thebotswanasociety.net/botswana-notes-records,botswana-notes-records-index-recent.xlsx
Botswana Notes & Records,11.0,25-31,"""Mother! Sing loudly for me!"": the annotated dialogue of a Basarwa healer in a trance",P. Wiessner & F.T. Larson,,no,https://www.thebotswanasociety.net/botswana-notes-records,botswana-notes-records-index-recent.xlsx
Botswana Notes & Records,11.0,25-31,"""Mother! Sing loudly for me!"": the annotated dialogue of a Basarwa healer in a trance",P. Wiessner & T.J. Larson,,no,https://www.thebotswanasociety.net/botswana-notes-records,botswana-notes-records-index-recent.xlsx
Botswana Notes & Records,11.0,134.0,A short note on five species of birds believed to be previously unrecorded from Botswana,A.L. Archer & D.A. Turner,,no,https://www.thebotswanasociety.net/botswana-notes-records,botswana-notes-records-index-recent.xlsx
Botswana Notes & Records,11.0,135.0,A short note on further feeding observations of Ruppell's Bat (Pipistrellus rueppelli),A.L. Archer,,no,https://www.thebotswanasociety.net/botswana-notes-records,botswana-notes-records-index-recent.xlsx
Botswana Notes & Records,11.0,137-139,A socio-economic survey of eastern Kalahari cattle posts,R.K.Hitchcock,,no,https://www.thebotswanasociety.net/botswana-notes-records,botswana-notes-records-index-recent.xlsx
Botswana Notes & Records,11.0,137-139,A socio-economic survey of eastern Kalahari cattle posts,R.K. Hitchcock,,no,https://www.thebotswanasociety.net/botswana-notes-records,botswana-notes-records-index-recent.xlsx
Botswana Notes & Records,11.0,137-139,A socio-economic survey of eastern Kalahari cattle posts (Central District),R.K. Hitchcock,,no,https://www.thebotswanasociety.net/botswana-notes-records,botswana-notes-records-index-recent.xlsx
Botswana Notes & Records,11.0,69-76,An epidemic among the Bakgatla : the influenza of 1918,J.V. Spears,1918,no,https://www.thebotswanasociety.net/botswana-notes-records,botswana-notes-records-index-recent.xlsx
Botswana Notes & Records,11.0,69-76,An epidemic among the Bakgatla: the influenza of 1918,J.V. Spears,1918,no,https://www.thebotswanasociety.net/botswana-notes-records,botswana-notes-records-index-recent.xlsx
Botswana Notes & Records,11.0,96-106,An investigation into the decline of the Yambezi Fishermen's Co-operation Society,K.S. Gilmore,,no,https://www.thebotswanasociety.net/botswana-notes-records,botswana-notes-records-index-recent.xlsx
Botswana Notes & Records,11.0,97-106,An investigation into the decline of the Yambezi Fishermen's Co-operative Society,K.S. Gilmore,,no,https://www.thebotswanasociety.net/botswana-notes-records,botswana-notes-records-index-recent.xlsx
Botswana Notes & Records,11.0,43-54,Botswana's contribution to the International Geodynamics Project: a terminal report,C.R. Jones & R.M. Key,,no,https://www.thebotswanasociety.net/botswana-notes-records,botswana-notes-records-index-recent.xlsx
Botswana Notes & Records,11.0,89-95,"Brief chronology of Customs Agreements in Southern Africa , 1855-1979",D.J. Hudson,1855;1979,no,https://www.thebotswanasociety.net/botswana-notes-records,botswana-notes-records-index-recent.xlsx
Botswana Notes & Records,11.0,89-95,"Brief chronology of customs agreements in southern Africa, 1855-1979",D.J. Hudson,1855;1979,no,https://www.thebotswanasociety.net/botswana-notes-records,botswana-notes-records-index-recent.xlsx
Botswana Notes & Records,11.0,55-67,Chiefly authority and the organization of space in Botswana: towards an explination of nucleated settlements among the Tswana,R.M.K. Silitshena,,no,https://www.thebotswanasociety.net/botswana-notes-records,botswana-notes-records-index-recent.xlsx
Botswana Notes & Records,11.0,55-67,Chiefly authority and the organization of space in Botswana: towards an exploration of nucleated settlements among the Tswana,R.M.K. Silitshena,,no,https://www.thebotswanasociety.net/botswana-notes-records,botswana-notes-records-index-recent.xlsx
Botswana Notes & Records,11.0,128.0,Chobokwane: notes notes on a new multi-ethnic customary community (Ghanzi District),S.M.T Mayane,,no,https://www.thebotswanasociety.net/botswana-notes-records,botswana-notes-records-index-recent.xlsx
Botswana Notes & Records,11.0,128.0,Chobokwane: notes on a new multiethnic 'customary' community (Ghanzi District),S.M.T. Mayane,,no,https://www.thebotswanasociety.net/botswana-notes-records,botswana-notes-records-index-recent.xlsx
Botswana Notes & Records,11.0,77-88,Employment creation and development in Kanye,R. Colin,,yes,https://www.thebotswanasociety.net/botswana-notes-records,botswana-notes-records-index-recent.xlsx
Botswana Notes & Records,11.0,121-125,Endangered wildlife species in Botswana,W. von Richter & J. Passineau,,no,https://www.thebotswanasociety.net/botswana-notes-records,botswana-notes-records-index-recent.xlsx
Botswana Notes & Records,11.0,115-119,First record of Greater and Lesser Flamingos breeding in Botswana,H.G. Roberstson & P.G. Johnson,,no,https://www.thebotswanasociety.net/botswana-notes-records,botswana-notes-records-index-recent.xlsx
Botswana Notes & Records,11.0,127.0,From the Cape to Bulawayo: or How to travel to nRodesia through British Territory by One Who Has Done It,H. Murray-Hudson,,no,https://www.thebotswanasociety.net/botswana-notes-records,botswana-notes-records-index-recent.xlsx
Botswana Notes & Records,11.0,33-36,Hambukushu girl's puberty rites,T.L. Larson,,no,https://www.thebotswanasociety.net/botswana-notes-records,botswana-notes-records-index-recent.xlsx
Botswana Notes & Records,11.0,33-36,Hambukushu girls puberty rites,T.J. Larson,,no,https://www.thebotswanasociety.net/botswana-notes-records,botswana-notes-records-index-recent.xlsx
Botswana Notes & Records,11.0,141-146,Index to the first ten volumes of Botswana Notes and Records,L. Hinchey,,no,https://www.thebotswanasociety.net/botswana-notes-records,botswana-notes-records-index-recent.xlsx
Botswana Notes & Records,11.0,139.0,International Labour migration and it's efect on rural development in Botswana (Kgatleng),D. Massey,,yes,https://www.thebotswanasociety.net/botswana-notes-records,botswana-notes-records-index-recent.xlsx
Botswana Notes & Records,11.0,139.0,International labour migration and its effect on rural development in Botswana (Kgatleng),D. Massey,,yes,https://www.thebotswanasociety.net/botswana-notes-records,botswana-notes-records-index-recent.xlsx
Botswana Notes & Records,11.0,132-133,Investigation into factors affecting community development among the Balete,S.A. Allen,,yes,https://www.thebotswanasociety.net/botswana-notes-records,botswana-notes-records-index-recent.xlsx
Botswana Notes & Records,11.0,135.0,Niche differences in two or three species of predator in the African ecosystem,C.J. McBride,,no,https://www.thebotswanasociety.net/botswana-notes-records,botswana-notes-records-index-recent.xlsx
Botswana Notes & Records,11.0,15-23,Sero-genetic studies on the 'Masarwa' of north-eastern Botswana,"W.J. Chasko, H. Harpending, T. Jenkins & G.T. Nurse",,no,https://www.thebotswanasociety.net/botswana-notes-records,botswana-notes-records-index-recent.xlsx
Botswana Notes & Records,11.0,15-23,Sero-genetic studies on the Masarwa of the north-eastern Botswana,"W.J. Chasko, H. Harpending, T. Jenkins & G.T. Nurse",,no,https://www.thebotswanasociety.net/botswana-notes-records,botswana-notes-records-index-recent.xlsx
Botswana Notes & Records,11.0,130-132,The cattle economy & socioeconomic change in western Kweneng,J.S. Solway,,no,https://www.thebotswanasociety.net/botswana-notes-records,botswana-notes-records-index-recent.xlsx
Botswana Notes & Records,11.0,103-132,The Cattle economy and socio-economic change in western Kweneng,J.S.Solway,,no,https://www.thebotswanasociety.net/botswana-notes-records,botswana-notes-records-index-recent.xlsx
Botswana Notes & Records,11.0,130-132,The cattle economy and socio-economic change in western Kweneng,J.S. Solway,,no,https://www.thebotswanasociety.net/botswana-notes-records,botswana-notes-records-index-recent.xlsx
Botswana Notes & Records,11.0,107-114,"The effects of ULV aerial applications of Endosulfan on the feeding habits of Schilbe mystus and Mormyrus lacerda in the Okavango Delta, 1977",C. Gilmore,1977,no,https://www.thebotswanasociety.net/botswana-notes-records,botswana-notes-records-index-recent.xlsx
Botswana Notes & Records,11.0,140.0,The history of Herero settlement in Botswana,K. Alnaes,,yes,https://www.thebotswanasociety.net/botswana-notes-records,botswana-notes-records-index-recent.xlsx
Botswana Notes & Records,11.0,140.0,The history of Herero settlemnt in Botswana,K. Alnaes,,yes,https://www.thebotswanasociety.net/botswana-notes-records,botswana-notes-records-index-recent.xlsx
Botswana Notes & Records,11.0,37-42,The origin of the Makgadikgadi Pans,H.J. Cooke,,no,https://www.thebotswanasociety.net/botswana-notes-records,botswana-notes-records-index-recent.xlsx
Botswana Notes & Records,11.0,129.0,The rural-urban migration of women: the case of female household-heads and movement to Gaborone,W.J. Izzard,,yes,https://www.thebotswanasociety.net/botswana-notes-records,botswana-notes-records-index-recent.xlsx
Botswana Notes & Records,12.0,181-184,Archaeological investigation of Leeukop: a function approach (corrected version),C. van Waarden,,no,https://www.thebotswanasociety.net/botswana-notes-records,botswana-notes-records-index-recent.xlsx
Botswana Notes & Records,12.0,137-149,Basarwa settlement patterns in the Ghanzi ranching area,A. Barnard,,yes,https://www.thebotswanasociety.net/botswana-notes-records,botswana-notes-records-index-recent.xlsx
Botswana Notes & Records,12.0,177.0,Environmental science project NIR/UBS,T.J. Larson,,no,https://www.thebotswanasociety.net/botswana-notes-records,botswana-notes-records-index-recent.xlsx
Botswana Notes & Records,12.0,35-40,Girl's achievement in school in Botswana (1970-75),B.B. Brown,1970,no,https://www.thebotswanasociety.net/botswana-notes-records,botswana-notes-records-index-recent.xlsx
Botswana Notes & Records,12.0,35-40,Girls achievement in school in Botswana,B.B. Brown,,no,https://www.thebotswanasociety.net/botswana-notes-records,botswana-notes-records-index-recent.xlsx
Botswana Notes & Records,12.0,170-173,"Island biogeography and the Acacia clumps at Naxi Pan , Botswana","H.P. Linder, P.M. Strebel & T.M. Crowe",,no,https://www.thebotswanasociety.net/botswana-notes-records,botswana-notes-records-index-recent.xlsx
Botswana Notes & Records,12.0,170-173,"Island biography and the acacia clumps at the Nxai Pan, Botswana",H.J. Cooke,,no,https://www.thebotswanasociety.net/botswana-notes-records,botswana-notes-records-index-recent.xlsx
Botswana Notes & Records,12.0,15-21,Lion and leopard predation upon Chacma baboons living in the Moremi Wildlife Reserve,C. Busse,,no,https://www.thebotswanasociety.net/botswana-notes-records,botswana-notes-records-index-recent.xlsx
Botswana Notes & Records,12.0,119-135,Maps of traditional tribal subdivisions among the Balete of Ramotswa,S.A. Allen,,no,https://www.thebotswanasociety.net/botswana-notes-records,botswana-notes-records-index-recent.xlsx
Botswana Notes & Records,12.0,169.0,New locality record for Klipspringer,P.C. Viljoen,,no,https://www.thebotswanasociety.net/botswana-notes-records,botswana-notes-records-index-recent.xlsx
Botswana Notes & Records,12.0,23-33,"New records of short-horned grasshoppers from Botswana, with a description of Rhodesiana cuneicerca, n.sp. (insecta: Acridomorpha)",P. Johnsen,,no,https://www.thebotswanasociety.net/botswana-notes-records,botswana-notes-records-index-recent.xlsx
Botswana Notes & Records,12.0,83-87,Notes on the early history of the Kwena (Bakwena - bagaSechele),I. Schapera,,yes,https://www.thebotswanasociety.net/botswana-notes-records,botswana-notes-records-index-recent.xlsx
Botswana Notes & Records,12.0,101-117,Observing and recording village music in the Kweneng,E.N. Wood,,no,https://www.thebotswanasociety.net/botswana-notes-records,botswana-notes-records-index-recent.xlsx
Botswana Notes & Records,12.0,89-100,Reduced almost to nothing?' Chieftaincy and a traditional town; the case of Linchwe II Kgafela and Mochudi,S. Grant,,no,https://www.thebotswanasociety.net/botswana-notes-records,botswana-notes-records-index-recent.xlsx
Botswana Notes & Records,12.0,175-176,Rural-urban movement among Botswana's skilled manpower,M. Bell,,yes,https://www.thebotswanasociety.net/botswana-notes-records,botswana-notes-records-index-recent.xlsx
Botswana Notes & Records,12.0,67-82,Some notes on the Mbandderu calendar,U. Almagor,,no,https://www.thebotswanasociety.net/botswana-notes-records,botswana-notes-records-index-recent.xlsx
Botswana Notes & Records,12.0,67-82,Some notes on the Mbanderu calendar,U. Almagor,,no,https://www.thebotswanasociety.net/botswana-notes-records,botswana-notes-records-index-recent.xlsx
Botswana Notes & Records,12.0,178-179,The formation of the Botswana Bird Club,M. Hodgeson,,no,https://www.thebotswanasociety.net/botswana-notes-records,botswana-notes-records-index-recent.xlsx
Botswana Notes & Records,12.0,43479.0,The geology of the Kalahari,C.R. Jones,,no,https://www.thebotswanasociety.net/botswana-notes-records,botswana-notes-records-index-recent.xlsx
Botswana Notes & Records,12.0,41-47,"The non-government contribution to development in Botswana, 1962-1980",S. Grant,1962;1980,yes,https://www.thebotswanasociety.net/botswana-notes-records,botswana-notes-records-index-recent.xlsx
Botswana Notes & Records,12.0,174.0,The social organization of borehole (deep-weell) ownership,P.E. Peters,,no,https://www.thebotswanasociety.net/botswana-notes-records,botswana-notes-records-index-recent.xlsx
Botswana Notes & Records,12.0,174.0,The social organization of borehole (deep-well) ownership,P.E. Peters,,no,https://www.thebotswanasociety.net/botswana-notes-records,botswana-notes-records-index-recent.xlsx
Botswana Notes & Records,12.0,49-65,The taxation of income from cattle farming,D.J. Hudson,,no,https://www.thebotswanasociety.net/botswana-notes-records,botswana-notes-records-index-recent.xlsx
Botswana Notes & Records,13.0,111-118,A comment of Kalahari wildlife and the Khukhe fence,A.C. Campbell,,no,https://www.thebotswanasociety.net/botswana-notes-records,botswana-notes-records-index-recent.xlsx
Botswana Notes & Records,13.0,161.0,A new species of Platysaurus intermedius from Botswana (Sauria: Cordylidae)(corrected version),D.G. Broadley,,no,https://www.thebotswanasociety.net/botswana-notes-records,botswana-notes-records-index-recent.xlsx
Botswana Notes & Records,13.0,151-152,A note on a comparative study of bone assemblages accumulated by carnivores and by Basarwa hunter-gatherers,H.T. Bunn,,no,https://www.thebotswanasociety.net/botswana-notes-records,botswana-notes-records-index-recent.xlsx
Botswana Notes & Records,13.0,151-152,A note on a comparative study of bone assemblages accumulated by carnivores and the Basarwa hunter-gatherers,H.T. Bunn,,no,https://www.thebotswanasociety.net/botswana-notes-records,botswana-notes-records-index-recent.xlsx
Botswana Notes & Records,13.0,152-153,A note on observations of spatial configurations of hunter-gatherer campsites in Botswana,E.Kroll,,no,https://www.thebotswanasociety.net/botswana-notes-records,botswana-notes-records-index-recent.xlsx
Botswana Notes & Records,13.0,152-153,A note on observations of spatial configurations of hunter-gatherer campsites in Botswana,E. Kroll,,no,https://www.thebotswanasociety.net/botswana-notes-records,botswana-notes-records-index-recent.xlsx
Botswana Notes & Records,13.0,151-152,A note on the comparative study of one assemblages accumulated by carnivores and by Basarwa hunter-gatherers,H.T. Bunn,,no,https://www.thebotswanasociety.net/botswana-notes-records,botswana-notes-records-index-recent.xlsx
Botswana Notes & Records,13.0,37-47,Adult education research and evaluation in Botswana: the role if the Institute of Adult Education,B. Mackenzie,,yes,https://www.thebotswanasociety.net/botswana-notes-records,botswana-notes-records-index-recent.xlsx
Botswana Notes & Records,13.0,67-77,Adult education research and evaluation in Botswana: the role of the institute of adult education,B. Mackenzie,,yes,https://www.thebotswanasociety.net/botswana-notes-records,botswana-notes-records-index-recent.xlsx
Botswana Notes & Records,13.0,107-110,An assessment of the impact of fences on large herbivore biomass in the Kalahari,D.T. Williamson & J.E. Williamson,,no,https://www.thebotswanasociety.net/botswana-notes-records,botswana-notes-records-index-recent.xlsx
Botswana Notes & Records,13.0,155-156,Chiefly authority and the organization of space in Botswana: some clarifications of resettlement,R.M.K. Silitshena,,no,https://www.thebotswanasociety.net/botswana-notes-records,botswana-notes-records-index-recent.xlsx
Botswana Notes & Records,13.0,19-24,"Desperate games: Bongola Smith, the Imperial Cold Storage Company and Bechuanaland Beef, 1931",M. Hubbard,1931,no,https://www.thebotswanasociety.net/botswana-notes-records,botswana-notes-records-index-recent.xlsx
Botswana Notes & Records,13.0,19-24,"Desperate games: Bongola Smith, the Imperial Cold Storage Company and Bechuanaland's Beef, 1931",M. Hubbard,1931,no,https://www.thebotswanasociety.net/botswana-notes-records,botswana-notes-records-index-recent.xlsx
Botswana Notes & Records,13.0,55-59,Do the poor benefit from publicly provided water in the rural areas?,L. Fortmann,,yes,https://www.thebotswanasociety.net/botswana-notes-records,botswana-notes-records-index-recent.xlsx
Botswana Notes & Records,13.0,79-86,Educational development in Chobe (1927-76),A.W. Sail,1927,yes,https://www.thebotswanasociety.net/botswana-notes-records,botswana-notes-records-index-recent.xlsx
Botswana Notes & Records,13.0,123-139,"Environmental change at Oliphants Drift in Kgatleng District, south-east Botswana",R. Bergstrom & C. Skarpe,,no,https://www.thebotswanasociety.net/botswana-notes-records,botswana-notes-records-index-recent.xlsx
Botswana Notes & Records,13.0,123-139,"Environmental changes at Oliphant's Drift in Kgatleng district, south-east Botswana",J.N.H. Cooke,,no,https://www.thebotswanasociety.net/botswana-notes-records,botswana-notes-records-index-recent.xlsx
Botswana Notes & Records,13.0,145-148,Hambukushu ethno-botany,J.F. Braker,,no,https://www.thebotswanasociety.net/botswana-notes-records,botswana-notes-records-index-recent.xlsx
Botswana Notes & Records,13.0,145-148,Hambukushu ethno-botany,T.J. Larson,,no,https://www.thebotswanasociety.net/botswana-notes-records,botswana-notes-records-index-recent.xlsx
Botswana Notes & Records,13.0,119-122,Immobalisation and blood analysis of baboons (Papio ursinus) in the Okavango Swamp,D.A. Melton & C. Melton,,no,https://www.thebotswanasociety.net/botswana-notes-records,botswana-notes-records-index-recent.xlsx
Botswana Notes & Records,13.0,89-100,Introduction to the History of the administration of justice in the Republic of Botswana,B. Forster,,yes,https://www.thebotswanasociety.net/botswana-notes-records,botswana-notes-records-index-recent.xlsx
Botswana Notes & Records,13.0,89-100,Introduction to the history of the administration of justice of the Republic of Botswana (1891-1966),B. Forster,1891;1966,yes,https://www.thebotswanasociety.net/botswana-notes-records,botswana-notes-records-index-recent.xlsx
Botswana Notes & Records,13.0,163-180,Maps of tradition tribal subdivisions among the Balete of Ramotswa (corrected version),S.A. Allen,,no,https://www.thebotswanasociety.net/botswana-notes-records,botswana-notes-records-index-recent.xlsx
Botswana Notes & Records,13.0,163-180,Maps of traditional tribal sub-divisions among the Balete of Ramotswa (corrected version),S.A. Allen,,no,https://www.thebotswanasociety.net/botswana-notes-records,botswana-notes-records-index-recent.xlsx
Botswana Notes & Records,13.0,61-65,Metshelo: implications for simulating small scale production in Botswana,D. Narayan-Parker,,no,https://www.thebotswanasociety.net/botswana-notes-records,botswana-notes-records-index-recent.xlsx
Botswana Notes & Records,13.0,61-65,Metshelo: implications for stimulating small scale production in Botswana,D. Narayan-Parker,,no,https://www.thebotswanasociety.net/botswana-notes-records,botswana-notes-records-index-recent.xlsx
Botswana Notes & Records,13.0,87-88,Non formal educaton and development,E.K. Townsend-Coles,,yes,https://www.thebotswanasociety.net/botswana-notes-records,botswana-notes-records-index-recent.xlsx
Botswana Notes & Records,13.0,87-88,Non-formal education and development,E.K. Townsend-Coles,,yes,https://www.thebotswanasociety.net/botswana-notes-records,botswana-notes-records-index-recent.xlsx
Botswana Notes & Records,13.0,159-160,Notes on research concerning business management training and Botswana entrepreneurs,E. Jones-Dube,,no,https://www.thebotswanasociety.net/botswana-notes-records,botswana-notes-records-index-recent.xlsx
Botswana Notes & Records,13.0,141-143,"On the conservation of natural resourses, with special reference to the Kalahari in Botswana",H.J. Cooke,,no,https://www.thebotswanasociety.net/botswana-notes-records,botswana-notes-records-index-recent.xlsx
Botswana Notes & Records,13.0,141-143,On the conversation of antural resources with special reference to the Kalahari in Botswana,J.F. Braker,,no,https://www.thebotswanasociety.net/botswana-notes-records,botswana-notes-records-index-recent.xlsx
Botswana Notes & Records,13.0,141-143,"On the conversation of natural resources, with special reference to the Kalahari in Botswana",H.J. Cooke,,no,https://www.thebotswanasociety.net/botswana-notes-records,botswana-notes-records-index-recent.xlsx
Botswana Notes & Records,13.0,45-53,on the economy of Kweneng 1940-1980,E.M. Roe,1940;1980,no,https://www.thebotswanasociety.net/botswana-notes-records,botswana-notes-records-index-recent.xlsx
Botswana Notes & Records,13.0,13-18,Past climates and present ground-water supplies in the Bechuana-land Protectorate,E.J. Wayland ed. J. Denbow,,yes,https://www.thebotswanasociety.net/botswana-notes-records,botswana-notes-records-index-recent.xlsx
Botswana Notes & Records,13.0,13-18,Past climates and present groundwater supplies in the Bechuanaland Protectorate,E.J. Wayland ed J. Denbow,,yes,https://www.thebotswanasociety.net/botswana-notes-records,botswana-notes-records-index-recent.xlsx
Botswana Notes & Records,13.0,13-18,Past climates and present groundwater supplies in the Bechuanaland Protectorate,"E.J. Wayland, ed. J. Denbow",,yes,https://www.thebotswanasociety.net/botswana-notes-records,botswana-notes-records-index-recent.xlsx
Botswana Notes & Records,13.0,31-32,Supplement to examination od civil service salaries: the remuniration of MP's,G. Shuttleworth,,no,https://www.thebotswanasociety.net/botswana-notes-records,botswana-notes-records-index-recent.xlsx
Botswana Notes & Records,13.0,31-32,Supplement to examination of civil service salaries: the remuneration of MP's,G. Shuttleworth,,no,https://www.thebotswanasociety.net/botswana-notes-records,botswana-notes-records-index-recent.xlsx
Botswana Notes & Records,13.0,158.0,The distinctive grasshopper fauna of large pans and the occurrence of the Brown Locust\,J.F. Barker,,no,https://www.thebotswanasociety.net/botswana-notes-records,botswana-notes-records-index-recent.xlsx
Botswana Notes & Records,13.0,33-43,The impact of migrant labour on th economy of Kweneng 1940-1980,M. Leepile,1940;1980,yes,https://www.thebotswanasociety.net/botswana-notes-records,botswana-notes-records-index-recent.xlsx
Botswana Notes & Records,13.0,33-43,The impact of migrant labour on the economy of Kweneng 1940-1980,M. Leepile,1940;1980,yes,https://www.thebotswanasociety.net/botswana-notes-records,botswana-notes-records-index-recent.xlsx
Botswana Notes & Records,13.0,34-43,The impact of migrant labour on the economy of Kweneng 1940-1980,M. Leepile,1940;1980,yes,https://www.thebotswanasociety.net/botswana-notes-records,botswana-notes-records-index-recent.xlsx
Botswana Notes & Records,13.0,33-43,The impact of migration labour,M. Leepile,,yes,https://www.thebotswanasociety.net/botswana-notes-records,botswana-notes-records-index-recent.xlsx
Botswana Notes & Records,13.0,25-30,The real earnings of civil servants in central government since independence: post colonialism and wages ploicy,G. Shuttleworth,,yes,https://www.thebotswanasociety.net/botswana-notes-records,botswana-notes-records-index-recent.xlsx
Botswana Notes & Records,13.0,25-30,The real earnings of civil servants in central government since independence: post colonialism and wages policy,G. Shuttleworth,,yes,https://www.thebotswanasociety.net/botswana-notes-records,botswana-notes-records-index-recent.xlsx
Botswana Notes & Records,13.0,101-105,The status of Red Lechwe in the Linyanti Swamp,D.T. Williamson,,no,https://www.thebotswanasociety.net/botswana-notes-records,botswana-notes-records-index-recent.xlsx
Botswana Notes & Records,13.0,43476.0,"The subsistence patterns at Leeukop site, eastern Tuli Block",A. Gautier & C. van Waarden,,no,https://www.thebotswanasociety.net/botswana-notes-records,botswana-notes-records-index-recent.xlsx
Botswana Notes & Records,13.0,156-158,The Tuber of morama (Tylosema esculentum),J.F. Braker,,no,https://www.thebotswanasociety.net/botswana-notes-records,botswana-notes-records-index-recent.xlsx
Botswana Notes & Records,13.0,154.0,Towards an exploration of nucleated settlements among the Tswana: a readers observations,E. Roe,,no,https://www.thebotswanasociety.net/botswana-notes-records,botswana-notes-records-index-recent.xlsx
Botswana Notes & Records,13.0,45-53,Who brews tarditional beer in rural Botswana: a review of the literature and policy analysis,E.M. Roe,,no,https://www.thebotswanasociety.net/botswana-notes-records,botswana-notes-records-index-recent.xlsx
Botswana Notes & Records,13.0,160.0,Who brews traditional beer in Rural Botswana: a review of the literature and policy analysis,V. von Massow,,no,https://www.thebotswanasociety.net/botswana-notes-records,botswana-notes-records-index-recent.xlsx
Botswana Notes & Records,13.0,45-53,Who brews traditional beer in rural Botswana: a review of the literature and policy analysis,E.M. Roe,,no,https://www.thebotswanasociety.net/botswana-notes-records,botswana-notes-records-index-recent.xlsx
Botswana Notes & Records,14.0,23-24,A note of the fertility of the Mbanderu women,U. Almagor,,no,https://www.thebotswanasociety.net/botswana-notes-records,botswana-notes-records-index-recent.xlsx
Botswana Notes & Records,14.0,73-79,"A note of the relationship between cattle and crop production in Mmaphashalala village, Central district (near Dibete)",P. Heisey,,no,https://www.thebotswanasociety.net/botswana-notes-records,botswana-notes-records-index-recent.xlsx
Botswana Notes & Records,14.0,23-24,A note on the fertility of the Mbanderu women,U. Almagor,,no,https://www.thebotswanasociety.net/botswana-notes-records,botswana-notes-records-index-recent.xlsx
Botswana Notes & Records,14.0,23-25,A note on the fertility of the Mbanderu women,U. Almagor,,no,https://www.thebotswanasociety.net/botswana-notes-records,botswana-notes-records-index-recent.xlsx
Botswana Notes & Records,14.0,74-79,"A note on the relationship between cattke and crop production in Mmaphashalala village, Centeral District (near Dibete)",P. Heisey,,no,https://www.thebotswanasociety.net/botswana-notes-records,botswana-notes-records-index-recent.xlsx
Botswana Notes & Records,14.0,43475.0,A preliminary study of the distribution of acridoidea (grass hoppers) in relation to overgrazing in Botswana,D.C.L. Procter,,no,https://www.thebotswanasociety.net/botswana-notes-records,botswana-notes-records-index-recent.xlsx
Botswana Notes & Records,14.0,43475.0,A preliminary study of the distribution of Acridoidea (grasshoppers) in relation to overgrazing in Botswana,J.F. Barker,,no,https://www.thebotswanasociety.net/botswana-notes-records,botswana-notes-records-index-recent.xlsx
Botswana Notes & Records,14.0,51-58,Agricultural research for development of small farmers: a closer look at traditional technology,C. Lightfoot,,yes,https://www.thebotswanasociety.net/botswana-notes-records,botswana-notes-records-index-recent.xlsx
Botswana Notes & Records,14.0,50-58,Agriculture Research for development of small farmers: a closer look at traditions technology,C. Lightfoot,,yes,https://www.thebotswanasociety.net/botswana-notes-records,botswana-notes-records-index-recent.xlsx
Botswana Notes & Records,14.0,35-45,Implications of EEC beef for Botswana,R.G. Morgan,,no,https://www.thebotswanasociety.net/botswana-notes-records,botswana-notes-records-index-recent.xlsx
Botswana Notes & Records,14.0,80-83,Kgatleng burial societies,C. Brown,,no,https://www.thebotswanasociety.net/botswana-notes-records,botswana-notes-records-index-recent.xlsx
Botswana Notes & Records,14.0,80-83,Kgatleng Burial societies,C. Brown,,no,https://www.thebotswanasociety.net/botswana-notes-records,botswana-notes-records-index-recent.xlsx
Botswana Notes & Records,14.0,46-50,Living at the lands or the tap: a dilemma for the peasants of Botswana (Lethakeng and Tutume),J. Hesselberg,,no,https://www.thebotswanasociety.net/botswana-notes-records,botswana-notes-records-index-recent.xlsx
Botswana Notes & Records,14.0,46-50,Living at the lands or the tap: a dolemma for the peseants in Botswana (Letlhakeng & Tutume),J. Hesselberg,,no,https://www.thebotswanasociety.net/botswana-notes-records,botswana-notes-records-index-recent.xlsx
Botswana Notes & Records,14.0,59-68,Rural labour withdrawl (Sefhare),C. van der Wees,,no,https://www.thebotswanasociety.net/botswana-notes-records,botswana-notes-records-index-recent.xlsx
Botswana Notes & Records,14.0,30-34,Second thoughts on the history of Botswana arable agricluture,E. Roe,,yes,https://www.thebotswanasociety.net/botswana-notes-records,botswana-notes-records-index-recent.xlsx
Botswana Notes & Records,14.0,30-34,Second thoughts on the history of Botswsan arable Agriculture,E. Roe,,yes,https://www.thebotswanasociety.net/botswana-notes-records,botswana-notes-records-index-recent.xlsx
Botswana Notes & Records,14.0,85-86,The economics of self-help sanitation in rural Botswana,R. Parker,,no,https://www.thebotswanasociety.net/botswana-notes-records,botswana-notes-records-index-recent.xlsx
Botswana Notes & Records,14.0,35-45,The evolution of agriculture co-operatives and government ploicy in Botwana,R.G. Morgan,,yes,https://www.thebotswanasociety.net/botswana-notes-records,botswana-notes-records-index-recent.xlsx
Botswana Notes & Records,14.0,35-45,The evolution of agriculture co-operatives and government policy in Botswana,R.G Morgan,,yes,https://www.thebotswanasociety.net/botswana-notes-records,botswana-notes-records-index-recent.xlsx
Botswana Notes & Records,14.0,35-45,The evolution of agriculture co-operatives and government policy in Botswana,R.G. Morgan,,yes,https://www.thebotswanasociety.net/botswana-notes-records,botswana-notes-records-index-recent.xlsx
Botswana Notes & Records,14.0,69-73,The impact of absenteeism on crop production and standard of living in two villages in Botswana ( Tutume & Lethakeng),J. Hesselberg & G. Wikan,,no,https://www.thebotswanasociety.net/botswana-notes-records,botswana-notes-records-index-recent.xlsx
Botswana Notes & Records,14.0,69-73,The impact of absenteeism on crop production and standard of living in two villages in Botswana ( Tutume & Letlhakeng),J. Hesselberg,,no,https://www.thebotswanasociety.net/botswana-notes-records,botswana-notes-records-index-recent.xlsx
Botswana Notes & Records,14.0,69-73,The impact of absenteeism on crop production and standard of living in two villages in Botswana (Tutume & Lethakeng),J.Hesselberg & G. Wikan,,no,https://www.thebotswanasociety.net/botswana-notes-records,botswana-notes-records-index-recent.xlsx
Botswana Notes & Records,14.0,69-73,The impact of absenteeism on crop production and standard of living in two villages in Botswana (Tutume & Letlhakeng),"C. van der Wees, J. Hesselberg & G. Wikan",,no,https://www.thebotswanasociety.net/botswana-notes-records,botswana-notes-records-index-recent.xlsx
Botswana Notes & Records,14.0,69-73,The impact of absenteeism on crop production and standard of living in two villages of Botswana,J. Hesselberg & G. Wikan,,no,https://www.thebotswanasociety.net/botswana-notes-records,botswana-notes-records-index-recent.xlsx
Botswana Notes & Records,14.0,43781.0,The occurrence of Microcerinae (Coleptera Curculionidae)(weevils) in Botswana,S. Louw,,no,https://www.thebotswanasociety.net/botswana-notes-records,botswana-notes-records-index-recent.xlsx
Botswana Notes & Records,14.0,26-29,What people do when crops fail: impacts of the 1979 drought in Kgatleng,J.B.Opschoor & D.L. Kgathi,1979,yes,https://www.thebotswanasociety.net/botswana-notes-records,botswana-notes-records-index-recent.xlsx
Botswana Notes & Records,14.0,26-29,What people do when crops fail: impacts of the 1979 drought in Kgatleng,J.B. Opschoor & D.L. Kgathi,1979,yes,https://www.thebotswanasociety.net/botswana-notes-records,botswana-notes-records-index-recent.xlsx
Botswana Notes & Records,14.0,frontispiece,Women and subsistance in Botswana (photograph),M. Yoffe,,no,https://www.thebotswanasociety.net/botswana-notes-records,botswana-notes-records-index-recent.xlsx
Botswana Notes & Records,15.0,49-57,"Articulation of the modes of production and the development of a labour reservoir in Southern Africa, 1885-1944: the case of Bechuanaland",N.S. Mudzingganyama,1885;1944,yes,https://www.thebotswanasociety.net/botswana-notes-records,botswana-notes-records-index-recent.xlsx
Botswana Notes & Records,15.0,49-57,"Articulation of the modes of production and the development of a labour reservoir in Southern Africa, 1885-1944: the case of Bechuanaland",N.S. Mudzinganyama,1885;1944,yes,https://www.thebotswanasociety.net/botswana-notes-records,botswana-notes-records-index-recent.xlsx
Botswana Notes & Records,15.0,43654.0,Badimo in the Tswapong hills: a traditional institution in action,J. Lesotlho,,no,https://www.thebotswanasociety.net/botswana-notes-records,botswana-notes-records-index-recent.xlsx
Botswana Notes & Records,15.0,43654.0,Badimo in the Tswapong Hills: a traditional institution in action,J. Lesotlho,,no,https://www.thebotswanasociety.net/botswana-notes-records,botswana-notes-records-index-recent.xlsx
Botswana Notes & Records,15.0,39-47,Beef cattle breeding in Botswana,"L.L Lethola, N.G. Buck & D.E. Light",,no,https://www.thebotswanasociety.net/botswana-notes-records,botswana-notes-records-index-recent.xlsx
Botswana Notes & Records,15.0,39-47,Beef cattle breeding in Botswana,"L.L. Lethola, N.G. Buck & D.E. Light",,no,https://www.thebotswanasociety.net/botswana-notes-records,botswana-notes-records-index-recent.xlsx
Botswana Notes & Records,15.0,99-101,Biological control of the aquatic weed Salvinia molesta D.D. Mitchell in Botswana using the weevils Cyrtobagous singularis and Cyrtobagous sp. Nov.,D.C.L. Procter,,no,https://www.thebotswanasociety.net/botswana-notes-records,botswana-notes-records-index-recent.xlsx
Botswana Notes & Records,15.0,99-101,Biological control of the aquatic weed Salvinia molesta D.S. Mitchell in Botswana using the weevils Cyrtobagous singularis and Cyrtobagous sp. Nov.,A.C. Campbell & R.K. Hitchcock,,no,https://www.thebotswanasociety.net/botswana-notes-records,botswana-notes-records-index-recent.xlsx
Botswana Notes & Records,15.0,108-109,Dependence and Collective Self-Reliance in Southern Africa: a case for SADCC by A. Torstensen,G. Shuttleworth,,no,https://www.thebotswanasociety.net/botswana-notes-records,botswana-notes-records-index-recent.xlsx
Botswana Notes & Records,15.0,79-84,Fluctuations in the level of Lake Ngami: the historical evidence (1849-1983),P. Shaw,1849;1983,yes,https://www.thebotswanasociety.net/botswana-notes-records,botswana-notes-records-index-recent.xlsx
Botswana Notes & Records,15.0,105-106,Further deteriation of the swamp ecosystem in the Boro-Thamalakane region,J.F. Barker,,no,https://www.thebotswanasociety.net/botswana-notes-records,botswana-notes-records-index-recent.xlsx
Botswana Notes & Records,15.0,103-104,Report of the institute of Adult education survey of handicrafts in the North East District,H. Rosser,,yes,https://www.thebotswanasociety.net/botswana-notes-records,botswana-notes-records-index-recent.xlsx
Botswana Notes & Records,15.0,103-104,Report on the Institute of adult education survey of handicrafts in north east district,H. Rosser,,yes,https://www.thebotswanasociety.net/botswana-notes-records,botswana-notes-records-index-recent.xlsx
Botswana Notes & Records,15.0,43470.0,Social and ceremonial aspects of death among the !Kung San,P. Wiessner,,no,https://www.thebotswanasociety.net/botswana-notes-records,botswana-notes-records-index-recent.xlsx
Botswana Notes & Records,15.0,43470.0,Social and ceremonial aspects of death of the !Kung San,P. Wiessner,,no,https://www.thebotswanasociety.net/botswana-notes-records,botswana-notes-records-index-recent.xlsx
Botswana Notes & Records,15.0,59-74,The Avifauna (birds) of the Lobatse area,J.R. Wilson,,no,https://www.thebotswanasociety.net/botswana-notes-records,botswana-notes-records-index-recent.xlsx
Botswana Notes & Records,15.0,75-78,The evolution of agricultural co-operatives and government policy in Botswana,E. Goodstein,,yes,https://www.thebotswanasociety.net/botswana-notes-records,botswana-notes-records-index-recent.xlsx
Botswana Notes & Records,15.0,43722.0,The family and national development in Botswana: a plea for research,T. Fako,,yes,https://www.thebotswanasociety.net/botswana-notes-records,botswana-notes-records-index-recent.xlsx
Botswana Notes & Records,15.0,75-78,The prospects for copper and copper-nickel investments in Botswana during the 1980's,E. Goodstein,1980,no,https://www.thebotswanasociety.net/botswana-notes-records,botswana-notes-records-index-recent.xlsx
Botswana Notes & Records,15.0,15-38,"The system of land tenure of the Barolong farms (Bechuanaland Protectorate): report and recommendations submitted to the B.P. administration, June 1943",I. Schapera,1943,yes,https://www.thebotswanasociety.net/botswana-notes-records,botswana-notes-records-index-recent.xlsx
Botswana Notes & Records,15.0,15-38,"The system of land tenure on the Barolong Farms (Bechuanaland Protectorate): Report and recommendation submitted to the B.P. administration, June 1943",I. Schapera,1943,yes,https://www.thebotswanasociety.net/botswana-notes-records,botswana-notes-records-index-recent.xlsx
Botswana Notes & Records,15.0,15-38,The system of land tenure on the Barolong farms (Bechuanaland Protectorate): report and recommendations submitted to the B.P. administration June 1943,I. Schapera,1943,yes,https://www.thebotswanasociety.net/botswana-notes-records,botswana-notes-records-index-recent.xlsx
Botswana Notes & Records,15.0,15-38,"The system of land tenure on the Barolong Farms (Bechuanaland Protectorate): report and recommendations submitted to the B.P. administration, June 1943",I. Schapera,1943,yes,https://www.thebotswanasociety.net/botswana-notes-records,botswana-notes-records-index-recent.xlsx
Botswana Notes & Records,15.0,85-91,"Towards a biogeography of the kalahari: PART 1, to which region does the kalahari belong?",P. Reavell,,no,https://www.thebotswanasociety.net/botswana-notes-records,botswana-notes-records-index-recent.xlsx
Botswana Notes & Records,15.0,85-91,"Towards a biogeography of the Kalahari: part 1, to which region does the Kalahari belong?",J.F. Barker,,no,https://www.thebotswanasociety.net/botswana-notes-records,botswana-notes-records-index-recent.xlsx
Botswana Notes & Records,15.0,93-98,"Towards a biogeography of the kalahari: PART 2, can the kalahari be divided?",J.F. Braker,,no,https://www.thebotswanasociety.net/botswana-notes-records,botswana-notes-records-index-recent.xlsx
Botswana Notes & Records,15.0,93-99,"Towards a biogeography of the Kalahari: part 2, can the Kalahari be divided?",J.F. Barker,,no,https://www.thebotswanasociety.net/botswana-notes-records,botswana-notes-records-index-recent.xlsx
Botswana Notes & Records,15.0,107.0,Transvaal wild Flowers by A. Fabian and G. Germishuizen,L.M. Turton,,no,https://www.thebotswanasociety.net/botswana-notes-records,botswana-notes-records-index-recent.xlsx
Botswana Notes & Records,15.0,110-111,Two poems: Ocean of Reeds & Island of Reeds,G.S. Anderson,,no,https://www.thebotswanasociety.net/botswana-notes-records,botswana-notes-records-index-recent.xlsx
Botswana Notes & Records,16.0,47-52,A chronological career summary: Chief Linchwe II Kgafela,S. Grant,,yes,https://www.thebotswanasociety.net/botswana-notes-records,botswana-notes-records-index-recent.xlsx
Botswana Notes & Records,16.0,127-130,A historical note of the outflows of the Okavango Delta system,P. Shaw,,yes,https://www.thebotswanasociety.net/botswana-notes-records,botswana-notes-records-index-recent.xlsx
Botswana Notes & Records,16.0,127-130,A historical note on the outflows of the Okavango Delta system,P. Shaw,,yes,https://www.thebotswanasociety.net/botswana-notes-records,botswana-notes-records-index-recent.xlsx
Botswana Notes & Records,16.0,45-47,"A musical tour of Botswana, 1982",J. Brearley,1982,no,https://www.thebotswanasociety.net/botswana-notes-records,botswana-notes-records-index-recent.xlsx
Botswana Notes & Records,16.0,147-149,A selected bibliography of material published about Botswana in 1982,K.L. Jones,1982,no,https://www.thebotswanasociety.net/botswana-notes-records,botswana-notes-records-index-recent.xlsx
Botswana Notes & Records,16.0,85-96,Administrative reorganisation - a substitute for policy? The district administration and local government in the Bechuanaland Protectorate 1949-1966,L.A. Picard,1949;1966,yes,https://www.thebotswanasociety.net/botswana-notes-records,botswana-notes-records-index-recent.xlsx
Botswana Notes & Records,16.0,85-96,"Administrative reorganization - a substitute for policy? The district administration and local government in the Bechuanaland Protectorate, 1949-1966",L.A. Picard,1949;1966,yes,https://www.thebotswanasociety.net/botswana-notes-records,botswana-notes-records-index-recent.xlsx
Botswana Notes & Records,16.0,139-143,"Age and size categories of lion prey Chobe National Park, Botswana",C.J. McBride,,no,https://www.thebotswanasociety.net/botswana-notes-records,botswana-notes-records-index-recent.xlsx
Botswana Notes & Records,16.0,Back pouch,Bechuanaland Protectorate (1935) 1:1 250 000 Map (1984 reprint),,1935;1984,yes,https://www.thebotswanasociety.net/botswana-notes-records,botswana-notes-records-index-recent.xlsx
Botswana Notes & Records,16.0,145.0,Corchorus psammamhilus Codd (Tiliaceae): a new record,R.J. Rayner & I.J. McKay,,no,https://www.thebotswanasociety.net/botswana-notes-records,botswana-notes-records-index-recent.xlsx
Botswana Notes & Records,16.0,65-75,Evaluation of the role of the Presidential Commision on Localisation and training in implementing the policy of localisation in Botswana,J.C.N. Menta,,no,https://www.thebotswanasociety.net/botswana-notes-records,botswana-notes-records-index-recent.xlsx
Botswana Notes & Records,16.0,146.0,Extension of the range of the weevil Cyrtobagous singularis hustache (Curculionidea: Coleoptera) in northern Botswana,D.L.C. Procter,,no,https://www.thebotswanasociety.net/botswana-notes-records,botswana-notes-records-index-recent.xlsx
Botswana Notes & Records,16.0,131-137,Feeding and movement patterns of the Okavango sitatunga,I. Games,,no,https://www.thebotswanasociety.net/botswana-notes-records,botswana-notes-records-index-recent.xlsx
Botswana Notes & Records,16.0,107-116,Mapping the Kalahari desert,J.A. Raffle,,no,https://www.thebotswanasociety.net/botswana-notes-records,botswana-notes-records-index-recent.xlsx
Botswana Notes & Records,16.0,53-64,Report on the judical enquiry re Seretse Khama of the Bamangwato tribe,W. Harragin,,no,https://www.thebotswanasociety.net/botswana-notes-records,botswana-notes-records-index-recent.xlsx
Botswana Notes & Records,16.0,19-35,Study of the linguistic and ethno-history of of the Khoe-speaking (central Khoisan) peoples of Botwana: research in progress,R. Vossen,,yes,https://www.thebotswanasociety.net/botswana-notes-records,botswana-notes-records-index-recent.xlsx
Botswana Notes & Records,16.0,19-35,Study the linguistic and ethno-history of the Khoe-speaking (Central Kwiosan) peoples of Botswana: research in progress,R. Vossen,,yes,https://www.thebotswanasociety.net/botswana-notes-records,botswana-notes-records-index-recent.xlsx
Botswana Notes & Records,16.0,19-35,Study the linguistics and ethno-history of the Khoe-speaking (Central Khoesan) peoples of Botswana: research in progress,R. Vossen,,yes,https://www.thebotswanasociety.net/botswana-notes-records,botswana-notes-records-index-recent.xlsx
Botswana Notes & Records,16.0,19-35,Studying the Linguistic and ethno-history of the Khoe-speaking (central Khoisan) peoples of Botswana: research in progress,R. Vossen,,yes,https://www.thebotswanasociety.net/botswana-notes-records,botswana-notes-records-index-recent.xlsx
Botswana Notes & Records,16.0,117-125,The climate of Botswana in Histograms,J Andringa,,no,https://www.thebotswanasociety.net/botswana-notes-records,botswana-notes-records-index-recent.xlsx
Botswana Notes & Records,16.0,37-43,The demonstrative: a comparative survey,N. Mothibatsel,,no,https://www.thebotswanasociety.net/botswana-notes-records,botswana-notes-records-index-recent.xlsx
Botswana Notes & Records,16.0,73-84,The development of transport infrastructure in the Bechuanaland Protectorate 1885-1966,B.N. Ngwenya,1885;1966,yes,https://www.thebotswanasociety.net/botswana-notes-records,botswana-notes-records-index-recent.xlsx
Botswana Notes & Records,16.0,73-84,The development of transport structure in the Bechuanaland Protectorate 1885-1966,B.N. Ngwenya,1885;1966,yes,https://www.thebotswanasociety.net/botswana-notes-records,botswana-notes-records-index-recent.xlsx
Botswana Notes & Records,16.0,67-71,"The impact of the Second World War on the development of peasant agriculture in Botswana, 1939 - 1956",H.H.K. Bhila,1939;1956,yes,https://www.thebotswanasociety.net/botswana-notes-records,botswana-notes-records-index-recent.xlsx
Botswana Notes & Records,16.0,63-71,"The impact of the Second World War on the development of peasant agriculture in Botswana, 1939 - 1956",H.H.K. Bhila,1939;1956,yes,https://www.thebotswanasociety.net/botswana-notes-records,botswana-notes-records-index-recent.xlsx
Botswana Notes & Records,16.0,63-71,The impact of the second world war on the development of the peasant agriculture in Botswana,H.H.K. Bhila,,yes,https://www.thebotswanasociety.net/botswana-notes-records,botswana-notes-records-index-recent.xlsx
Botswana Notes & Records,16.0,150-153,The reasults of a survey conducted in connection with the study of lightning in Botswana,K.R.S. Devan & D. Yeboah-Amankwah,,no,https://www.thebotswanasociety.net/botswana-notes-records,botswana-notes-records-index-recent.xlsx
Botswana Notes & Records,16.0,150-153,The results of a survey conducted in connection with the study of lightning in Botswana,K.R.S. Devan & D. Yeboah-Armankwah,,no,https://www.thebotswanasociety.net/botswana-notes-records,botswana-notes-records-index-recent.xlsx
Botswana Notes & Records,16.0,150-153,The results of the survey conducted in connection with the study of lightning in Botswana,K.R.S. Devan & D. Yeboah-Amankwah,,no,https://www.thebotswanasociety.net/botswana-notes-records,botswana-notes-records-index-recent.xlsx
Botswana Notes & Records,16.0,43663.0,The revival of bogwera in the Kgatleng--Tswana culture or rampant tribalism? A description of the 1982 bogwera,S. Grant,1982,no,https://www.thebotswanasociety.net/botswana-notes-records,botswana-notes-records-index-recent.xlsx
Botswana Notes & Records,16.0,43663.0,The revival of bogwera in the Kgatleng-Tswana culture or rampant tribalism? A description of the 1982 bogwera,S. Grant,1982,no,https://www.thebotswanasociety.net/botswana-notes-records,botswana-notes-records-index-recent.xlsx
Botswana Notes & Records,16.0,43471.0,"Toteng, a Late Stone Age site along the Nchabe river, Ngamiland",L.H. Robbins,,no,https://www.thebotswanasociety.net/botswana-notes-records,botswana-notes-records-index-recent.xlsx
Botswana Notes & Records,16.0,97.0,"Variability in the properties of ting, a maize meal fermented product",S. Mpuchane,,no,https://www.thebotswanasociety.net/botswana-notes-records,botswana-notes-records-index-recent.xlsx
Botswana Notes & Records,16.0,97-106,"Variability in the properties of ting, a maize meal fermented product",S. Mpuchane,,no,https://www.thebotswanasociety.net/botswana-notes-records,botswana-notes-records-index-recent.xlsx
Botswana Notes & Records,17.0,47-52,A chronological career summary: Chief Linchwe II Kgafela,S. Grant,,yes,https://www.thebotswanasociety.net/botswana-notes-records,botswana-notes-records-index-recent.xlsx
Botswana Notes & Records,17.0,192-193,A note to the editor (household survey),D. Hudson,,no,https://www.thebotswanasociety.net/botswana-notes-records,botswana-notes-records-index-recent.xlsx
Botswana Notes & Records,17.0,183-186,A select bibliography of material for 1983,K.L. Jones,1983,no,https://www.thebotswanasociety.net/botswana-notes-records,botswana-notes-records-index-recent.xlsx
Botswana Notes & Records,17.0,131-139,"A survey of the spider fauna of Botswana project report, June 1984",V. Eagle,1984,no,https://www.thebotswanasociety.net/botswana-notes-records,botswana-notes-records-index-recent.xlsx
Botswana Notes & Records,17.0,149-162,Anthidae (coleoptera Hetesoma) collected in Botswana 1982-83,J.C. van Hille,1982,no,https://www.thebotswanasociety.net/botswana-notes-records,botswana-notes-records-index-recent.xlsx
Botswana Notes & Records,17.0,175-178,Conversations with Tommy Kays from Maun,E.N. Wilmsen,,no,https://www.thebotswanasociety.net/botswana-notes-records,botswana-notes-records-index-recent.xlsx
Botswana Notes & Records,17.0,175-178,Conversations with Tommy Kays of Maun,E.N. Wilmsen,,no,https://www.thebotswanasociety.net/botswana-notes-records,botswana-notes-records-index-recent.xlsx
Botswana Notes & Records,17.0,175-178,Converstations with Tommy Kays of Maun,E.N. Wilmsen,,no,https://www.thebotswanasociety.net/botswana-notes-records,botswana-notes-records-index-recent.xlsx
Botswana Notes & Records,17.0,99-110,Current methods of collecting fertility and mortality data in Botswana,D. Nordstrom,,no,https://www.thebotswanasociety.net/botswana-notes-records,botswana-notes-records-index-recent.xlsx
Botswana Notes & Records,17.0,99-110,Current methods of collecting fertilty and morality data in Botswana,D. Nordstrom,,no,https://www.thebotswanasociety.net/botswana-notes-records,botswana-notes-records-index-recent.xlsx
Botswana Notes & Records,17.0,33-36,Death beliefs and burial customs of Hambukushu of Ngamiland,T.J. Larson,,no,https://www.thebotswanasociety.net/botswana-notes-records,botswana-notes-records-index-recent.xlsx
Botswana Notes & Records,17.0,33-36,Death beliefs and burial customs of the Hambukushu of Ngamiland,T.J. Larson,,no,https://www.thebotswanasociety.net/botswana-notes-records,botswana-notes-records-index-recent.xlsx
Botswana Notes & Records,17.0,33-36,Death beliefs and burial customs of the Humbukushu of Ngamiland,T.J. Larson,,no,https://www.thebotswanasociety.net/botswana-notes-records,botswana-notes-records-index-recent.xlsx
Botswana Notes & Records,17.0,103-111,Emotion experiences and their appraisal: A Botswana study,C. Westenholz-Bless,,no,https://www.thebotswanasociety.net/botswana-notes-records,botswana-notes-records-index-recent.xlsx
Botswana Notes & Records,17.0,65-75,Evalution of the role of the presidential commision on Localisation and training and implementing the policy of localization in Botswana,J.C.N. Mentz,,no,https://www.thebotswanasociety.net/botswana-notes-records,botswana-notes-records-index-recent.xlsx
Botswana Notes & Records,17.0,111-115,Girls and science in Botswana,A. Clegg & W. Duncan,,no,https://www.thebotswanasociety.net/botswana-notes-records,botswana-notes-records-index-recent.xlsx
Botswana Notes & Records,17.0,187-191,Memoirs of Samuel Blackbeard,,,no,https://www.thebotswanasociety.net/botswana-notes-records,botswana-notes-records-index-recent.xlsx
Botswana Notes & Records,17.0,179-180,Ranching in the Tuli Block,I. Mazonde,,no,https://www.thebotswanasociety.net/botswana-notes-records,botswana-notes-records-index-recent.xlsx
Botswana Notes & Records,17.0,53-64,Report of the judical enquiry re Seretse Khama of the Bamangwato tribe (1949),W. Harragin,1949,no,https://www.thebotswanasociety.net/botswana-notes-records,botswana-notes-records-index-recent.xlsx
Botswana Notes & Records,17.0,163-174,"Seasonal and daily variations in activity of ant like flower beetles (Anthicidae) collected in Serowe, Botswana 1982-83",P. Forschammer,1982,no,https://www.thebotswanasociety.net/botswana-notes-records,botswana-notes-records-index-recent.xlsx
Botswana Notes & Records,17.0,25-32,Serfdom (Bolata) in the Nata area,M.N. Gadibolae,,no,https://www.thebotswanasociety.net/botswana-notes-records,botswana-notes-records-index-recent.xlsx
Botswana Notes & Records,17.0,117-129,Some Setswana names of woody plants,J. Woollard,,no,https://www.thebotswanasociety.net/botswana-notes-records,botswana-notes-records-index-recent.xlsx
Botswana Notes & Records,17.0,117-129,Some Setswana names of woody plants,A.C. Campbell & R.K. Hitchcock,,no,https://www.thebotswanasociety.net/botswana-notes-records,botswana-notes-records-index-recent.xlsx
Botswana Notes & Records,17.0,181-182,The age of the Gaborone rapakivi granite complex,S.W. Morel,,no,https://www.thebotswanasociety.net/botswana-notes-records,botswana-notes-records-index-recent.xlsx
Botswana Notes & Records,17.0,141-148,The distribution of Acridiodea (grasshoppers) in relation to overgrazing,J.F. Barker,,no,https://www.thebotswanasociety.net/botswana-notes-records,botswana-notes-records-index-recent.xlsx
Botswana Notes & Records,17.0,141-148,The distribution of Aeridoidea (grass-hoppers) in relation to overgrazing,J. Rashford,,no,https://www.thebotswanasociety.net/botswana-notes-records,botswana-notes-records-index-recent.xlsx
Botswana Notes & Records,17.0,77-88,The internal conflict of laws in Botswana,A.J.G.M. Saunders,,no,https://www.thebotswanasociety.net/botswana-notes-records,botswana-notes-records-index-recent.xlsx
Botswana Notes & Records,17.0,43479.0,The Manyana rock painting site,L.H. Robbins,,no,https://www.thebotswanasociety.net/botswana-notes-records,botswana-notes-records-index-recent.xlsx
Botswana Notes & Records,17.0,89-98,The migration element in the 1981 Botswana census,J.Taylor,1981,yes,https://www.thebotswanasociety.net/botswana-notes-records,botswana-notes-records-index-recent.xlsx
Botswana Notes & Records,17.0,15-23,The process of Basarwa assimilation in Botswana,J.E. Yellen,,no,https://www.thebotswanasociety.net/botswana-notes-records,botswana-notes-records-index-recent.xlsx
Botswana Notes & Records,17.0,37-45,Traditional Tswana housing,A. Larson,,no,https://www.thebotswanasociety.net/botswana-notes-records,botswana-notes-records-index-recent.xlsx
Botswana Notes & Records,18.0,15-17,A record of rock art at Maredi,A.C. Campbelll,,no,https://www.thebotswanasociety.net/botswana-notes-records,botswana-notes-records-index-recent.xlsx
Botswana Notes & Records,18.0,15-17,A record of the rock art at Maredi,A.C.Campbell,,no,https://www.thebotswanasociety.net/botswana-notes-records,botswana-notes-records-index-recent.xlsx
Botswana Notes & Records,18.0,19-31,Bakgalagadi - Bakwena relationship reconsidered,G. Mautle,,no,https://www.thebotswanasociety.net/botswana-notes-records,botswana-notes-records-index-recent.xlsx
Botswana Notes & Records,18.0,19-31,"Bakgalagadi-Bakwena relationship: a case of slavery, c. 1840-c. 1930",G. Mautle,1840;1930,no,https://www.thebotswanasociety.net/botswana-notes-records,botswana-notes-records-index-recent.xlsx
Botswana Notes & Records,18.0,115-121,Clear skies and cloudy days in Botswana,J. Andringa,,no,https://www.thebotswanasociety.net/botswana-notes-records,botswana-notes-records-index-recent.xlsx
Botswana Notes & Records,18.0,107-113,Drinking water for Nata - an alternative strategy,H. Friederich & J. Gould,,yes,https://www.thebotswanasociety.net/botswana-notes-records,botswana-notes-records-index-recent.xlsx
Botswana Notes & Records,18.0,107-113,Drinking water for Nata- an alternative strategy,H. Frederich & J. Gould,,yes,https://www.thebotswanasociety.net/botswana-notes-records,botswana-notes-records-index-recent.xlsx
Botswana Notes & Records,18.0,71-90,First step in Setswana herpetology,R. Averbach,,no,https://www.thebotswanasociety.net/botswana-notes-records,botswana-notes-records-index-recent.xlsx
Botswana Notes & Records,18.0,133-137,Land shortage: the need for comprehensive land use planning,J. Arntzen,,yes,https://www.thebotswanasociety.net/botswana-notes-records,botswana-notes-records-index-recent.xlsx
Botswana Notes & Records,18.0,43478.0,Recent archaeological research in Southeastern Botswana,L.H. Robbins,,no,https://www.thebotswanasociety.net/botswana-notes-records,botswana-notes-records-index-recent.xlsx
Botswana Notes & Records,18.0,91-105,Sandveld agriculture in Botswana,R.K. Hitchcock,,yes,https://www.thebotswanasociety.net/botswana-notes-records,botswana-notes-records-index-recent.xlsx
Botswana Notes & Records,18.0,91-105,Sanveld agriculture in Botswana,R.K. Hitchcock,,yes,https://www.thebotswanasociety.net/botswana-notes-records,botswana-notes-records-index-recent.xlsx
Botswana Notes & Records,18.0,123-131,Shopping centres and shopping behaviour in Gaborone,R.M.K. Silitshena & T.D. Gwebu,,no,https://www.thebotswanasociety.net/botswana-notes-records,botswana-notes-records-index-recent.xlsx
Botswana Notes & Records,18.0,123-131,Shopping Centres and shopping behaviour in Gaborone: survey results,R.M.K. Silitshena,,no,https://www.thebotswanasociety.net/botswana-notes-records,botswana-notes-records-index-recent.xlsx
Botswana Notes & Records,18.0,33-37,Some aspects of Tswana cosmology,A. Clegg,,no,https://www.thebotswanasociety.net/botswana-notes-records,botswana-notes-records-index-recent.xlsx
Botswana Notes & Records,18.0,63-70,"Some geographical feasures of the Central Mokgware Hills, Central District, Botswana",B.W. Vink,,no,https://www.thebotswanasociety.net/botswana-notes-records,botswana-notes-records-index-recent.xlsx
Botswana Notes & Records,18.0,139-141,The active chemical components of Basarwa arrow-poison,S. Ringrose,,no,https://www.thebotswanasociety.net/botswana-notes-records,botswana-notes-records-index-recent.xlsx
Botswana Notes & Records,18.0,139-141,The active chemical components of the Basarwa arrow-poison,J. Wollard,,no,https://www.thebotswanasociety.net/botswana-notes-records,botswana-notes-records-index-recent.xlsx
Botswana Notes & Records,18.0,39-47,The ethno-medicine of the Hambukushu in 1950,T.J. Larson,1950,no,https://www.thebotswanasociety.net/botswana-notes-records,botswana-notes-records-index-recent.xlsx
Botswana Notes & Records,18.0,39-47,The ethno-medicine of the Hambukushu in 1950,T.L. Larson,1950,no,https://www.thebotswanasociety.net/botswana-notes-records,botswana-notes-records-index-recent.xlsx
Botswana Notes & Records,18.0,55-61,The treasure chest of the Orapa diamond mine (fossil remains),P. Vujarovic,,yes,https://www.thebotswanasociety.net/botswana-notes-records,botswana-notes-records-index-recent.xlsx
Botswana Notes & Records,18.0,55-61,The treasure chest of the Orapa diamond mine (fossil remains),R.J. Rayner & I.J. McKay,,yes,https://www.thebotswanasociety.net/botswana-notes-records,botswana-notes-records-index-recent.xlsx
Botswana Notes & Records,19.0,173-174,A note of livestock marketing problems of small holders in Botswana,M. Crowder,,yes,https://www.thebotswanasociety.net/botswana-notes-records,botswana-notes-records-index-recent.xlsx
Botswana Notes & Records,19.0,175.0,A profile of environmental and development in Botswana (Note),J. Arntzen,,yes,https://www.thebotswanasociety.net/botswana-notes-records,botswana-notes-records-index-recent.xlsx
Botswana Notes & Records,19.0,41-43,"A record of stone axes near Tswaane borehole, Ghanzi District",D. Aldiss,,no,https://www.thebotswanasociety.net/botswana-notes-records,botswana-notes-records-index-recent.xlsx
Botswana Notes & Records,19.0,91-95,Analysis of fish catches during the 1985 Chobe fishing competition,G.S.N. Merron,1985,no,https://www.thebotswanasociety.net/botswana-notes-records,botswana-notes-records-index-recent.xlsx
Botswana Notes & Records,19.0,91-94,Analysis of Fish catches during the1985 Chobe fishing competition,G.S.N Merron & T. Sehemo,1985,no,https://www.thebotswanasociety.net/botswana-notes-records,botswana-notes-records-index-recent.xlsx
Botswana Notes & Records,19.0,113-128,Botswan's population trends: past and future,N. Tumkaya,,no,https://www.thebotswanasociety.net/botswana-notes-records,botswana-notes-records-index-recent.xlsx
Botswana Notes & Records,19.0,157-181,Botswana revisited,,,no,https://www.thebotswanasociety.net/botswana-notes-records,botswana-notes-records-index-recent.xlsx
Botswana Notes & Records,19.0,157-171,Botswana revisited,P. Fawcus,,no,https://www.thebotswanasociety.net/botswana-notes-records,botswana-notes-records-index-recent.xlsx
Botswana Notes & Records,19.0,137-149,Death and burial in Mochudi: a study of changing traditions,S. Grant,,no,https://www.thebotswanasociety.net/botswana-notes-records,botswana-notes-records-index-recent.xlsx
Botswana Notes & Records,19.0,43669.0,Early iron age herders in north-western Botswana: the faunal evidence,G. Turner,,no,https://www.thebotswanasociety.net/botswana-notes-records,botswana-notes-records-index-recent.xlsx
Botswana Notes & Records,19.0,43669.0,Early Iron Age herders in north-western Botswana: the faunal evidence,G. Turner,,no,https://www.thebotswanasociety.net/botswana-notes-records,botswana-notes-records-index-recent.xlsx
Botswana Notes & Records,19.0,103-111,Emotion experiences and their appraisal: A Botswana Study,C. Westenholz-Bless,,no,https://www.thebotswanasociety.net/botswana-notes-records,botswana-notes-records-index-recent.xlsx
Botswana Notes & Records,19.0,103-111,Emotion experiences and their appraisal: a Botswana study,C. Westenholz-Bless,,no,https://www.thebotswanasociety.net/botswana-notes-records,botswana-notes-records-index-recent.xlsx
Botswana Notes & Records,19.0,103-111,Emotional experiences and their appraisal: a Botswana study,C. Westenholz-Bleu,,no,https://www.thebotswanasociety.net/botswana-notes-records,botswana-notes-records-index-recent.xlsx
Botswana Notes & Records,19.0,25-40,Hunters and herders of the Okavango Delta (faunal remains),G. Turner,,no,https://www.thebotswanasociety.net/botswana-notes-records,botswana-notes-records-index-recent.xlsx
Botswana Notes & Records,19.0,25-40,"Hunters and herders of the Okvango Delta, norhtern Botswana",G. Turner,,no,https://www.thebotswanasociety.net/botswana-notes-records,botswana-notes-records-index-recent.xlsx
Botswana Notes & Records,19.0,176-178,Kalahari Conservation Society,D. Parry,,no,https://www.thebotswanasociety.net/botswana-notes-records,botswana-notes-records-index-recent.xlsx
Botswana Notes & Records,19.0,176-177,Kalahari Conservation Society,D. Parry,,no,https://www.thebotswanasociety.net/botswana-notes-records,botswana-notes-records-index-recent.xlsx
Botswana Notes & Records,19.0,176-178,Kalahari Conversations Society,L.H. Robbins and A.C. Campbell,,no,https://www.thebotswanasociety.net/botswana-notes-records,botswana-notes-records-index-recent.xlsx
Botswana Notes & Records,19.0,61-70,Khoe linguistics relationships reconsidered,R. Vossen,,no,https://www.thebotswanasociety.net/botswana-notes-records,botswana-notes-records-index-recent.xlsx
Botswana Notes & Records,19.0,69-73,"Mapping the woody component of rangeland vegetation using Landsat satelitte data, Ngamiland, Botswana",D. Parry,,no,https://www.thebotswanasociety.net/botswana-notes-records,botswana-notes-records-index-recent.xlsx
Botswana Notes & Records,19.0,83-89,Observation of the abandoned Ngoka channel of the Okavango Delta,"T.S. McCarthy, W.N. Ellery, K. Ellery & K.H. Rogers",,no,https://www.thebotswanasociety.net/botswana-notes-records,botswana-notes-records-index-recent.xlsx
Botswana Notes & Records,19.0,83-89,Observation of the abandoned Nqoka Channel of the Okavango Delta,D. Parry,,no,https://www.thebotswanasociety.net/botswana-notes-records,botswana-notes-records-index-recent.xlsx
Botswana Notes & Records,19.0,45-56,Southern Kgatleng prehistory: an archaeoligical reconnaissance survey,A. Segobye,,no,https://www.thebotswanasociety.net/botswana-notes-records,botswana-notes-records-index-recent.xlsx
Botswana Notes & Records,19.0,151-155,The anatomy of a Ngamiland basket,M.E. Terry,,no,https://www.thebotswanasociety.net/botswana-notes-records,botswana-notes-records-index-recent.xlsx
Botswana Notes & Records,19.0,151-155,The anatomy of a Ngamiland Basket,E. Terry,,no,https://www.thebotswanasociety.net/botswana-notes-records,botswana-notes-records-index-recent.xlsx
Botswana Notes & Records,19.0,57.0,The baobab tree and seasonal hunger in Africa: the case of the San,J. Rashford,,no,https://www.thebotswanasociety.net/botswana-notes-records,botswana-notes-records-index-recent.xlsx
Botswana Notes & Records,19.0,57-68,The Boabab tree and seasonal hunger in Africa,"T.S. McCarthy, W.N. Ellery, K. Errery & K.H. Rogers",,no,https://www.thebotswanasociety.net/botswana-notes-records,botswana-notes-records-index-recent.xlsx
Botswana Notes & Records,19.0,57-68,The boabab tree and seasonal hunger in Africa: a case of the San,J. Rashford,,no,https://www.thebotswanasociety.net/botswana-notes-records,botswana-notes-records-index-recent.xlsx
Botswana Notes & Records,19.0,75-82,The development of a land use/ land cover classification system and an application of its usage in Botswana,S. Ringrose,,yes,https://www.thebotswanasociety.net/botswana-notes-records,botswana-notes-records-index-recent.xlsx
Botswana Notes & Records,19.0,75-82,The development of land use/land cover classification syatem and an application of its usage in Botswana,D.L. Kgathi,,yes,https://www.thebotswanasociety.net/botswana-notes-records,botswana-notes-records-index-recent.xlsx
Botswana Notes & Records,19.0,129-135,The mosaic of Botswana maintenance law,A. Molokomme,,yes,https://www.thebotswanasociety.net/botswana-notes-records,botswana-notes-records-index-recent.xlsx
Botswana Notes & Records,19.0,129-135,The mosiac of Botswana maintenance law,A. Mokokomme,,yes,https://www.thebotswanasociety.net/botswana-notes-records,botswana-notes-records-index-recent.xlsx
Botswana Notes & Records,19.0,43471.0,"The Terminal Pleitocene assemblage from Drotsky's Cave, Western Ngamiland, Botswana",J.E. Yellen & A. Brooks,,no,https://www.thebotswanasociety.net/botswana-notes-records,botswana-notes-records-index-recent.xlsx
Botswana Notes & Records,19.0,95-101,"Wildebeest (Connochaetes taurinus) mortalities at Lake Xau, Botswana",D. Parry,,no,https://www.thebotswanasociety.net/botswana-notes-records,botswana-notes-records-index-recent.xlsx
Botswana Notes & Records,20.0,135-141,Adult literacy rate in Botswana,U. Kann & D.C. Taylor,,no,https://www.thebotswanasociety.net/botswana-notes-records,botswana-notes-records-index-recent.xlsx
Botswana Notes & Records,20.0,29-39,Antecedents of contemporary pastoralism in western Ngamiland,E. Wilmsen,,no,https://www.thebotswanasociety.net/botswana-notes-records,botswana-notes-records-index-recent.xlsx
Botswana Notes & Records,20.0,29-39,Antecedents of contemporary pastoralism in western Ngamiland,E.N. Wilmsen,,no,https://www.thebotswanasociety.net/botswana-notes-records,botswana-notes-records-index-recent.xlsx
Botswana Notes & Records,20.0,125-133,"Botswana's labour dynamics: The influence of entries, exits and deaths on manpower site and composition",N. Tumkaya,,no,https://www.thebotswanasociety.net/botswana-notes-records,botswana-notes-records-index-recent.xlsx
Botswana Notes & Records,20.0,125-133,"Botswana's labour dynamics: The influence of entries, exits and deaths on manpower size and composition",N. Tumkaya,,no,https://www.thebotswanasociety.net/botswana-notes-records,botswana-notes-records-index-recent.xlsx
Botswana Notes & Records,20.0,71-76,"Frantz and Klikko, the wild dancing Bushmen: A case study in Khoisan stereotyping",Q.N. Parsons,,no,https://www.thebotswanasociety.net/botswana-notes-records,botswana-notes-records-index-recent.xlsx
Botswana Notes & Records,20.0,71-76,"Frantz and Klikko, the wild dancing Bushmen: a case study in Khoisan stereotyping",Q.N. Parsons,,no,https://www.thebotswanasociety.net/botswana-notes-records,botswana-notes-records-index-recent.xlsx
Botswana Notes & Records,20.0,71-74,"Frantz, or Klikko, the wild dancing bushmen: a case study in Khoisan stereotyping",Q.N. Parsons,,no,https://www.thebotswanasociety.net/botswana-notes-records,botswana-notes-records-index-recent.xlsx
Botswana Notes & Records,20.0,41-70,Khoe linguistic relationship reconsidered,R. Vossen,,no,https://www.thebotswanasociety.net/botswana-notes-records,botswana-notes-records-index-recent.xlsx
Botswana Notes & Records,20.0,61-70,Khoe linguistic relationships reconsidered,R. Vossen,,no,https://www.thebotswanasociety.net/botswana-notes-records,botswana-notes-records-index-recent.xlsx
Botswana Notes & Records,20.0,77-90,Music and musicians of the Kalahari,J. Brearley,,no,https://www.thebotswanasociety.net/botswana-notes-records,botswana-notes-records-index-recent.xlsx
Botswana Notes & Records,20.0,149-150,Research and development in Botswana's Remote areas: a research note,R.K. Hitchcock,,yes,https://www.thebotswanasociety.net/botswana-notes-records,botswana-notes-records-index-recent.xlsx
Botswana Notes & Records,20.0,146-150,Research and development in Botswana's remote areas: A research note,R.K. Hitchcock,,yes,https://www.thebotswanasociety.net/botswana-notes-records,botswana-notes-records-index-recent.xlsx
Botswana Notes & Records,20.0,144-150,Research and development in Botwana's remote areas: a research note,R.K. Hitchcock,,yes,https://www.thebotswanasociety.net/botswana-notes-records,botswana-notes-records-index-recent.xlsx
Botswana Notes & Records,20.0,155-159,Some effects of the 1981-87 drought on woody plants in Botswana,S. Mpuchane and L. Zinzombe,1981,yes,https://www.thebotswanasociety.net/botswana-notes-records,botswana-notes-records-index-recent.xlsx
Botswana Notes & Records,20.0,91-94,Some notes on the colonial era history of the central Kalahari Game Reserve region,J. Ramsay,,yes,https://www.thebotswanasociety.net/botswana-notes-records,botswana-notes-records-index-recent.xlsx
Botswana Notes & Records,20.0,91-94,Some notes on the colonial era: history of the central Kalahari Game Reserve Region,J. Ramsay,,yes,https://www.thebotswanasociety.net/botswana-notes-records,botswana-notes-records-index-recent.xlsx
Botswana Notes & Records,20.0,91-94,Some notes on the colonial history of the central Kalahari Game Reserve region,J. Ramsay,,yes,https://www.thebotswanasociety.net/botswana-notes-records,botswana-notes-records-index-recent.xlsx
Botswana Notes & Records,20.0,95-99,The Bessie Head papers: some preliminary comments,G.S. Eilersen,,no,https://www.thebotswanasociety.net/botswana-notes-records,botswana-notes-records-index-recent.xlsx
Botswana Notes & Records,20.0,43468.0,"The Depression rock shelter site, Tsodilo Hills",L.H. Robbins & A.C. Campbell,,no,https://www.thebotswanasociety.net/botswana-notes-records,botswana-notes-records-index-recent.xlsx
Botswana Notes & Records,20.0,109-117,The Earth's magnetic field in Botswana,N.J. Skinner,,no,https://www.thebotswanasociety.net/botswana-notes-records,botswana-notes-records-index-recent.xlsx
Botswana Notes & Records,20.0,119-124,The grapple trade in Botswana,D.L. Kgathi,,no,https://www.thebotswanasociety.net/botswana-notes-records,botswana-notes-records-index-recent.xlsx
Botswana Notes & Records,20.0,119-124,The grapple trade in Botswana,S.C. Child and P.A. Shaw,,no,https://www.thebotswanasociety.net/botswana-notes-records,botswana-notes-records-index-recent.xlsx
Botswana Notes & Records,20.0,119-124,The grapple trade in Botswana,,,no,https://www.thebotswanasociety.net/botswana-notes-records,botswana-notes-records-index-recent.xlsx
Botswana Notes & Records,20.0,43612.0,"The late stone age Archaeology of the ! Kangwa and /Xai/Xai valleys, Ngamiland",Y.E.Yellen & A.E. Brooks,,no,https://www.thebotswanasociety.net/botswana-notes-records,botswana-notes-records-index-recent.xlsx
Botswana Notes & Records,20.0,41-50,The middle stone age of Kudiakam Pan,L.H. Robbins,,no,https://www.thebotswanasociety.net/botswana-notes-records,botswana-notes-records-index-recent.xlsx
Botswana Notes & Records,20.0,101-107,The new groundwater resources map for the Republic of Botswana at scale 1:1 000 000,M. von Hoyer & W. Struckmeier,,no,https://www.thebotswanasociety.net/botswana-notes-records,botswana-notes-records-index-recent.xlsx
Botswana Notes & Records,20.0,151-153,"The nutritive value of ""mophane bread"" - mophane insect secretion (Maphote or moaboti)",M.B.M. Sekhwela,,no,https://www.thebotswanasociety.net/botswana-notes-records,botswana-notes-records-index-recent.xlsx
Botswana Notes & Records,20.0,151-153,The nutritive value of 'Mophane bread' - mophane insect secretion (Maphote or moaboti),M.B.M. Sekhwela,,no,https://www.thebotswanasociety.net/botswana-notes-records,botswana-notes-records-index-recent.xlsx
Botswana Notes & Records,20.0,51-59,The regent of Bangwato's market gardens: Chadibe and Moeng 1936-41,M. Crowder,1936,no,https://www.thebotswanasociety.net/botswana-notes-records,botswana-notes-records-index-recent.xlsx
Botswana Notes & Records,20.0,51-59,The Regent of Bangwato's market gardens: Chadible and Moeng 1936-41,M. Crowder,1936,no,https://www.thebotswanasociety.net/botswana-notes-records,botswana-notes-records-index-recent.xlsx
Botswana Notes & Records,20.0,143-146,Traditional mathematics in Botswana,H. Lea,,no,https://www.thebotswanasociety.net/botswana-notes-records,botswana-notes-records-index-recent.xlsx
Botswana Notes & Records,20.0,143-146,Traditional Mathementics in Botswana,H. Lea,,no,https://www.thebotswanasociety.net/botswana-notes-records,botswana-notes-records-index-recent.xlsx
Botswana Notes & Records,21.0,135-151,"A check-list of the fishes of the Kwando River, Selinda (Magwegqana) Spillway, Lake Liambezi and Chobe River systems with notes on their biology and distribution",G.S. Merron,,no,https://www.thebotswanasociety.net/botswana-notes-records,botswana-notes-records-index-recent.xlsx
Botswana Notes & Records,21.0,153-155,A note on George Cop Westbeech (1844-1888),P. Shaw & Q.N. Parsons,1844;1888,no,https://www.thebotswanasociety.net/botswana-notes-records,botswana-notes-records-index-recent.xlsx
Botswana Notes & Records,21.0,156-158,A note on three unpublished manuscripts in the Kuruman mission,J. Parrat & S. Parrat,,no,https://www.thebotswanasociety.net/botswana-notes-records,botswana-notes-records-index-recent.xlsx
Botswana Notes & Records,21.0,73-92,Aspects of Swamp hydrology in the Okavango,J.W. Porter & I.L. Muzila,,no,https://www.thebotswanasociety.net/botswana-notes-records,botswana-notes-records-index-recent.xlsx
Botswana Notes & Records,21.0,121-133,Clan sizes of spotted hyaenas in the Savuti region of the Chobe National Park,S.M. Cooper,,no,https://www.thebotswanasociety.net/botswana-notes-records,botswana-notes-records-index-recent.xlsx
Botswana Notes & Records,21.0,61-66,"Is customary marriage a ""union""?",B. Otlhogile,,no,https://www.thebotswanasociety.net/botswana-notes-records,botswana-notes-records-index-recent.xlsx
Botswana Notes & Records,21.0,103-119,Malnutrition of under-fives in Mogobane,G.N. Shastri,,no,https://www.thebotswanasociety.net/botswana-notes-records,botswana-notes-records-index-recent.xlsx
Botswana Notes & Records,21.0,93-101,"Solar desalination in the provision of drinking water to small settlements in the Kgalagadi desert, Botswana","T. Woto, Jnr",,yes,https://www.thebotswanasociety.net/botswana-notes-records,botswana-notes-records-index-recent.xlsx
Botswana Notes & Records,21.0,23-42,The Bayeyi of Ngamiland,T.J. Larson,,no,https://www.thebotswanasociety.net/botswana-notes-records,botswana-notes-records-index-recent.xlsx
Botswana Notes & Records,21.0,38981.0,The broad diverstity of subject in the traditional songs of Botswana,E.N. Wood,,no,https://www.thebotswanasociety.net/botswana-notes-records,botswana-notes-records-index-recent.xlsx
Botswana Notes & Records,21.0,67-71,The duty to bury,B. Otlhogile,,no,https://www.thebotswanasociety.net/botswana-notes-records,botswana-notes-records-index-recent.xlsx
Botswana Notes & Records,21.0,43-60,"The history of the Herero in Mahalapye, Central District",B.B. Kebonang,,yes,https://www.thebotswanasociety.net/botswana-notes-records,botswana-notes-records-index-recent.xlsx
Botswana Notes & Records,21.0,43473.0,The Pre-Development Archaeology Programme,C. van Waarden,,yes,https://www.thebotswanasociety.net/botswana-notes-records,botswana-notes-records-index-recent.xlsx
Botswana Notes & Records,22.0,91-98,A Brief Comparison of Recent Estimates of the Total Fertilitty Rate for Botswana,Helge Brunborg,,no,https://www.thebotswanasociety.net/botswana-notes-records,botswana-notes-records-index-recent.xlsx
Botswana Notes & Records,22.0,51-55,A Floating Island in the Okavango: Some Observations made by Brain Wilson,John Cooke,,no,https://www.thebotswanasociety.net/botswana-notes-records,botswana-notes-records-index-recent.xlsx
Botswana Notes & Records,22.0,155-165,A Marriage of Inconvenience: The Persecution of Seretse and Ruth Khama by Michael Dutfield,Hazel E. Hudson,,no,https://www.thebotswanasociety.net/botswana-notes-records,botswana-notes-records-index-recent.xlsx
Botswana Notes & Records,22.0,113-131,An Organoleptic and Microbiological Evaluation of Enriched Sorghum Meal,S. Mpuchane and L. Zinzombe,,no,https://www.thebotswanasociety.net/botswana-notes-records,botswana-notes-records-index-recent.xlsx
Botswana Notes & Records,22.0,113-131,An Organoleptic and Microbiological Evaluation of Enriched Sorghum Meal,Bruce j. Hargreaves,,no,https://www.thebotswanasociety.net/botswana-notes-records,botswana-notes-records-index-recent.xlsx
Botswana Notes & Records,22.0,79-89,"Bordermanship – A Factor of Economic Differentiation among the Afrikaner and the English Settlers in the Tuli Block, Eastern Botswana",Isaac Ncube Mazonde,,no,https://www.thebotswanasociety.net/botswana-notes-records,botswana-notes-records-index-recent.xlsx
Botswana Notes & Records,22.0,99-104,Fertility in Botswana: A Distinct Perspective,Cornelis Vanderpost,,no,https://www.thebotswanasociety.net/botswana-notes-records,botswana-notes-records-index-recent.xlsx
Botswana Notes & Records,22.0,154.0,Frantz or Klikko [additional note],Neil Parsons,,no,https://www.thebotswanasociety.net/botswana-notes-records,botswana-notes-records-index-recent.xlsx
Botswana Notes & Records,22.0,166-167,"Historical Dictionary of Botswana, Fred Morton, Andrew Murray, and Jeff Ramsay (eds.)",Alex Campbell,,yes,https://www.thebotswanasociety.net/botswana-notes-records,botswana-notes-records-index-recent.xlsx
Botswana Notes & Records,22.0,37-42,"Prehistory of Mongongo Nut Exploitation in the Western Kalahari Desert, Botswana",L.H. Robbins and A.C. Campbell,,no,https://www.thebotswanasociety.net/botswana-notes-records,botswana-notes-records-index-recent.xlsx
Botswana Notes & Records,22.0,37-42,"Prehistory of Mongongo Nut Exploitation in the Western Kalahari Desert, Botswana",Paul Shaw,,no,https://www.thebotswanasociety.net/botswana-notes-records,botswana-notes-records-index-recent.xlsx
Botswana Notes & Records,22.0,43480.0,"Some Fossiliferous Plio-Pleistocene Cave Systems of Ngamiland, Botswana",Martin Pickford,,no,https://www.thebotswanasociety.net/botswana-notes-records,botswana-notes-records-index-recent.xlsx
Botswana Notes & Records,22.0,152-153,Some Observations of the 1945 Gaborone Flood,Gudrun Kausel,1945,no,https://www.thebotswanasociety.net/botswana-notes-records,botswana-notes-records-index-recent.xlsx
Botswana Notes & Records,22.0,152-153,Some Observations of the 1945 Gaborone Flood,Paul Shaw,1945,no,https://www.thebotswanasociety.net/botswana-notes-records,botswana-notes-records-index-recent.xlsx
Botswana Notes & Records,22.0,105-112,Some Reflections on the Concept of Critical Herdsize and its Relevance to Drought-Prone Botswana,E.M. Segosebe,,yes,https://www.thebotswanasociety.net/botswana-notes-records,botswana-notes-records-index-recent.xlsx
Botswana Notes & Records,22.0,133-150,Summary of the Proceedings of the Symposium on Culture in Botswana,Doreen Nteta,,no,https://www.thebotswanasociety.net/botswana-notes-records,botswana-notes-records-index-recent.xlsx
Botswana Notes & Records,22.0,17-19,The Late Stone Age Archaeology in the Xai/Xai Region: A Response to Wilmsen,John E. Yellen and Alison S. Brooks,,no,https://www.thebotswanasociety.net/botswana-notes-records,botswana-notes-records-index-recent.xlsx
Botswana Notes & Records,22.0,168.0,The Political Economy of Namibia by Tore Linne Eriksen with Richard Moorsom,Derek J. Hudson,,no,https://www.thebotswanasociety.net/botswana-notes-records,botswana-notes-records-index-recent.xlsx
Botswana Notes & Records,22.0,43-50,"The Political Significance of the Early Hermannsburg Mission in Batswana: An Assessment of its Role among Batswana, the British and the Boers",Wolfgang Proske,,no,https://www.thebotswanasociety.net/botswana-notes-records,botswana-notes-records-index-recent.xlsx
Botswana Notes & Records,22.0,21-35,The Real Bushman is the Male One: Labour and Power in the Creation of Basarwa Ethnicity,Edwin N. Wilmsen,,no,https://www.thebotswanasociety.net/botswana-notes-records,botswana-notes-records-index-recent.xlsx
Botswana Notes & Records,22.0,57-63,Water Temperatures of a Shallow Reservoir in Botswana,Jouke Andringa,,yes,https://www.thebotswanasociety.net/botswana-notes-records,botswana-notes-records-index-recent.xlsx
Botswana Notes & Records,22.0,65-77,Wildlife Management Areas of Botswana,D.C. Parry and B.M. Campbell,,no,https://www.thebotswanasociety.net/botswana-notes-records,botswana-notes-records-index-recent.xlsx
Botswana Notes & Records,23.0,276-277,A Further note of Unpublished Manuscripts of the Kuruman Mission,A.J. Butler,,no,https://www.thebotswanasociety.net/botswana-notes-records,botswana-notes-records-index-recent.xlsx
Botswana Notes & Records,23.0,276-277,A Further note on Unpublished Manuscripts on the Kuruman Mission,A.J. Butler,,no,https://www.thebotswanasociety.net/botswana-notes-records,botswana-notes-records-index-recent.xlsx
Botswana Notes & Records,23.0,288-290,A Note on Recent Archaeological Research around Gaborone,"A Campbell, G Holmberg & C van Warden",,no,https://www.thebotswanasociety.net/botswana-notes-records,botswana-notes-records-index-recent.xlsx
Botswana Notes & Records,23.0,47-67,Booms and Busts in Botswana,Derek J. Hudson,,no,https://www.thebotswanasociety.net/botswana-notes-records,botswana-notes-records-index-recent.xlsx
Botswana Notes & Records,23.0,83-99,Environmental Conservation – The Road to Survival,T.S. McCarthy,,yes,https://www.thebotswanasociety.net/botswana-notes-records,botswana-notes-records-index-recent.xlsx
Botswana Notes & Records,23.0,83-99,Environmental Conservation – The Road to Survival,John Cooke,,yes,https://www.thebotswanasociety.net/botswana-notes-records,botswana-notes-records-index-recent.xlsx
Botswana Notes & Records,23.0,298-299,Folktales from Somalia,Joslin Landell-Mills,,no,https://www.thebotswanasociety.net/botswana-notes-records,botswana-notes-records-index-recent.xlsx
Botswana Notes & Records,23.0,235-242,Game Traps: Their Importance in Southern Africa,N. Walker,,no,https://www.thebotswanasociety.net/botswana-notes-records,botswana-notes-records-index-recent.xlsx
Botswana Notes & Records,23.0,209-221,How Many Refugees Were There? History and Population Change among the Herero and Mbanderu of Botswana,Renee Pennington and Henry Harpending,,yes,https://www.thebotswanasociety.net/botswana-notes-records,botswana-notes-records-index-recent.xlsx
Botswana Notes & Records,23.0,101-105,Interview with Unity Dow,Linda Pfotenhauer,,no,https://www.thebotswanasociety.net/botswana-notes-records,botswana-notes-records-index-recent.xlsx
Botswana Notes & Records,23.0,223-233,Kuacaca: An Early Case of Ethnoarchaeology in the Northern Kalahari,Robert K. Hitchcock,,no,https://www.thebotswanasociety.net/botswana-notes-records,botswana-notes-records-index-recent.xlsx
Botswana Notes & Records,23.0,33-45,Management Team Training for Local Government: Botswana in the Vanguard,Kathy Mansfield Higgins,,yes,https://www.thebotswanasociety.net/botswana-notes-records,botswana-notes-records-index-recent.xlsx
Botswana Notes & Records,23.0,283-285,Monuments in Botswana,N. Walker,,no,https://www.thebotswanasociety.net/botswana-notes-records,botswana-notes-records-index-recent.xlsx
Botswana Notes & Records,23.0,175-191,Old Tswana and New Latin,Desmond T. Cole,,no,https://www.thebotswanasociety.net/botswana-notes-records,botswana-notes-records-index-recent.xlsx
Botswana Notes & Records,23.0,291-292,Prehistoric Horn Core from Sowa Pan,M.D.S Harrison,,no,https://www.thebotswanasociety.net/botswana-notes-records,botswana-notes-records-index-recent.xlsx
Botswana Notes & Records,23.0,278-282,Socioeconomic Development among Remote Area Dwellers: A Note,Robert K Hitchcock,,yes,https://www.thebotswanasociety.net/botswana-notes-records,botswana-notes-records-index-recent.xlsx
Botswana Notes & Records,23.0,251-274,Stone Age People of Makalamabedi Drift,Catrien van Warden,,no,https://www.thebotswanasociety.net/botswana-notes-records,botswana-notes-records-index-recent.xlsx
Botswana Notes & Records,23.0,159-174,Study of Heavy Metal Tolerant Flora in Botswana,"Susan Ringrose, Wilma Matheson, and Faith Tempest",,no,https://www.thebotswanasociety.net/botswana-notes-records,botswana-notes-records-index-recent.xlsx
Botswana Notes & Records,23.0,297.0,Symposium on Tourism in Botswana,Linda Pfotenhauer,,no,https://www.thebotswanasociety.net/botswana-notes-records,botswana-notes-records-index-recent.xlsx
Botswana Notes & Records,23.0,193-207,The Batswana-Boer War of 1852-53: How the Botswana Achieved Victory,Jeff Ramsay,1852,yes,https://www.thebotswanasociety.net/botswana-notes-records,botswana-notes-records-index-recent.xlsx
Botswana Notes & Records,23.0,286-287,The Contemporary Art of the Nharo San: National Museum and Art Gallery Exhibit 2 July – 21 July 1991,Steve Williams,1991,yes,https://www.thebotswanasociety.net/botswana-notes-records,botswana-notes-records-index-recent.xlsx
Botswana Notes & Records,23.0,43475.0,The Culture of the Workplace in Botswana,Richard H. Pfau,,no,https://www.thebotswanasociety.net/botswana-notes-records,botswana-notes-records-index-recent.xlsx
Botswana Notes & Records,23.0,69-81,The Development of Botswana's National Library Service,Sue Coker Brothers,,yes,https://www.thebotswanasociety.net/botswana-notes-records,botswana-notes-records-index-recent.xlsx
Botswana Notes & Records,23.0,11-32,The Influences of Entrepreneurs on Rural Town Development in Botswana,Elvyn Jones-Dube,,yes,https://www.thebotswanasociety.net/botswana-notes-records,botswana-notes-records-index-recent.xlsx
Botswana Notes & Records,23.0,296.0,The Okavango Research Centre,"S Mpuchane, H K Taligoola, B A Gashe",,no,https://www.thebotswanasociety.net/botswana-notes-records,botswana-notes-records-index-recent.xlsx
Botswana Notes & Records,23.0,296.0,The Okavango Research Centre,Paul Shaw,,no,https://www.thebotswanasociety.net/botswana-notes-records,botswana-notes-records-index-recent.xlsx
Botswana Notes & Records,23.0,107-113,The Recognition of Foreign Divorce Decrees in Botswana,E.K. Quansah,,no,https://www.thebotswanasociety.net/botswana-notes-records,botswana-notes-records-index-recent.xlsx
Botswana Notes & Records,23.0,243-249,The Riddle of the Stone Walls,Alec Campbell,,no,https://www.thebotswanasociety.net/botswana-notes-records,botswana-notes-records-index-recent.xlsx
Botswana Notes & Records,23.0,115-158,"The Spurges of Botswana, Part 1; A, B, C",Graham Mcleod,,no,https://www.thebotswanasociety.net/botswana-notes-records,botswana-notes-records-index-recent.xlsx
Botswana Notes & Records,23.0,300-302,The Story of the Hyaena and the Dog,Linda Pfotenhauer,,no,https://www.thebotswanasociety.net/botswana-notes-records,botswana-notes-records-index-recent.xlsx
Botswana Notes & Records,23.0,293-295,"University of Texas Archaeological Research Expeditions, 1990 – 1991",James Denbow,1990;1991,no,https://www.thebotswanasociety.net/botswana-notes-records,botswana-notes-records-index-recent.xlsx
Botswana Notes & Records,24.0,225-229,A Little God: The Twilight of Patriarchy in a Southern African Ciiefdom by Diana Wylie,Hazel Hudson,,no,https://www.thebotswanasociety.net/botswana-notes-records,botswana-notes-records-index-recent.xlsx
Botswana Notes & Records,24.0,151-163,"Annual Growth Layers in a Stalagmite from Drotsky's Cave, Ngamiland: Relations between growth layer thickness and precipitation","G.A. Brook, L.B. Railsback, H.J. Cooke, J. Chen, R.A Culp",,no,https://www.thebotswanasociety.net/botswana-notes-records,botswana-notes-records-index-recent.xlsx
Botswana Notes & Records,24.0,87-121,"Environmental Changes at Bobonong in the Central District, Eastern Botswana",Bruce J. Hargreaves,,no,https://www.thebotswanasociety.net/botswana-notes-records,botswana-notes-records-index-recent.xlsx
Botswana Notes & Records,24.0,87-121,"Environmental Changes at Bobonong in the Central District, Eastern Botswana",Graham Mcleod,,no,https://www.thebotswanasociety.net/botswana-notes-records,botswana-notes-records-index-recent.xlsx
Botswana Notes & Records,24.0,33-38,Further Gleanings of Game Affairs in the Bechuanaland Protectorate,C.A. Spinage,,yes,https://www.thebotswanasociety.net/botswana-notes-records,botswana-notes-records-index-recent.xlsx
Botswana Notes & Records,24.0,19-32,Gleanings of Game Affairs in the Bechuanaland Protectorate,C.A. Spinage,,yes,https://www.thebotswanasociety.net/botswana-notes-records,botswana-notes-records-index-recent.xlsx
Botswana Notes & Records,24.0,218-219,Hunters and Herders of Southern Africa: A Comparative Ethnography of the Khoisan Peoples by Alan Barnard,Alec Campbell,,no,https://www.thebotswanasociety.net/botswana-notes-records,botswana-notes-records-index-recent.xlsx
Botswana Notes & Records,24.0,135-149,"Notes on Trace Metals in the Boro River, Okavango Delta","G. Sawula, E. Martins, J. Nengu, and K. Themner",,no,https://www.thebotswanasociety.net/botswana-notes-records,botswana-notes-records-index-recent.xlsx
Botswana Notes & Records,24.0,230.0,One White Man in Black Africa: From Kilimanjaro to the Kalahari 1951-1991,Alec Campbell,1951;1991,no,https://www.thebotswanasociety.net/botswana-notes-records,botswana-notes-records-index-recent.xlsx
Botswana Notes & Records,24.0,57-86,"Physical and Biological Processes Controlling the Okavanago Delta: A Review of Recent Research, pp.",John Cooke,,no,https://www.thebotswanasociety.net/botswana-notes-records,botswana-notes-records-index-recent.xlsx
Botswana Notes & Records,24.0,57-86,"Physical and Biological Processes Controlling the Okavanago Delta: A Review of Recent Research, pp.",T.S. McCarthy,,no,https://www.thebotswanasociety.net/botswana-notes-records,botswana-notes-records-index-recent.xlsx
Botswana Notes & Records,24.0,205-215,Procedural Considerations and Results of Landsat Multi-temporal Analyses Concerned with Range Degradation (1972 - 1987) in Botswana,Stuart Marks,1972;1987,no,https://www.thebotswanasociety.net/botswana-notes-records,botswana-notes-records-index-recent.xlsx
Botswana Notes & Records,24.0,165-179,Termites and land use in the south-east Botswana: Variety and abundance of termite surface features,"J.M. Dangerfield, E.M. Veenendaal, B.J. Riddoch, H. Black",,yes,https://www.thebotswanasociety.net/botswana-notes-records,botswana-notes-records-index-recent.xlsx
Botswana Notes & Records,24.0,39-48,The 1991 Census and Botswana's Population Problem,C. VanderPost,1991,yes,https://www.thebotswanasociety.net/botswana-notes-records,botswana-notes-records-index-recent.xlsx
Botswana Notes & Records,24.0,222-224,"The African Archaeological Review, David Phillipson (ed.)",Catrien Van Waarden,,no,https://www.thebotswanasociety.net/botswana-notes-records,botswana-notes-records-index-recent.xlsx
Botswana Notes & Records,24.0,123-133,"The Biology of the Wild Silkmoth Gonometa rufobrunnea Auribillius (Lasiocampidae) in northern Botswana, with some comments on its potential as a source of wild silk",Richard Harland-Rowe,,no,https://www.thebotswanasociety.net/botswana-notes-records,botswana-notes-records-index-recent.xlsx
Botswana Notes & Records,24.0,189-204,The Butterflies of the Gemsbok National Park in Botswana (Lepidoptera - Rhopalocera),Thorben B. Larsen,,no,https://www.thebotswanasociety.net/botswana-notes-records,botswana-notes-records-index-recent.xlsx
Botswana Notes & Records,24.0,220-221,The Kalahari Environment by David S.G. Thomas and Paul Shaw,John Cooke,,no,https://www.thebotswanasociety.net/botswana-notes-records,botswana-notes-records-index-recent.xlsx
Botswana Notes & Records,24.0,220-221,The Kalahari Environment by David S.G. Thomas and Paul Shaw,S.K. Kaunda,,no,https://www.thebotswanasociety.net/botswana-notes-records,botswana-notes-records-index-recent.xlsx
Botswana Notes & Records,24.0,43483.0,"The Kalahari Expedition March 1908, The Forgotten Story of the Final Battle of the Nama War",Wolf D. Haacke,1908,yes,https://www.thebotswanasociety.net/botswana-notes-records,botswana-notes-records-index-recent.xlsx
Botswana Notes & Records,24.0,236.0,The Potential Value of the Marula Moth Argemosa mimisae for Tasar Silk Production in Botswana,Robert K. Hitchcock and John Elsworth,,no,https://www.thebotswanasociety.net/botswana-notes-records,botswana-notes-records-index-recent.xlsx
Botswana Notes & Records,24.0,236.0,The Potential Value of the Morula Moth Argemosa mimisae for Tasar Silk Production in Botswana,Robert K. Hitchcock and John Elsworth,,no,https://www.thebotswanasociety.net/botswana-notes-records,botswana-notes-records-index-recent.xlsx
Botswana Notes & Records,24.0,49-56,Tsetse Fly Control and the environmental implications for the fish in the Okavango Delta,Glenn S. Merron,,no,https://www.thebotswanasociety.net/botswana-notes-records,botswana-notes-records-index-recent.xlsx
Botswana Notes & Records,24.0,233-235,University of Georgia Paleoenvironmental Studies in Northern Botswana 1987-1993,Geoge A. Brook,1987;1993,no,https://www.thebotswanasociety.net/botswana-notes-records,botswana-notes-records-index-recent.xlsx
Botswana Notes & Records,25.0,19-28,"A Decorated Bone Artifact from the Tsodilo Hills, Botswana, Implications For Rock Art",Alec Campbell and L.H. Robbins,,no,https://www.thebotswanasociety.net/botswana-notes-records,botswana-notes-records-index-recent.xlsx
Botswana Notes & Records,25.0,173-175,"A Medical History of Botswana 1885-1966, by Rogers Keteng and K. Molefi",Sandy Grant,1885;1966,yes,https://www.thebotswanasociety.net/botswana-notes-records,botswana-notes-records-index-recent.xlsx
Botswana Notes & Records,25.0,193-195,A Note on Aggressive Woodlice,M. Dangerfield and S. Telford,,no,https://www.thebotswanasociety.net/botswana-notes-records,botswana-notes-records-index-recent.xlsx
Botswana Notes & Records,25.0,133-140,"A Synopsis of Presentations and Discussions on the Fish and Fishery in the Okavango Delta, Botswana",Glenn S. Merron,,no,https://www.thebotswanasociety.net/botswana-notes-records,botswana-notes-records-index-recent.xlsx
Botswana Notes & Records,25.0,39-58,African Legislatures and Foreign Policy-Making: The Botswana Case,James J. Zaffiro,,no,https://www.thebotswanasociety.net/botswana-notes-records,botswana-notes-records-index-recent.xlsx
Botswana Notes & Records,25.0,176-178,An Uneasy Walk to Quality - The Evolution of Black Nursing by Dr. Serara Delelo-Kupe,Sandy Grant,,no,https://www.thebotswanasociety.net/botswana-notes-records,botswana-notes-records-index-recent.xlsx
Botswana Notes & Records,25.0,111-117,Children's Acquisition of Bantu Noun Class Prefixes,Joseph Tsonope,,no,https://www.thebotswanasociety.net/botswana-notes-records,botswana-notes-records-index-recent.xlsx
Botswana Notes & Records,25.0,101-109,Foot Patrol - 310 miles,Montlenyane Holly,,no,https://www.thebotswanasociety.net/botswana-notes-records,botswana-notes-records-index-recent.xlsx
Botswana Notes & Records,25.0,179-186,History and Evolution of the Fauna Conservation Laws of Botswana by Clive Spinage,Stuart Marks,,yes,https://www.thebotswanasociety.net/botswana-notes-records,botswana-notes-records-index-recent.xlsx
Botswana Notes & Records,25.0,179-186,History and Evolution of the Fauna Conservation Laws of Botswana by Clive Spinage,J Mark Dangerfield,,yes,https://www.thebotswanasociety.net/botswana-notes-records,botswana-notes-records-index-recent.xlsx
Botswana Notes & Records,25.0,187-190,Livestock Development and Pastoral Production on Communal Rangeland in Botswana by Richard White,I.N. Mazonde,,yes,https://www.thebotswanasociety.net/botswana-notes-records,botswana-notes-records-index-recent.xlsx
Botswana Notes & Records,25.0,161-170,New Records of Snakes and Insects from Serowe,Per Forchhammer,,no,https://www.thebotswanasociety.net/botswana-notes-records,botswana-notes-records-index-recent.xlsx
Botswana Notes & Records,25.0,73-77,Notes on the Foundation of the Moffat Institution and its Impact on the Bangwato 1872-1892,P.T. Mgadla,1872;1892,no,https://www.thebotswanasociety.net/botswana-notes-records,botswana-notes-records-index-recent.xlsx
Botswana Notes & Records,25.0,89-99,Pre- 1904 Population Estimates on the Tswana,Barry Morton,1904,no,https://www.thebotswanasociety.net/botswana-notes-records,botswana-notes-records-index-recent.xlsx
Botswana Notes & Records,25.0,173-175,Review of A Medical History of Botswana 1885-1966 by Rodgers Keteng K. Molefi,Sandy Grant,1885;1966,yes,https://www.thebotswanasociety.net/botswana-notes-records,botswana-notes-records-index-recent.xlsx
Botswana Notes & Records,25.0,79-87,The 1962 BPP Split,Jeff Ramsay,1962,no,https://www.thebotswanasociety.net/botswana-notes-records,botswana-notes-records-index-recent.xlsx
Botswana Notes & Records,25.0,119-132,The 1991/92 Summer Heat- Wave in Gaborone,Gunter Van Regenmortel,1991,no,https://www.thebotswanasociety.net/botswana-notes-records,botswana-notes-records-index-recent.xlsx
Botswana Notes & Records,25.0,197.0,The Botswana Bird Club,Ann Kerton,,no,https://www.thebotswanasociety.net/botswana-notes-records,botswana-notes-records-index-recent.xlsx
Botswana Notes & Records,25.0,59-71,"The duiker and the hare: Tswapong Subjects and Ngwato Rulers in Pre-Colonial Botswana,",Pnina Motzafi-Haller,,yes,https://www.thebotswanasociety.net/botswana-notes-records,botswana-notes-records-index-recent.xlsx
Botswana Notes & Records,25.0,43482.0,The Fossils form the Orapa Diamond Mine: A Review,F.J.Rayner,,yes,https://www.thebotswanasociety.net/botswana-notes-records,botswana-notes-records-index-recent.xlsx
Botswana Notes & Records,25.0,43482.0,The Fossils from the Orapa Diamond Mine: A Review,F.J.Rayner,,yes,https://www.thebotswanasociety.net/botswana-notes-records,botswana-notes-records-index-recent.xlsx
Botswana Notes & Records,25.0,191-192,The Kua: Life and Soul of the Central Kalahari Bushmen by Carlos Valiente-Noailles,Alec Campbell,,no,https://www.thebotswanasociety.net/botswana-notes-records,botswana-notes-records-index-recent.xlsx
Botswana Notes & Records,25.0,141-159,The Sesame Family in Botswana,Susan Ringrose and Wilma Matheson,,no,https://www.thebotswanasociety.net/botswana-notes-records,botswana-notes-records-index-recent.xlsx
Botswana Notes & Records,25.0,29-38,Tshekedi Khama and A.N.O. vs High Commissioner: The Making of the Court,Bojosi Otholige,,no,https://www.thebotswanasociety.net/botswana-notes-records,botswana-notes-records-index-recent.xlsx
Botswana Notes & Records,25.0,29-38,Tshekedi Khama and ANO vs High Commissioner: The Making of the Court,Bojosi Otholige,,no,https://www.thebotswanasociety.net/botswana-notes-records,botswana-notes-records-index-recent.xlsx
Botswana Notes & Records,26.0,192-193,"A !Xoo Dictionary, by A. Traill",Alec Campbell,,no,https://www.thebotswanasociety.net/botswana-notes-records,botswana-notes-records-index-recent.xlsx
Botswana Notes & Records,26.0,175-182,An Isokeraunic Map of Botswana,E.R. Jayaratne and V. Ramachandran,,no,https://www.thebotswanasociety.net/botswana-notes-records,botswana-notes-records-index-recent.xlsx
Botswana Notes & Records,26.0,77-86,Assesors and the Administration of Justice,Bojosi Otlhogile,,no,https://www.thebotswanasociety.net/botswana-notes-records,botswana-notes-records-index-recent.xlsx
Botswana Notes & Records,26.0,199-200,"Bayeyi and Hambukushu Tales from the Okavango, by Thomas J. Larson",Sandy Grant,,no,https://www.thebotswanasociety.net/botswana-notes-records,botswana-notes-records-index-recent.xlsx
Botswana Notes & Records,26.0,115-127,Bedload Sediment Transport in the Sand Rivers of Botswana,"Paul Shaw, Asher Shick, and Marwan Hassan",,no,https://www.thebotswanasociety.net/botswana-notes-records,botswana-notes-records-index-recent.xlsx
Botswana Notes & Records,26.0,139-149,Clays: A Gateway into the Future,Georges Ekosse,,no,https://www.thebotswanasociety.net/botswana-notes-records,botswana-notes-records-index-recent.xlsx
Botswana Notes & Records,26.0,55-65,Discovery and Preliminary Exploration of a New Cave in the Gcwihaba Valley,R.C. Ritter and R.A. Garner,,no,https://www.thebotswanasociety.net/botswana-notes-records,botswana-notes-records-index-recent.xlsx
Botswana Notes & Records,26.0,87-93,Domesticity: The Basis of Missionary Education of Botswana Women to the End of the 19th Century,Lily Mafela,,yes,https://www.thebotswanasociety.net/botswana-notes-records,botswana-notes-records-index-recent.xlsx
Botswana Notes & Records,26.0,191.0,"English-Ju/?hoan-English Dictionary, by Patrick Dickens",Alec Campbell,,no,https://www.thebotswanasociety.net/botswana-notes-records,botswana-notes-records-index-recent.xlsx
Botswana Notes & Records,26.0,109-113,First Discoveries of New Antelopes in Botswana,C.A. Spinage,,no,https://www.thebotswanasociety.net/botswana-notes-records,botswana-notes-records-index-recent.xlsx
Botswana Notes & Records,26.0,167-173,Larval Lipid Quality of Lepidoptera Gonimbrasia belina,I.M. Zinzombe and S. George,,no,https://www.thebotswanasociety.net/botswana-notes-records,botswana-notes-records-index-recent.xlsx
Botswana Notes & Records,26.0,194-195,"Map- Reading Skills: A junior Secondary Course, by Felix O'Mara",Mike Main,,no,https://www.thebotswanasociety.net/botswana-notes-records,botswana-notes-records-index-recent.xlsx
Botswana Notes & Records,26.0,95-108,"Mobilizing for Self-managed Production Enterprises: A Case Study of CORDE, A Local Voluntary Development Organisation in Botswana",Barbara Ntombi Ngwenya,,yes,https://www.thebotswanasociety.net/botswana-notes-records,botswana-notes-records-index-recent.xlsx
Botswana Notes & Records,26.0,37-54,Oral Traditions and Archaeology of the Tsodilo Hills Male Hill Cave,"Alec Campbell, L.H. Robbins, and M.L. Murphy",,no,https://www.thebotswanasociety.net/botswana-notes-records,botswana-notes-records-index-recent.xlsx
Botswana Notes & Records,26.0,129-138,Possible Ground Water Pollution by Sewage Effluent at camps in Okavango Delta: Suggestions for its Prevention,"T.S. McCarthy, W.N. Ellery, and A. Gieske",,yes,https://www.thebotswanasociety.net/botswana-notes-records,botswana-notes-records-index-recent.xlsx
Botswana Notes & Records,26.0,129-138,Possible Ground Water Pollution by Sewage Effluent at Campus in Okavango Delta: Suggestions for its Prevention,"T.S. McCarthy, W.N. Ellery, and A. Gieske",,yes,https://www.thebotswanasociety.net/botswana-notes-records,botswana-notes-records-index-recent.xlsx
Botswana Notes & Records,26.0,183-188,Re-survey of Gcwihaba Cave and Eploration of the Aha Sinkhole Caves,R.A. Garner and R.C. Ritter,,no,https://www.thebotswanasociety.net/botswana-notes-records,botswana-notes-records-index-recent.xlsx
Botswana Notes & Records,26.0,189-190,Savuti by Clive Walker,Mike Main,,no,https://www.thebotswanasociety.net/botswana-notes-records,botswana-notes-records-index-recent.xlsx
Botswana Notes & Records,26.0,196-198,"Setswana/English/Setswana Dictionary, Z.I.Matumo,compiler",Joe Tsonope,,no,https://www.thebotswanasociety.net/botswana-notes-records,botswana-notes-records-index-recent.xlsx
Botswana Notes & Records,26.0,67-76,The Great General of the Kaiser,Jan-Bart Gewald,,no,https://www.thebotswanasociety.net/botswana-notes-records,botswana-notes-records-index-recent.xlsx
Botswana Notes & Records,26.0,67-76,The Great General of the Kaiser,Jan-Bert Gewald,,no,https://www.thebotswanasociety.net/botswana-notes-records,botswana-notes-records-index-recent.xlsx
Botswana Notes & Records,26.0,1-35,The Late Stone Age of Botswana: Some Recent Excavations,Nick Walker,,no,https://www.thebotswanasociety.net/botswana-notes-records,botswana-notes-records-index-recent.xlsx
Botswana Notes & Records,26.0,151-165,The Possible Effects of Millipedes on the Natural Dynamics of an Acacia Savanna Woodland,Graham Mcleod,,no,https://www.thebotswanasociety.net/botswana-notes-records,botswana-notes-records-index-recent.xlsx
Botswana Notes & Records,26.0,151-165,The Possible Effects of Millipedes on the Natural Dynamics of an Acacia Savanna Woodland,S.K. Kaunda,,no,https://www.thebotswanasociety.net/botswana-notes-records,botswana-notes-records-index-recent.xlsx
Botswana Notes & Records,27.0,85-96,A Child That Does Not Cry Dies in the Cradle: The 1908-10 Campaign to Keep the Bechuanaland Protectorate out of the Union of South Africa,Jeff Ramsay,1908,yes,https://www.thebotswanasociety.net/botswana-notes-records,botswana-notes-records-index-recent.xlsx
Botswana Notes & Records,27.0,239-255,About Global Warming and Botswana Temperatures,Gunter van Regenmortel,,no,https://www.thebotswanasociety.net/botswana-notes-records,botswana-notes-records-index-recent.xlsx
Botswana Notes & Records,27.0,257-270,An Update on the Use of Remotely Sensed Data for Range Monitoring in South-East Botswana - 1984 - 1994,Bruce J Hargreaves,1984;1994,no,https://www.thebotswanasociety.net/botswana-notes-records,botswana-notes-records-index-recent.xlsx
Botswana Notes & Records,27.0,41-48,"Archaelogical Research at Modipe Hill, Kgatleng District: The Burials from 1994 Excavations",Marshall D Owens,1994,no,https://www.thebotswanasociety.net/botswana-notes-records,botswana-notes-records-index-recent.xlsx
Botswana Notes & Records,27.0,57-60,"Archaeological Research at Modipe Hill, Kgatleng District: Oral Traditions",Nitkwe Motlole,,no,https://www.thebotswanasociety.net/botswana-notes-records,botswana-notes-records-index-recent.xlsx
Botswana Notes & Records,27.0,21-40,"Archaeological Research at Modipe Hill, Kgatleng District: Survey and Excavation, 1992 to 1995",Nicolas Pearson,1992;1995,no,https://www.thebotswanasociety.net/botswana-notes-records,botswana-notes-records-index-recent.xlsx
Botswana Notes & Records,27.0,41-48,"Archaeological Research at Modipe Hill, Kgatleng District: The Burials from 1994 Excavations",Marshall D Owens,1994,no,https://www.thebotswanasociety.net/botswana-notes-records,botswana-notes-records-index-recent.xlsx
Botswana Notes & Records,27.0,49-56,"Archaeological Research at Modipe Hill, Kgatleng District: The Pottery From the 1994 Excavations",Patricia A LaBounty,1994,no,https://www.thebotswanasociety.net/botswana-notes-records,botswana-notes-records-index-recent.xlsx
Botswana Notes & Records,27.0,61-69,Conserving the Historical Past - Botswana's Settlements and Buildings,Sandy Grant,,yes,https://www.thebotswanasociety.net/botswana-notes-records,botswana-notes-records-index-recent.xlsx
Botswana Notes & Records,27.0,119-127,Contemporary Artistic Expression in Botswana,Elizabeth Gron,,no,https://www.thebotswanasociety.net/botswana-notes-records,botswana-notes-records-index-recent.xlsx
Botswana Notes & Records,27.0,43477.0,Discovery and Exploration of Two New Caves in the Northwest District,Ron Ritter and Paul M Mann,,no,https://www.thebotswanasociety.net/botswana-notes-records,botswana-notes-records-index-recent.xlsx
Botswana Notes & Records,27.0,281-298,Environment Change at Letlhakeng in the Kweneng District,Paul Shaw,,no,https://www.thebotswanasociety.net/botswana-notes-records,botswana-notes-records-index-recent.xlsx
Botswana Notes & Records,27.0,19.0,Exploration of Two New Caves,H John Cooke,,no,https://www.thebotswanasociety.net/botswana-notes-records,botswana-notes-records-index-recent.xlsx
Botswana Notes & Records,27.0,13-18,Further Exploration and Resurvey of !WaDoum Cave,Paul M Mann and Ron Ritter,,no,https://www.thebotswanasociety.net/botswana-notes-records,botswana-notes-records-index-recent.xlsx
Botswana Notes & Records,27.0,111-118,Gender and Class in the Early Classes and Fellowship Services,Lily Mafela,,no,https://www.thebotswanasociety.net/botswana-notes-records,botswana-notes-records-index-recent.xlsx
Botswana Notes & Records,27.0,227-237,"Groundwater Pollution Vulnerability Map of Botswana 1:1,000,000","K Busch, I Mabua, K Mokokwe & M von Hoyer",,no,https://www.thebotswanasociety.net/botswana-notes-records,botswana-notes-records-index-recent.xlsx
Botswana Notes & Records,27.0,151-226,"Hydrobiological Studies of the Okavango Delta and Kwango/Linyanti/Chobe River, Botswana I Surface Water Quality Analysis","G Cronberg, A Gieske, E Martins, J Prince Nengu & I-M Stenstrom",,yes,https://www.thebotswanasociety.net/botswana-notes-records,botswana-notes-records-index-recent.xlsx
Botswana Notes & Records,27.0,336-337,Modern Practice in Education and Science by N G Matonsa and G M Willis,Bob Prophet,,yes,https://www.thebotswanasociety.net/botswana-notes-records,botswana-notes-records-index-recent.xlsx
Botswana Notes & Records,27.0,338-339,"Ngatikwaleni Ikalanga: A Manual for Writing Kalanga as Spoken in Botswana by A.M. Chebanne, M.K. Rodwald, K.W. Poblen",Samuel A. Mpuchane,,no,https://www.thebotswanasociety.net/botswana-notes-records,botswana-notes-records-index-recent.xlsx
Botswana Notes & Records,27.0,333.0,Notes on Archaeological Research in the Mokgware Hills 1991 - 1992,Alinah K Segobye,1991;1992,no,https://www.thebotswanasociety.net/botswana-notes-records,botswana-notes-records-index-recent.xlsx
Botswana Notes & Records,27.0,333.0,Notes on Archeological Research in the Mokgware Hills 1991 - 1992,Alinah K Segobye,1991;1992,no,https://www.thebotswanasociety.net/botswana-notes-records,botswana-notes-records-index-recent.xlsx
Botswana Notes & Records,27.0,340-343,Remembrances by Frieda Mathews,Hazel Hudson,,no,https://www.thebotswanasociety.net/botswana-notes-records,botswana-notes-records-index-recent.xlsx
Botswana Notes & Records,27.0,71-84,"The 1993 Maps of 'Bechuanaland Protectorate' at 1:500,000: A Milestone in the Mapping of Botswana",Jeffery C Stone,1993,yes,https://www.thebotswanasociety.net/botswana-notes-records,botswana-notes-records-index-recent.xlsx
Botswana Notes & Records,27.0,309-331,The Aizoaceace Sensu Lato of Botswana,Robert K Hitchcock,,no,https://www.thebotswanasociety.net/botswana-notes-records,botswana-notes-records-index-recent.xlsx
Botswana Notes & Records,27.0,129-150,"The Failure of the Nqoga Channel Between Hamoga and Letenesto Islands, Northeastern Okavango Delta",T S McCarthy and W N Ellery,,no,https://www.thebotswanasociety.net/botswana-notes-records,botswana-notes-records-index-recent.xlsx
Botswana Notes & Records,27.0,299-308,The Orgin of Chert Breccia Around Kanye,M.P. Modisi,,no,https://www.thebotswanasociety.net/botswana-notes-records,botswana-notes-records-index-recent.xlsx
Botswana Notes & Records,27.0,334-335,The Shell Field Guide to Common Trees of the Okavango Delta and Moremi Game Reserve by Veronica Roodt,Desmond T Cole,,no,https://www.thebotswanasociety.net/botswana-notes-records,botswana-notes-records-index-recent.xlsx
Botswana Notes & Records,27.0,334-335,The Shell Field Guide to Common Trees of the Okavango Delta and Moremi Game Reserve by Veronica Roodt,"Susan Ringrose, Cornelius van der Post and Wilma Matheson",,no,https://www.thebotswanasociety.net/botswana-notes-records,botswana-notes-records-index-recent.xlsx
Botswana Notes & Records,27.0,271-280,"The What, How and Why of Biodiversity For Botswana",Desmond T Cole,,no,https://www.thebotswanasociety.net/botswana-notes-records,botswana-notes-records-index-recent.xlsx
Botswana Notes & Records,27.0,271-280,"The What, How and Why of Biodiversity for Botswana",J Mark Dangerfield,,no,https://www.thebotswanasociety.net/botswana-notes-records,botswana-notes-records-index-recent.xlsx
Botswana Notes & Records,27.0,97-110,Tswana War Poetry: Part One,Ashley Jackson,,yes,https://www.thebotswanasociety.net/botswana-notes-records,botswana-notes-records-index-recent.xlsx
Botswana Notes & Records,27.0,20.0,Two New Caves - A Response,R C Ritter,,no,https://www.thebotswanasociety.net/botswana-notes-records,botswana-notes-records-index-recent.xlsx
Botswana Notes & Records,28.0,243-245,A Great Year For Publications,Sandy Grant,,no,https://www.thebotswanasociety.net/botswana-notes-records,botswana-notes-records-index-recent.xlsx
Botswana Notes & Records,28.0,243-245,A Great Year For Publications,Sandy Granr,,no,https://www.thebotswanasociety.net/botswana-notes-records,botswana-notes-records-index-recent.xlsx
Botswana Notes & Records,28.0,47-53,Archaeological Sites at Letsibogo Dam,"A C Campbell, J Kinahan C van Waarden",,no,https://www.thebotswanasociety.net/botswana-notes-records,botswana-notes-records-index-recent.xlsx
Botswana Notes & Records,28.0,87-96,Bad Chiefs and Sub-tribes,Ashley Jackson,,no,https://www.thebotswanasociety.net/botswana-notes-records,botswana-notes-records-index-recent.xlsx
Botswana Notes & Records,28.0,199-202,Blue-Green Algae (cyanobaeverla) in Rangeland Soils and Temporary Pools in SE Botswana,Deborah Shushu,,no,https://www.thebotswanasociety.net/botswana-notes-records,botswana-notes-records-index-recent.xlsx
Botswana Notes & Records,28.0,219-229,Botswana: A Country in Need of Land Policy Reform,I N Mazonde,,yes,https://www.thebotswanasociety.net/botswana-notes-records,botswana-notes-records-index-recent.xlsx
Botswana Notes & Records,28.0,231-238,Corroborating the Evidence of a Rape Victim in Botswana: Time for a Fresh Look,E K Quansah,,no,https://www.thebotswanasociety.net/botswana-notes-records,botswana-notes-records-index-recent.xlsx
Botswana Notes & Records,28.0,231-238,Corroborating the Evidence of a Rape Victim in Botswana: Time for a Fresh Look,E K Quansh,,no,https://www.thebotswanasociety.net/botswana-notes-records,botswana-notes-records-index-recent.xlsx
Botswana Notes & Records,28.0,247.0,Decorated Homes in Botswana by Sandy and Elinah Grant,Reviewed by T.N. Huffman,,no,https://www.thebotswanasociety.net/botswana-notes-records,botswana-notes-records-index-recent.xlsx
Botswana Notes & Records,28.0,247.0,Decorated Homes in Botswana by Sandy and Elinah Grant,T N Huffman,,no,https://www.thebotswanasociety.net/botswana-notes-records,botswana-notes-records-index-recent.xlsx
Botswana Notes & Records,28.0,240-241,"Dividing the Commons: Politics, Policy and Culture in Botswana By Pauline Peteres",I N Mazonde,,no,https://www.thebotswanasociety.net/botswana-notes-records,botswana-notes-records-index-recent.xlsx
Botswana Notes & Records,28.0,240-241,"Dividing the Commons: Politics, Policy and Culture in Botswana By Pauline Peters",I N Mazonde,,no,https://www.thebotswanasociety.net/botswana-notes-records,botswana-notes-records-index-recent.xlsx
Botswana Notes & Records,28.0,23-46,Excavations at the Tsodilo Rhino Cave,"L H Robbins, L Michae Murphy, A C Campbell and G A Brook",,no,https://www.thebotswanasociety.net/botswana-notes-records,botswana-notes-records-index-recent.xlsx
Botswana Notes & Records,28.0,193-197,"Fungi Associated with Imbrasia Belina, an Edible Caterpillar","S F Mpuchane, h k Taligoola, B A Gashe, I Zinzombe and M Matsheka",,no,https://www.thebotswanasociety.net/botswana-notes-records,botswana-notes-records-index-recent.xlsx
Botswana Notes & Records,28.0,193-197,"Fungi Associated with Imbrasia Belina, an Edible Caterpillar","S Mpuchane, H K Taligoola, B A Gashe",,no,https://www.thebotswanasociety.net/botswana-notes-records,botswana-notes-records-index-recent.xlsx
Botswana Notes & Records,28.0,97-106,Hambukushu Marriage Traditions: Past and Present,Andrea Bontrage Unzicker,,no,https://www.thebotswanasociety.net/botswana-notes-records,botswana-notes-records-index-recent.xlsx
Botswana Notes & Records,28.0,165-192,Modelling Surface Outflow form the Okavango,A K Gieske,,no,https://www.thebotswanasociety.net/botswana-notes-records,botswana-notes-records-index-recent.xlsx
Botswana Notes & Records,28.0,203-218,Potenetial of Non-timber Forest Products of Botswana,Moffat P Setshogo,,no,https://www.thebotswanasociety.net/botswana-notes-records,botswana-notes-records-index-recent.xlsx
Botswana Notes & Records,28.0,203-218,Potential of Non-timber Forest Products of Botswana,N T Parratt,,no,https://www.thebotswanasociety.net/botswana-notes-records,botswana-notes-records-index-recent.xlsx
Botswana Notes & Records,28.0,55-64,Subsistence hunting and Special Game Licenses in Botswana,Robert K Hitchcock,,no,https://www.thebotswanasociety.net/botswana-notes-records,botswana-notes-records-index-recent.xlsx
Botswana Notes & Records,28.0,55-64,Subsistence uonting and Special Game Licenses in Botswana,N T Parratt,,no,https://www.thebotswanasociety.net/botswana-notes-records,botswana-notes-records-index-recent.xlsx
Botswana Notes & Records,28.0,246.0,"The Encyclopaedia Africana Dictionary of African Biography, Vol 3",Jeff Ramsay,,no,https://www.thebotswanasociety.net/botswana-notes-records,botswana-notes-records-index-recent.xlsx
Botswana Notes & Records,28.0,65-86,The Fall and Decline of the Bakwena Monarchy,Jeff Ramsay,,no,https://www.thebotswanasociety.net/botswana-notes-records,botswana-notes-records-index-recent.xlsx
Botswana Notes & Records,28.0,239-240,The Political Economy of Botswana in SADCC by Balefi Tsie,I.N. Mazonde,,no,https://www.thebotswanasociety.net/botswana-notes-records,botswana-notes-records-index-recent.xlsx
Botswana Notes & Records,28.0,121-144,The Segankuru,John Brearley,,no,https://www.thebotswanasociety.net/botswana-notes-records,botswana-notes-records-index-recent.xlsx
Botswana Notes & Records,28.0,242-243,The Social Organisation of !Ko Bushmen by H.J. Heinz,A C Campbell,,no,https://www.thebotswanasociety.net/botswana-notes-records,botswana-notes-records-index-recent.xlsx
Botswana Notes & Records,28.0,107-120,Three Decades of Ethnographic Research Among th Ju/'hoansi of Northern Botswana: 1963 - 1996,"R B Lee, M Biesele and R K Hitchcock",1963;1996,no,https://www.thebotswanasociety.net/botswana-notes-records,botswana-notes-records-index-recent.xlsx
Botswana Notes & Records,28.0,145-163,Trends in vegetation Cover Change in Southern Botswana,"S Rossiter, S Pellegrin, K Hill, A Bunting, S Robinson, T Mason, T Boitumelo, and A Madiba",,no,https://www.thebotswanasociety.net/botswana-notes-records,botswana-notes-records-index-recent.xlsx
Botswana Notes & Records,28.0,145-163,Trends in Vegitation Cover Change in Southern Botswana,"Susan Ringrose, Cornelius van der Post and Wilma Matheson",,no,https://www.thebotswanasociety.net/botswana-notes-records,botswana-notes-records-index-recent.xlsx
Botswana Notes & Records,28.0,43487.0,Variation in the Early Iron Age of SE Botswana,"A.C. Campbell, C van Waarden & G Holmberg",,no,https://www.thebotswanasociety.net/botswana-notes-records,botswana-notes-records-index-recent.xlsx
Botswana Notes & Records,28.0,38739.0,Variation in the Early Iron Age of SE Botswana,"Alec Campbell, Catrien van Waarden and Gunilla Holmberg",,no,https://www.thebotswanasociety.net/botswana-notes-records,botswana-notes-records-index-recent.xlsx
Botswana Notes & Records,28.0,245-246,Windows to the Past by Tjako Mpulubusi,Jeff Ramsay,,no,https://www.thebotswanasociety.net/botswana-notes-records,botswana-notes-records-index-recent.xlsx
Botswana Notes & Records,29.0,45-52,A Comparative Study of the Lightning Incedence in Gaborone and Molepolole,E R Jayaratne and V Ramachandran,,no,https://www.thebotswanasociety.net/botswana-notes-records,botswana-notes-records-index-recent.xlsx
Botswana Notes & Records,29.0,81-91,A Mycological Study of Stored Maize and Sorghum Grains,"S F Mpuchane, h k Taligoola, B A Gashe, I Zinzombe and M Matsheka",,no,https://www.thebotswanasociety.net/botswana-notes-records,botswana-notes-records-index-recent.xlsx
Botswana Notes & Records,29.0,81-91,A Mycological Study of Stored Maize and Sorghum Grains,S F Mpuchane and B A Gashe,,no,https://www.thebotswanasociety.net/botswana-notes-records,botswana-notes-records-index-recent.xlsx
Botswana Notes & Records,29.0,154.0,"Birds of Botswana: An Annotated Bibliography, 1835-1995",Wendy D and lRemigio M Borella,1835;1995,no,https://www.thebotswanasociety.net/botswana-notes-records,botswana-notes-records-index-recent.xlsx
Botswana Notes & Records,29.0,63-79,Climate Variabilityin Botswana and ENSO,G van Regenmortel,,no,https://www.thebotswanasociety.net/botswana-notes-records,botswana-notes-records-index-recent.xlsx
Botswana Notes & Records,29.0,38725.0,"Fossil Wood from the Boteti River and Tshaitshe, Botswana",Marion Bamford,,no,https://www.thebotswanasociety.net/botswana-notes-records,botswana-notes-records-index-recent.xlsx
Botswana Notes & Records,29.0,150-152,"Historical Dictionary of Botswana, Third Edition by Jeff Ramsay, Barry Morton 150-152 and Fred Morton",Reviewed by Neil Parsons,,yes,https://www.thebotswanasociety.net/botswana-notes-records,botswana-notes-records-index-recent.xlsx
Botswana Notes & Records,29.0,150-152,"Historical Dictionary of Botswana, Third Edition by Jeff Ramsay, Barry Morton 150-152 and Fred Morton",Neil Parsons,,yes,https://www.thebotswanasociety.net/botswana-notes-records,botswana-notes-records-index-recent.xlsx
Botswana Notes & Records,29.0,121-141,"Lords of the Desert Land: Politics and Resistance of the Ghanzi, Basarwa of the Ninteenth Century",Mathias Guenther,,yes,https://www.thebotswanasociety.net/botswana-notes-records,botswana-notes-records-index-recent.xlsx
Botswana Notes & Records,29.0,105-119,"Memoirs of a Refugee ""Pipeline"" - The Serowe Route, 1960-1961",R Watts,1960;1961,no,https://www.thebotswanasociety.net/botswana-notes-records,botswana-notes-records-index-recent.xlsx
Botswana Notes & Records,29.0,105-119,"Memoirs of a Refugee ""Pipline"" - The Serowe Route, 1960-1961",R Watts,1960;1961,no,https://www.thebotswanasociety.net/botswana-notes-records,botswana-notes-records-index-recent.xlsx
Botswana Notes & Records,29.0,153.0,Poverty and Plenty: The Botswana Experience,"D. Nteta and J. Hermans, with P. Jeskova (eds)",,no,https://www.thebotswanasociety.net/botswana-notes-records,botswana-notes-records-index-recent.xlsx
Botswana Notes & Records,29.0,144-148,Research in Botswana: 1982-1997,Paul Shaw,1982;1997,no,https://www.thebotswanasociety.net/botswana-notes-records,botswana-notes-records-index-recent.xlsx
Botswana Notes & Records,29.0,145-148,"Snakes and Crocodiles, Power and Symbolism in Ancient Zimbabwe by Thomas N. Huffman",Alinah K Segobye,,no,https://www.thebotswanasociety.net/botswana-notes-records,botswana-notes-records-index-recent.xlsx
Botswana Notes & Records,29.0,23-44,Some Aspects of the History of Seventh Day Adentist in Botswana from 1922 to 1970,Yonah Matemba,1922;1970,yes,https://www.thebotswanasociety.net/botswana-notes-records,botswana-notes-records-index-recent.xlsx
Botswana Notes & Records,29.0,38982.0,The Present Importance and Future Potential of Veld Products the Livelihoods of Villagers from the Tswapong Hills,"Cornelius Vanderpost, Susan Ringrose, and Wilma Matheson",,no,https://www.thebotswanasociety.net/botswana-notes-records,botswana-notes-records-index-recent.xlsx
Botswana Notes & Records,29.0,38982.0,The Present Importance and Future Potential of Veld Products the Livelihoods of Villagers from the Tswapong Hills,"S Rossiter, S Pellegrin, K Hill, A Bunting, S Robinson, T Mason, T Boitumelo, and A Madiba",,no,https://www.thebotswanasociety.net/botswana-notes-records,botswana-notes-records-index-recent.xlsx
Botswana Notes & Records,29.0,53-61,The Space-Time Distribution of Rainfall in Botswana Since 1960-61. Using the Gamma Probability Density Function,G van Regenmortel,1960,no,https://www.thebotswanasociety.net/botswana-notes-records,botswana-notes-records-index-recent.xlsx
Botswana Notes & Records,29.0,148-150,The Tsodilo Jewellery: Metal Work from Northern Botswana by Duncan Miller,Alec Campbell,,no,https://www.thebotswanasociety.net/botswana-notes-records,botswana-notes-records-index-recent.xlsx
Botswana Notes & Records,29.0,143-144,Three Cassettes of Traditional Music Recorded in Botswana from 1982 to 1994,John Brearley,1982;1994,no,https://www.thebotswanasociety.net/botswana-notes-records,botswana-notes-records-index-recent.xlsx
Botswana Notes & Records,29.0,93-103,Towards a Geography of Infectious and Parasitc Diseases in Botswana,Raban Chanda,,no,https://www.thebotswanasociety.net/botswana-notes-records,botswana-notes-records-index-recent.xlsx
Botswana Notes & Records,30.0,139-146,An Investigation into the Microbial Ecology of four Traditionally Dried Leafy Vegatables Consumed in Botswana,Ann Gollifer,,no,https://www.thebotswanasociety.net/botswana-notes-records,botswana-notes-records-index-recent.xlsx
Botswana Notes & Records,30.0,139-146,An Investigation into the Microbial Ecology of four Traditionally Dried Leafy Vegetables Consumed in Botswana,S F Mpuchane and B A Gashe,,no,https://www.thebotswanasociety.net/botswana-notes-records,botswana-notes-records-index-recent.xlsx
Botswana Notes & Records,30.0,157-161,Antibiotic Activity of Selected Botswana Medicinal Plants,Richard White,,no,https://www.thebotswanasociety.net/botswana-notes-records,botswana-notes-records-index-recent.xlsx
Botswana Notes & Records,30.0,157-161,Antibiotic Activity of Selected Botswana Medicinal Plants,"Runner R T Majinda, Modisa S Motsaledi",,no,https://www.thebotswanasociety.net/botswana-notes-records,botswana-notes-records-index-recent.xlsx
Botswana Notes & Records,30.0,193-194,"Aspects of Botswana Economy, J.S. Salkin, et al (eds)",Robert Oakeshott,,no,https://www.thebotswanasociety.net/botswana-notes-records,botswana-notes-records-index-recent.xlsx
Botswana Notes & Records,30.0,121-138,Aspects of Economical Change in Botswana Kalahari,Derek J Hudson,,no,https://www.thebotswanasociety.net/botswana-notes-records,botswana-notes-records-index-recent.xlsx
Botswana Notes & Records,30.0,121-138,Aspects of Environmental Change in the Botswana Kalahari,"Cornelius Vanderpost, Susan Ringrose, and Wilma Matheson",,no,https://www.thebotswanasociety.net/botswana-notes-records,botswana-notes-records-index-recent.xlsx
Botswana Notes & Records,30.0,199.0,Beyond the Endless Mopane,Eve Murray-Hudson,,no,https://www.thebotswanasociety.net/botswana-notes-records,botswana-notes-records-index-recent.xlsx
Botswana Notes & Records,30.0,199.0,Beyond the Endless Mopane,"G. Teffera, J. Allotey, S. Mpuchane, B.A. Siame, B.A. Gashe",,no,https://www.thebotswanasociety.net/botswana-notes-records,botswana-notes-records-index-recent.xlsx
Botswana Notes & Records,30.0,79-86,Botswana's 'Independent Foreign Policy' : Gaborone - Beijing Relations,Ian Taylor,,no,https://www.thebotswanasociety.net/botswana-notes-records,botswana-notes-records-index-recent.xlsx
Botswana Notes & Records,30.0,190.0,Chobe - Africa's Untamed Wilderness by Daryl and Sharna Balfour,Derek J Hudson,,no,https://www.thebotswanasociety.net/botswana-notes-records,botswana-notes-records-index-recent.xlsx
Botswana Notes & Records,30.0,190.0,Chobe - Africa's Untamed Wilderness by Daryl and Sharna Balfour,Kieth Leggett,,no,https://www.thebotswanasociety.net/botswana-notes-records,botswana-notes-records-index-recent.xlsx
Botswana Notes & Records,30.0,186-188,Comprehensive Mapwork for Southern African Schools by G.K. Erbynn,Thando D. Gwebo,,no,https://www.thebotswanasociety.net/botswana-notes-records,botswana-notes-records-index-recent.xlsx
Botswana Notes & Records,30.0,163-170,Consumer Preferences and Utilisations of Sorghum and Millet in Rural Areas of Botswana,"O Ohiokpehai, S B Botsalo, S M Mpotokwane, P Espirito Santo, M Domingues and M Faria",,no,https://www.thebotswanasociety.net/botswana-notes-records,botswana-notes-records-index-recent.xlsx
Botswana Notes & Records,30.0,201-202,Democratic Electioneering in Southern Africa by Darnolf Staffan,Sandy Grant,,no,https://www.thebotswanasociety.net/botswana-notes-records,botswana-notes-records-index-recent.xlsx
Botswana Notes & Records,30.0,27-44,Development and Cultural Change among the Okavango Delta Peoples of Botswana,John Rock,,yes,https://www.thebotswanasociety.net/botswana-notes-records,botswana-notes-records-index-recent.xlsx
Botswana Notes & Records,30.0,195-196,Does Land Degradation Matter? Perspectives of Environmental Change in North East Botswana by Peer Kinlund,Keith Leggett,,yes,https://www.thebotswanasociety.net/botswana-notes-records,botswana-notes-records-index-recent.xlsx
Botswana Notes & Records,30.0,195-196,Does Land Degradation Matter? Perspectives of Environmental Change in North East Botswana by Peer Kinlund,Robert J G Sebego,,yes,https://www.thebotswanasociety.net/botswana-notes-records,botswana-notes-records-index-recent.xlsx
Botswana Notes & Records,30.0,195-196,Does Land Degradation Matter? Perspectives of Environmental Change in North East Botswana by Peer Kinlund,Kieth Leggett,,yes,https://www.thebotswanasociety.net/botswana-notes-records,botswana-notes-records-index-recent.xlsx
Botswana Notes & Records,30.0,200.0,"Endangered Wildilfe: Ecotourism and the Environment, David Holt-Biddle (ed)",Phil Marshall,,no,https://www.thebotswanasociety.net/botswana-notes-records,botswana-notes-records-index-recent.xlsx
Botswana Notes & Records,30.0,190-191,Gaborone in Bloom by Doreen Wolfson McColaugh,Ann Gollifer,,no,https://www.thebotswanasociety.net/botswana-notes-records,botswana-notes-records-index-recent.xlsx
Botswana Notes & Records,30.0,190-191,Gaborone in Bloom by Doreen Wolfson McColaugh,Eve Murry-Hudson,,no,https://www.thebotswanasociety.net/botswana-notes-records,botswana-notes-records-index-recent.xlsx
Botswana Notes & Records,30.0,38986.0,Gender Perceptions of the Botswana National Literacy Programme,Tonic Maruatona,,no,https://www.thebotswanasociety.net/botswana-notes-records,botswana-notes-records-index-recent.xlsx
Botswana Notes & Records,30.0,67-78,Islam in Botswana During the Colonel Period 1882 - 1966,James Amanze,1882;1966,no,https://www.thebotswanasociety.net/botswana-notes-records,botswana-notes-records-index-recent.xlsx
Botswana Notes & Records,30.0,67-78,Islam in Botswana During the Colonial Period 1882 - 1966,James Amanze,1882;1966,yes,https://www.thebotswanasociety.net/botswana-notes-records,botswana-notes-records-index-recent.xlsx
Botswana Notes & Records,30.0,196-197,"King Khama, Emperor and the Great White Queen: Victorian Britain through African Eyes by Neil Parsons",Andrew Manson,,no,https://www.thebotswanasociety.net/botswana-notes-records,botswana-notes-records-index-recent.xlsx
Botswana Notes & Records,30.0,188-189,"Languages in Botswana: Language Ecology in Southern Africa by Lars Gunnar Anderson, and Tore Janson",H.M. Batibo,,no,https://www.thebotswanasociety.net/botswana-notes-records,botswana-notes-records-index-recent.xlsx
Botswana Notes & Records,30.0,101-119,Making a Good Death: AIDS and Social Belonging in an Independent Church in Gaborone,Fredrick Klaits,,no,https://www.thebotswanasociety.net/botswana-notes-records,botswana-notes-records-index-recent.xlsx
Botswana Notes & Records,30.0,45-55,"Personal Growth, Cultural Sensitivity, and Language Learning amongst the Tirelo Setshaba Participants",Dorcas Molefe,,no,https://www.thebotswanasociety.net/botswana-notes-records,botswana-notes-records-index-recent.xlsx
Botswana Notes & Records,30.0,177-180,Preserving the Nation's Documented Heritage - The Botswana Collection at the National Library Service,Gertrude Mulindwa,,no,https://www.thebotswanasociety.net/botswana-notes-records,botswana-notes-records-index-recent.xlsx
Botswana Notes & Records,30.0,198.0,"Realizing Democracy in Botswana, Namibia and South Africa",Sandy Grant,,no,https://www.thebotswanasociety.net/botswana-notes-records,botswana-notes-records-index-recent.xlsx
Botswana Notes & Records,30.0,192-193,Running Wild: Dispelling the Myths of the African Wild Dog By John McNutt and Lesley Boggs,Richard White,,no,https://www.thebotswanasociety.net/botswana-notes-records,botswana-notes-records-index-recent.xlsx
Botswana Notes & Records,30.0,,Setswana - Animals and Plants by Desmond Cole,Richard White,,no,https://www.thebotswanasociety.net/botswana-notes-records,botswana-notes-records-index-recent.xlsx
Botswana Notes & Records,30.0,,Setswana - Animals and Plants by Desmond Cole,"Susan Ringrose, David Lesolle, Thabang Boshoma, Balsisi Gopolang, Cornelis VanderPost, and Wilma Matheson",,no,https://www.thebotswanasociety.net/botswana-notes-records,botswana-notes-records-index-recent.xlsx
Botswana Notes & Records,30.0,57-66,Setswana Plant Names and the Idetification of Local Flora,"Runner R T Majinda, Modisa S Motsaledi",,no,https://www.thebotswanasociety.net/botswana-notes-records,botswana-notes-records-index-recent.xlsx
Botswana Notes & Records,30.0,173-175,The Bank of Botswana Fine Art Collection,Julia Mahartby-Jarby and Lesiga Pillip Segola,,no,https://www.thebotswanasociety.net/botswana-notes-records,botswana-notes-records-index-recent.xlsx
Botswana Notes & Records,30.0,183-184,The Development of Education in Botswana 1937 - 1987: The Role of Teachers Organizations,I N Mazonde,1937;1987,yes,https://www.thebotswanasociety.net/botswana-notes-records,botswana-notes-records-index-recent.xlsx
Botswana Notes & Records,30.0,184-186,"The Kalahari Etnographies (1896 - 1898) of Siegfried Passarge: Nineteenth Century Khiosan and Bantu - speaking Peoples, Edwin N Wilsen (ed)",Janet Hermans,1896;1898,no,https://www.thebotswanasociety.net/botswana-notes-records,botswana-notes-records-index-recent.xlsx
Botswana Notes & Records,30.0,184-186,"The Kalahari Etnographies (1896 - 1898) of Siegfried Passarge: Nineteenth Century Khoisan and Bantu - speaking Peoples, Edwin N Wilsen (ed)",Janet Hermans,1896;1898,no,https://www.thebotswanasociety.net/botswana-notes-records,botswana-notes-records-index-recent.xlsx
Botswana Notes & Records,30.0,147-156,"The Kgwakgwe Manganese Oxides in the Kanye Area, Southeastern Botswana - Evidence for a Shallow Aqueous Palaeo-Environment",George Ekosses and Vernard Vink,,no,https://www.thebotswanasociety.net/botswana-notes-records,botswana-notes-records-index-recent.xlsx
Botswana Notes & Records,30.0,202-203,The Livingstones at Kolobeng 1847 - 1852 by Janet Wagner Parsons,Alan Butler,1847;1852,no,https://www.thebotswanasociety.net/botswana-notes-records,botswana-notes-records-index-recent.xlsx
Botswana Notes & Records,30.0,203-204,The Nine Lives of Naomi Mitchison,Sandy Grant,,no,https://www.thebotswanasociety.net/botswana-notes-records,botswana-notes-records-index-recent.xlsx
Botswana Notes & Records,30.0,87-100,VE (Victory in Europe) Day 1995: African Commemerations and Perspectives from Botswana,Ashley Jackson,1995,no,https://www.thebotswanasociety.net/botswana-notes-records,botswana-notes-records-index-recent.xlsx
Botswana Notes & Records,31.0,105-117,A chronology of major events relating to the Central Kalahari Game Reserve,Robert K Hitchcock,,no,https://www.thebotswanasociety.net/botswana-notes-records,botswana-notes-records-index-recent.xlsx
Botswana Notes & Records,31.0,73-81,A Late Pleistocene Palaeoenvironmetal Record from Lobatse 11 Cave,Kaern Hohlrgrell and Paul Shaw,,no,https://www.thebotswanasociety.net/botswana-notes-records,botswana-notes-records-index-recent.xlsx
Botswana Notes & Records,31.0,43787.0,A Lost Story: Botswana and the Anglo-Boer War,Rob S Burrett,,yes,https://www.thebotswanasociety.net/botswana-notes-records,botswana-notes-records-index-recent.xlsx
Botswana Notes & Records,31.0,33-53,An Analysis of vegetation Cover Components in Relatin to Climatic Trends along the Botswana Kalahari Transect,"M K Dithogo, M P Setshogo",,no,https://www.thebotswanasociety.net/botswana-notes-records,botswana-notes-records-index-recent.xlsx
Botswana Notes & Records,31.0,33-53,An Analysis of Vegetation Cover Components in Relation to Climatic Trends along the Botswana Kalahari Transect,"Susan Ringrose, David Lesolle, Thabang Boshoma, Balsisi Gopolang, Cornelis VanderPost, and Wilma Matheson",,no,https://www.thebotswanasociety.net/botswana-notes-records,botswana-notes-records-index-recent.xlsx
Botswana Notes & Records,31.0,143-149,An overview of the HIV/AIDS Pandemic and Its Impact on Botswana,Patricia Farrow,,no,https://www.thebotswanasociety.net/botswana-notes-records,botswana-notes-records-index-recent.xlsx
Botswana Notes & Records,31.0,183-185,"Aspects of the Botswana Economy, Selected Papers by Various Contributors edited by J S Salkin, D Mpabanga, D Cowan, J Selwe, M Wright",Stephen McCarthy,,no,https://www.thebotswanasociety.net/botswana-notes-records,botswana-notes-records-index-recent.xlsx
Botswana Notes & Records,31.0,175-178,Botswana 1939-1945: An African Country at War by Ashley Jackson,D. Kiyaga Mulindwa,1939;1945,yes,https://www.thebotswanasociety.net/botswana-notes-records,botswana-notes-records-index-recent.xlsx
Botswana Notes & Records,31.0,179-180,"Botswana: The Road to Independence by Peter Fawcus, Alan Tilbury",Alec Campbell,,yes,https://www.thebotswanasociety.net/botswana-notes-records,botswana-notes-records-index-recent.xlsx
Botswana Notes & Records,31.0,135-142,Child out-fostering and other factors influencing reproductive behaviour in Botswana's changing society,T.T Langeni,,no,https://www.thebotswanasociety.net/botswana-notes-records,botswana-notes-records-index-recent.xlsx
Botswana Notes & Records,31.0,181-182,"Decorated Homes by Sandy Grant, Elinah Grant",Reviewed by Alan Butler,,no,https://www.thebotswanasociety.net/botswana-notes-records,botswana-notes-records-index-recent.xlsx
Botswana Notes & Records,31.0,181-182,"Decorated Homes by Sandy Grant, Elinah Grant",Alan Butler,,no,https://www.thebotswanasociety.net/botswana-notes-records,botswana-notes-records-index-recent.xlsx
Botswana Notes & Records,31.0,182-183,Desert Doctor Remembers: The Autobiography of Alfred Merriweather,Alan Butler,,no,https://www.thebotswanasociety.net/botswana-notes-records,botswana-notes-records-index-recent.xlsx
Botswana Notes & Records,31.0,169-172,"Ditswa Mmung: An Archaeology of Botswana by Paul Lane, Andrew Reid, Alinah Segobye",Gilbert Pwiti,,no,https://www.thebotswanasociety.net/botswana-notes-records,botswana-notes-records-index-recent.xlsx
Botswana Notes & Records,31.0,169-172,"Ditswa Mmung: An Archeology of Botswana by Paul Lane, Andrew Reid, Alinah Segobye",Gilbert Pwiti,,no,https://www.thebotswanasociety.net/botswana-notes-records,botswana-notes-records-index-recent.xlsx
Botswana Notes & Records,31.0,185-186,"Etcetera:Events, Issues, Places and People of Botswana by Sandy Grant",Neil Parsons,,no,https://www.thebotswanasociety.net/botswana-notes-records,botswana-notes-records-index-recent.xlsx
Botswana Notes & Records,31.0,174-175,"History of Botswana by Thomas Tlou, Alec Campbell",Alinah Segobye,,yes,https://www.thebotswanasociety.net/botswana-notes-records,botswana-notes-records-index-recent.xlsx
Botswana Notes & Records,31.0,151-152,Institutional Care: A viable option for Botswana,Derek James,,no,https://www.thebotswanasociety.net/botswana-notes-records,botswana-notes-records-index-recent.xlsx
Botswana Notes & Records,31.0,159-161,Leveling survey on Sowa Pan,Simon Cheadle,,no,https://www.thebotswanasociety.net/botswana-notes-records,botswana-notes-records-index-recent.xlsx
Botswana Notes & Records,31.0,163-165,References on the Okavango Delta,Robert K Hitchcock,,no,https://www.thebotswanasociety.net/botswana-notes-records,botswana-notes-records-index-recent.xlsx
Botswana Notes & Records,31.0,119-128,Segaba: An African zither and its potential for music education,Mothusi Phuthego,,yes,https://www.thebotswanasociety.net/botswana-notes-records,botswana-notes-records-index-recent.xlsx
Botswana Notes & Records,31.0,53-72,The ecology and distribution limits of Colophospermum mopane in Southern Africa,"S Ringrose, W Matheson",,no,https://www.thebotswanasociety.net/botswana-notes-records,botswana-notes-records-index-recent.xlsx
Botswana Notes & Records,31.0,19-32,The historical dynamics of the socioeconomic relationships between the Nomadic San and the rural Kgalagadi,Kazunobu Ikeya,,yes,https://www.thebotswanasociety.net/botswana-notes-records,botswana-notes-records-index-recent.xlsx
Botswana Notes & Records,31.0,101-104,The Nata Sanctuary as a community-based natuarl resource management project,Robert K Hitchcock,,no,https://www.thebotswanasociety.net/botswana-notes-records,botswana-notes-records-index-recent.xlsx
Botswana Notes & Records,31.0,101-104,The Nata Sanctuary as a community-based natural resource management project,Robert K Hitchcock,,no,https://www.thebotswanasociety.net/botswana-notes-records,botswana-notes-records-index-recent.xlsx
Botswana Notes & Records,31.0,93-100,The Okavango Delta and the 'End of Progress': global transformation and community-based wildlife management,Richard Hasler,,no,https://www.thebotswanasociety.net/botswana-notes-records,botswana-notes-records-index-recent.xlsx
Botswana Notes & Records,31.0,93-100,The Okavango Delta and the 'End of Progress': Global transformation and community-based wildlife management,Richard Hasler,,no,https://www.thebotswanasociety.net/botswana-notes-records,botswana-notes-records-index-recent.xlsx
Botswana Notes & Records,31.0,93-100,The Okavango Delta and the 'End of Progress': Global Trnsformation and community-based wildlife management,Richard Hasler,,no,https://www.thebotswanasociety.net/botswana-notes-records,botswana-notes-records-index-recent.xlsx
Botswana Notes & Records,31.0,173-174,The Prehistory and Archaeology of Botswana: An Annotated Bibliography by Catrien van Waarden,Andrew Reid,,no,https://www.thebotswanasociety.net/botswana-notes-records,botswana-notes-records-index-recent.xlsx
Botswana Notes & Records,31.0,173-174,The Prehistory and Archeology of Botswana: An Annotated Bibliography by Catrien van Waarden,Andrew Reid,,no,https://www.thebotswanasociety.net/botswana-notes-records,botswana-notes-records-index-recent.xlsx
Botswana Notes & Records,31.0,155-158,The prevalence of enterococci in processed milk sold in Gaborone,Ernest Collison and Thapelo Johannes,,no,https://www.thebotswanasociety.net/botswana-notes-records,botswana-notes-records-index-recent.xlsx
Botswana Notes & Records,31.0,129-134,To 'insult' or to 'teach': A reading of a Subiya nuptial song,Ndana Ndana,,no,https://www.thebotswanasociety.net/botswana-notes-records,botswana-notes-records-index-recent.xlsx
Botswana Notes & Records,31.0,83-92,"Water Resource Use and Management in the Okavango system of Southern Africa: The Political Economy of state, community and private resource control",Robert K Hitchcock,,yes,https://www.thebotswanasociety.net/botswana-notes-records,botswana-notes-records-index-recent.xlsx
Botswana Notes & Records,31.0,83-92,"Water Resourse Use and Management in the Okavango system of Southern Africa: The Political Economy of state, community and private resource control",Robert K Hitchcock,,yes,https://www.thebotswanasociety.net/botswana-notes-records,botswana-notes-records-index-recent.xlsx
Botswana Notes & Records,32.0,43793.0,Action at Crocodile Pools during the Anglo-South African War and the Death of Captain Sampson French,P. Millington and R S Burrett,,yes,https://www.thebotswanasociety.net/botswana-notes-records,botswana-notes-records-index-recent.xlsx
Botswana Notes & Records,32.0,223.0,"Bajanala: A tourist Guide to Botswana, Volume 3 by Department of Tourism",Sandy Grant,,no,https://www.thebotswanasociety.net/botswana-notes-records,botswana-notes-records-index-recent.xlsx
Botswana Notes & Records,32.0,215-217,"Changing Frontiers: The Mission Story of the UCCSA, Steve de Gruchy (ed)",James N. Amanze,,no,https://www.thebotswanasociety.net/botswana-notes-records,botswana-notes-records-index-recent.xlsx
Botswana Notes & Records,32.0,212-214,Comrade Fish: Memories of a Motswana in the ANC Underground. Fish Keitseng with Barry Morton and Jeff Ramsay,Sandy Grant,,no,https://www.thebotswanasociety.net/botswana-notes-records,botswana-notes-records-index-recent.xlsx
Botswana Notes & Records,32.0,201-208,"Covenant with Death: The attitude of the churches in Botswana towards the use of condoms by Christians, and Its social Implications",J N Amanze,,no,https://www.thebotswanasociety.net/botswana-notes-records,botswana-notes-records-index-recent.xlsx
Botswana Notes & Records,32.0,214-215,Desert Doctor Remembers: The Autobiography of Alfred Merriweather by Alferd Merriweather,Brydon Grant,,no,https://www.thebotswanasociety.net/botswana-notes-records,botswana-notes-records-index-recent.xlsx
Botswana Notes & Records,32.0,117-127,Dikolo Linchwe 1912-1936,S. Grant,1912;1936,no,https://www.thebotswanasociety.net/botswana-notes-records,botswana-notes-records-index-recent.xlsx
Botswana Notes & Records,32.0,129-141,Evaluating the Impact of Science and Technology Research at the University of Botswana,I. Riddoch,,no,https://www.thebotswanasociety.net/botswana-notes-records,botswana-notes-records-index-recent.xlsx
Botswana Notes & Records,32.0,219-221,Happy Highways by Trevor Bottomley,Sandy Grant,,no,https://www.thebotswanasociety.net/botswana-notes-records,botswana-notes-records-index-recent.xlsx
Botswana Notes & Records,32.0,159-164,Hydroegeochemical impacts of the Gaborone landfill on its surrounding subsurfce environment,"Y Bogatsu, E Atekwana, G Ekosse, O Totolo",,no,https://www.thebotswanasociety.net/botswana-notes-records,botswana-notes-records-index-recent.xlsx
Botswana Notes & Records,32.0,217-218,Islam in Botswana 1882 - 1995 by James Amanze,Muhammed Haron,1882;1995,no,https://www.thebotswanasociety.net/botswana-notes-records,botswana-notes-records-index-recent.xlsx
Botswana Notes & Records,32.0,177-184,Measurement of aerosol concentration in Gaborone,E R Jayaratne and T S Verma,,no,https://www.thebotswanasociety.net/botswana-notes-records,botswana-notes-records-index-recent.xlsx
Botswana Notes & Records,32.0,85-105,People of the Two-Way River: Socioeconomic Change and Natural Resouce Management in the Nata River Region,R K Hitchcock and F M Nangati,,no,https://www.thebotswanasociety.net/botswana-notes-records,botswana-notes-records-index-recent.xlsx
Botswana Notes & Records,32.0,107-115,Putting the Bushman on the Map of Botswana,C. VanderPost,,no,https://www.thebotswanasociety.net/botswana-notes-records,botswana-notes-records-index-recent.xlsx
Botswana Notes & Records,32.0,185-191,Rockslides at Mokolodi during the February 2000 Rains,B.W. Vink,2000,no,https://www.thebotswanasociety.net/botswana-notes-records,botswana-notes-records-index-recent.xlsx
Botswana Notes & Records,32.0,211-212,Supporting Science Curriculum Reform in Botswana: The Potential of Peer Coaching by Annette Thijs,Sheldon G. Weeks,,no,https://www.thebotswanasociety.net/botswana-notes-records,botswana-notes-records-index-recent.xlsx
Botswana Notes & Records,32.0,39-57,The Bakgatla ba ga Mmanaana Split 1934-1936: The Impact of British Sub-Imperial Rule in Botswana,Y H Matemba,1934;1936,no,https://www.thebotswanasociety.net/botswana-notes-records,botswana-notes-records-index-recent.xlsx
Botswana Notes & Records,32.0,59-70,The Hambukushu of Ngamiland form 1950-1994: A Study of Social Change,T.J. Larson,1950;1994,no,https://www.thebotswanasociety.net/botswana-notes-records,botswana-notes-records-index-recent.xlsx
Botswana Notes & Records,32.0,193-200,The History of Craft Development in Botswana,M.E. Terry,,yes,https://www.thebotswanasociety.net/botswana-notes-records,botswana-notes-records-index-recent.xlsx
Botswana Notes & Records,32.0,73-83,The Hydro-Politics of the Okavango Delta: Property Rights and the Management Implications of Competing Land and Water Use Strategies,R. Hasler,,yes,https://www.thebotswanasociety.net/botswana-notes-records,botswana-notes-records-index-recent.xlsx
Botswana Notes & Records,32.0,143-150,"The nutritional status of three species of plant leaves as food for the larvae of Imbrasia belina, an edible caterpillar",J Mainah,,no,https://www.thebotswanasociety.net/botswana-notes-records,botswana-notes-records-index-recent.xlsx
Botswana Notes & Records,32.0,143-150,"The nutritional status of three species of plant leaves as food for the larvae of Imbrasia belina, an edible caterpillar","G. Teffera, J. Allotey, S. Mpuchane, B.A. Siame, B.A. Gashe",,no,https://www.thebotswanasociety.net/botswana-notes-records,botswana-notes-records-index-recent.xlsx
Botswana Notes & Records,32.0,151-157,The performance of solar ultraviolet radiometers in the Botswana Climate,P N C Luhanga,,no,https://www.thebotswanasociety.net/botswana-notes-records,botswana-notes-records-index-recent.xlsx
Botswana Notes & Records,32.0,25-38,"The Zambezi Mission and the Residences at Good Hope and Immaculate Heart of Mary, Old Tati",R.S Burrett,,no,https://www.thebotswanasociety.net/botswana-notes-records,botswana-notes-records-index-recent.xlsx
Botswana Notes & Records,32.0,221-222,Trees and Shrubs of the Okavango Delta: Medical Uses and Nutritional Value by Veronica Roodt and Common Wild Flowers of the Okavango Delta: Medical uses and Nutritional Value by Veronica Roodt,Moffatt Setshogo,,no,https://www.thebotswanasociety.net/botswana-notes-records,botswana-notes-records-index-recent.xlsx
Botswana Notes & Records,32.0,218-219,Under Two Falgs in Africa: Recollections of a British Administrator in Bechuanaland and Botswana 1954 - 1972 by George Winstanley,Ashley Jackson,1954;1972,no,https://www.thebotswanasociety.net/botswana-notes-records,botswana-notes-records-index-recent.xlsx
Botswana Notes & Records,32.0,165-176,"X-ray powder diffraction study of transition sulphide minerals in Nickel-Copper Orebodies from Selebi-Phikwe, Phoenix and Selkirk",J.S Nkoma and G Ekosse,,no,https://www.thebotswanasociety.net/botswana-notes-records,botswana-notes-records-index-recent.xlsx
Botswana Notes & Records,33.0,13.0,"""It's mine!"" ""No it's mine!"", Early Company Squabbles over the Borders of Tati Concession",R S Burrett,,yes,https://www.thebotswanasociety.net/botswana-notes-records,botswana-notes-records-index-recent.xlsx
Botswana Notes & Records,33.0,61-71,A chronology of major events relating to the Central Kalahari Game Reserve 2: An Update,"R K Hitchcock, D Vinding",,no,https://www.thebotswanasociety.net/botswana-notes-records,botswana-notes-records-index-recent.xlsx
Botswana Notes & Records,33.0,61.0,A chronology of major events relating to the Central Kalahari Game Reserve 2: An Update,"R K Hitchcock, D Vinding",,no,https://www.thebotswanasociety.net/botswana-notes-records,botswana-notes-records-index-recent.xlsx
Botswana Notes & Records,33.0,91.0,A Floristic and faunal survey of the Kgale Hills,J Mbaiwa,,no,https://www.thebotswanasociety.net/botswana-notes-records,botswana-notes-records-index-recent.xlsx
Botswana Notes & Records,33.0,91.0,A floristic and faunal survey of the Kgale Hills,"M K Dithogo, M P Setshogo",,no,https://www.thebotswanasociety.net/botswana-notes-records,botswana-notes-records-index-recent.xlsx
Botswana Notes & Records,33.0,151.0,A mapping Survey of the Motsenekatse National Monument,Slough Fulcrum Team,,no,https://www.thebotswanasociety.net/botswana-notes-records,botswana-notes-records-index-recent.xlsx
Botswana Notes & Records,33.0,161.0,African Rock Art: Paintings and Engravings on Stone,"Alec Campbell, David Coulson Reviewed by Nick Walker",,no,https://www.thebotswanasociety.net/botswana-notes-records,botswana-notes-records-index-recent.xlsx
Botswana Notes & Records,33.0,41.0,An Outline history of Monarch Gold Mine Francistown,R Lewis,,yes,https://www.thebotswanasociety.net/botswana-notes-records,botswana-notes-records-index-recent.xlsx
Botswana Notes & Records,33.0,129.0,An overview of the Botswana handicraft sector,M E Terry,,no,https://www.thebotswanasociety.net/botswana-notes-records,botswana-notes-records-index-recent.xlsx
Botswana Notes & Records,33.0,83.0,Archaeological evidence for the Reassessment of the ages of the Makgadikgadi paleolakes,"M J McFarlane, P Segadika",,no,https://www.thebotswanasociety.net/botswana-notes-records,botswana-notes-records-index-recent.xlsx
Botswana Notes & Records,33.0,168.0,At the Edge of the Kalahari: Historical Colour Photographs of Tswana Chiefdoms and Hereros in Exile,Katesa Schlosser Reviewed by Sandy Grant,,yes,https://www.thebotswanasociety.net/botswana-notes-records,botswana-notes-records-index-recent.xlsx
Botswana Notes & Records,33.0,27.0,Early European Involvement in the Tati District,G Quick,,no,https://www.thebotswanasociety.net/botswana-notes-records,botswana-notes-records-index-recent.xlsx
Botswana Notes & Records,33.0,165.0,"Inconvenient Indigenous: Remote Area Development in Botswana, Donor Assistance and the First People of the Kalahari",Sidsel Saugestatd Reviewed by Sheldon G Weeks,,yes,https://www.thebotswanasociety.net/botswana-notes-records,botswana-notes-records-index-recent.xlsx
Botswana Notes & Records,33.0,171.0,"Making Education Work: The What, Why and How of Education with Production",Patrick Van Rensburg Reviewed by David Mathews and Derek Hudson,,yes,https://www.thebotswanasociety.net/botswana-notes-records,botswana-notes-records-index-recent.xlsx
Botswana Notes & Records,33.0,176.0,Morality for Beautiful Girls Alexander McCall Smith,Reviewed by Janet Hermans,,no,https://www.thebotswanasociety.net/botswana-notes-records,botswana-notes-records-index-recent.xlsx
Botswana Notes & Records,33.0,147.0,Okavango Pete: An appreciation of Peter Smith,"J D Jones (ed), A V Campbell, J Cooke, M Main, F Ellery, M Dziewieka",,no,https://www.thebotswanasociety.net/botswana-notes-records,botswana-notes-records-index-recent.xlsx
Botswana Notes & Records,33.0,170.0,"People of Mochudi1960-1995, Mochudi Around the Time of Independence",Sandy Grant Reviewed by Neil Parsons,1960;1995,yes,https://www.thebotswanasociety.net/botswana-notes-records,botswana-notes-records-index-recent.xlsx
Botswana Notes & Records,33.0,170.0,"People of Mochudi1960-1995, Mochudi Around the Time of Independence",Sany Grant Reviewed by Neil Parsons,1960;1995,yes,https://www.thebotswanasociety.net/botswana-notes-records,botswana-notes-records-index-recent.xlsx
Botswana Notes & Records,33.0,161.0,Rock Art of Africa by Alec Campbell & David Coulson,Reviewed by Nick Walker,,no,https://www.thebotswanasociety.net/botswana-notes-records,botswana-notes-records-index-recent.xlsx
Botswana Notes & Records,33.0,55.0,Seodi Khama,S Grant,,no,https://www.thebotswanasociety.net/botswana-notes-records,botswana-notes-records-index-recent.xlsx
Botswana Notes & Records,33.0,167.0,Shadow Bird,Willemein le Roux Reviewed by Janet Hermans,,no,https://www.thebotswanasociety.net/botswana-notes-records,botswana-notes-records-index-recent.xlsx
Botswana Notes & Records,33.0,174.0,Sheila Bagnall's Letters from Botswana,Edited by Sandy Grant Rewiewed by Vernon Gibberd,,no,https://www.thebotswanasociety.net/botswana-notes-records,botswana-notes-records-index-recent.xlsx
Botswana Notes & Records,33.0,101.0,Spatial characteristics of riparian woodlands in the distal Okavango Delta,"M C Bonyongo, T Mubyana, O Totolo and E M Veenandaal",,no,https://www.thebotswanasociety.net/botswana-notes-records,botswana-notes-records-index-recent.xlsx
Botswana Notes & Records,33.0,176.0,Tears of the Giraffe Alexander McCall Smith,Reviewed by Janet Hermans,,no,https://www.thebotswanasociety.net/botswana-notes-records,botswana-notes-records-index-recent.xlsx
Botswana Notes & Records,33.0,164.0,The Bushmen of Southern Africa: Slaughter of the Innocents,Sandy Gall Reviewed by Janet Hermans,,no,https://www.thebotswanasociety.net/botswana-notes-records,botswana-notes-records-index-recent.xlsx
Botswana Notes & Records,33.0,153.0,The Dispersion of Vehicular emissions from a busy road,"E R Jayaratne, T S Verma, T A Thomas",,yes,https://www.thebotswanasociety.net/botswana-notes-records,botswana-notes-records-index-recent.xlsx
Botswana Notes & Records,33.0,153.0,The dispersion of Vehicular emissions from a busy road,"E R Jayaratne, T S Verma, T A Thomas",,yes,https://www.thebotswanasociety.net/botswana-notes-records,botswana-notes-records-index-recent.xlsx
Botswana Notes & Records,33.0,115.0,The distribution and association of Grewiaflava with other species in the Kalahari environment,R. Parris,,no,https://www.thebotswanasociety.net/botswana-notes-records,botswana-notes-records-index-recent.xlsx
Botswana Notes & Records,33.0,176.0,The No1 Ladies' Detective Agency Alexander McCall Smith,Reviewed by Janet Hermans,,no,https://www.thebotswanasociety.net/botswana-notes-records,botswana-notes-records-index-recent.xlsx
Botswana Notes & Records,33.0,73.0,The Plight of Family Caregivers in home-based care in Botswana,N A Phaladze,,no,https://www.thebotswanasociety.net/botswana-notes-records,botswana-notes-records-index-recent.xlsx
Botswana Notes & Records,33.0,47.0,"Tshekedi Khama, Patrick Duncan and the ANC Leadership vacuum in South Africa 1949-55",C J Makgala,1949,no,https://www.thebotswanasociety.net/botswana-notes-records,botswana-notes-records-index-recent.xlsx
Botswana Notes & Records,33.0,149.0,"Women, water and the natural resources management in Southern Africa","R K Hitchcock, M Kelly, and J Ebert",,yes,https://www.thebotswanasociety.net/botswana-notes-records,botswana-notes-records-index-recent.xlsx
Botswana Notes & Records,34.0,160.0,A Brief Note on the History of Serowe,C J Makgala,,yes,https://www.thebotswanasociety.net/botswana-notes-records,botswana-notes-records-index-recent.xlsx
Botswana Notes & Records,34.0,55.0,A potential strategy for research to improve small stock nutrition under traditional farming system in Botswana,"O M Mine, O R Madibela and D M T Motlhanka",,no,https://www.thebotswanasociety.net/botswana-notes-records,botswana-notes-records-index-recent.xlsx
Botswana Notes & Records,34.0,91.0,Configurations of Women-centered Organisations in Contemporary Botswana,B N Ngwenya,,no,https://www.thebotswanasociety.net/botswana-notes-records,botswana-notes-records-index-recent.xlsx
Botswana Notes & Records,34.0,107.0,Enhancing the Commercial Value of Sorghum in Botswana,O R Madibela and L A Lekgari,,no,https://www.thebotswanasociety.net/botswana-notes-records,botswana-notes-records-index-recent.xlsx
Botswana Notes & Records,34.0,67.0,"Environmental Impact of Tourism Development in the Okavango Delta, Northwestern Botswana",J Mbaiwa,,yes,https://www.thebotswanasociety.net/botswana-notes-records,botswana-notes-records-index-recent.xlsx
Botswana Notes & Records,34.0,67.0,"Environmental Impacts of Tourism Development in the Okavango Delta, Northwestern Botswana",P.R. Weare,,yes,https://www.thebotswanasociety.net/botswana-notes-records,botswana-notes-records-index-recent.xlsx
Botswana Notes & Records,34.0,67.0,"Environmental Impacts of Tourism Development in the Okavango Delta, Northwestern Botswana",J Mbaiwa,,yes,https://www.thebotswanasociety.net/botswana-notes-records,botswana-notes-records-index-recent.xlsx
Botswana Notes & Records,34.0,123.0,Flooding and Soil Nutrient Status in the Okavango Delta's Seasonal Floodplains,R. Parris,,no,https://www.thebotswanasociety.net/botswana-notes-records,botswana-notes-records-index-recent.xlsx
Botswana Notes & Records,34.0,123.0,Flooding and Soil Nutrient Status in the Okavango Delta's Seasonal Floodplains,"M C Bonyongo, T Mubyana, O Totolo and E M Veenandaal",,no,https://www.thebotswanasociety.net/botswana-notes-records,botswana-notes-records-index-recent.xlsx
Botswana Notes & Records,34.0,144.0,Let us plough: Co-operative development in Botswana in 1963-68,T Bottomley,1963,yes,https://www.thebotswanasociety.net/botswana-notes-records,botswana-notes-records-index-recent.xlsx
Botswana Notes & Records,34.0,113.0,Mapping Traditional Territories in the Central Kalahari Game Reserve,C Vanderpost and A Albertson,,no,https://www.thebotswanasociety.net/botswana-notes-records,botswana-notes-records-index-recent.xlsx
Botswana Notes & Records,34.0,141.0,Moutlakgola Ngwako: A Distinguished public servant,J Ramsay,,no,https://www.thebotswanasociety.net/botswana-notes-records,botswana-notes-records-index-recent.xlsx
Botswana Notes & Records,34.0,133.0,Ruth Khama: A life for others,J Ramsay,,no,https://www.thebotswanasociety.net/botswana-notes-records,botswana-notes-records-index-recent.xlsx
Botswana Notes & Records,34.0,37.0,Slipping Through Their Fingers: Women's Migration and Tswana Patriarchy,C Cockerton,,yes,https://www.thebotswanasociety.net/botswana-notes-records,botswana-notes-records-index-recent.xlsx
Botswana Notes & Records,34.0,25.0,"The assassination of Kgosi Seepapitso Gaseitsiwe of BaNgwaketse, 1916-17",Y H Matemba,1916,no,https://www.thebotswanasociety.net/botswana-notes-records,botswana-notes-records-index-recent.xlsx
Botswana Notes & Records,34.0,153.0,The campaign to save Kgosi Bathoen's 1914 office and the historic Kgotla in Kanye,Sandy Grant,1914,no,https://www.thebotswanasociety.net/botswana-notes-records,botswana-notes-records-index-recent.xlsx
Botswana Notes & Records,34.0,11.0,The orgin of the Loe hole of Matsieng,"M J McFarlane, A Gleske, J Wormald",,no,https://www.thebotswanasociety.net/botswana-notes-records,botswana-notes-records-index-recent.xlsx
Botswana Notes & Records,35.0,169-178,Adding value to horticultural crops in Botswana,Omo Ohiokpehai,,no,https://www.thebotswanasociety.net/botswana-notes-records,botswana-notes-records-index-recent.xlsx
Botswana Notes & Records,35.0,125-139,Corruption and its control in Botswana,David Sebudubudu,,no,https://www.thebotswanasociety.net/botswana-notes-records,botswana-notes-records-index-recent.xlsx
Botswana Notes & Records,35.0,41-52,Graves at the settlement of Tati in the north-east of Botswana,Geoff S. Quick,,yes,https://www.thebotswanasociety.net/botswana-notes-records,botswana-notes-records-index-recent.xlsx
Botswana Notes & Records,35.0,147-168,"Impact of climate change, vulnerability and adaptation options: exploring the case for Botswana through Southern Africa: a review",Opha Pauline Dube,,no,https://www.thebotswanasociety.net/botswana-notes-records,botswana-notes-records-index-recent.xlsx
Botswana Notes & Records,35.0,189-191,Memoirs of a greenhorn: a newlywed's experience of the B.P.,Judy Campbell,,no,https://www.thebotswanasociety.net/botswana-notes-records,botswana-notes-records-index-recent.xlsx
Botswana Notes & Records,35.0,11-31,"New facts and interpretations of events in the Anglo-South African War in the Gaborone area, 1899-1902",Rob Burrett & Peter Millington,1899;1902,yes,https://www.thebotswanasociety.net/botswana-notes-records,botswana-notes-records-index-recent.xlsx
Botswana Notes & Records,35.0,69-77,Problems facing the tourism industry of Botswana,Naomi Moswete & Felix T. Mavondo,,no,https://www.thebotswanasociety.net/botswana-notes-records,botswana-notes-records-index-recent.xlsx
Botswana Notes & Records,35.0,79-87,Property issues in the dissolution of marriages: experiences of some divorced mothers in Botswana,Tapologo Maundeni,,no,https://www.thebotswanasociety.net/botswana-notes-records,botswana-notes-records-index-recent.xlsx
Botswana Notes & Records,35.0,195-198,Reminiscences of Sam and Ann Burnett: recorded in Gaborone,Mike Main,,no,https://www.thebotswanasociety.net/botswana-notes-records,botswana-notes-records-index-recent.xlsx
Botswana Notes & Records,35.0,201-202,Review of A Chronicle of Print and Electronic Media for Aspiring Journalists {[n Botswana] by Wayne Levy,Sandy Grant,,no,https://www.thebotswanasociety.net/botswana-notes-records,botswana-notes-records-index-recent.xlsx
Botswana Notes & Records,35.0,111-123,The Africa Growth and Opportunity Act (AGOA) trade regime: opportunities and challenges for Botswana,Gladys Mokhawa & Berth Osei-Hwedie,,no,https://www.thebotswanasociety.net/botswana-notes-records,botswana-notes-records-index-recent.xlsx
Botswana Notes & Records,35.0,89-97,The dangers of ethnic groups' relocation: the case of the CKGR Khoe and San communities,A.M. Chebanne,,no,https://www.thebotswanasociety.net/botswana-notes-records,botswana-notes-records-index-recent.xlsx
Botswana Notes & Records,35.0,141-145,The diaconal and liberation role of the Church in the fight against HIV/ AIDS in Botswana,Moji Ruele,,no,https://www.thebotswanasociety.net/botswana-notes-records,botswana-notes-records-index-recent.xlsx
Botswana Notes & Records,35.0,179-186,"The effect of rainfall on the composition and quality of food ingested by two species of fishes, Schilbe intermedius and Oreochromis mossambicus, in Gaborone dam","G. Teferra, B. Feledi, & D. Motlhbane",,no,https://www.thebotswanasociety.net/botswana-notes-records,botswana-notes-records-index-recent.xlsx
Botswana Notes & Records,35.0,192-194,The Jesuit Tree and Oliphant's Drift,Mike Main,,no,https://www.thebotswanasociety.net/botswana-notes-records,botswana-notes-records-index-recent.xlsx
Botswana Notes & Records,35.0,99-109,The politics of poverty in Botswana,Zibani Maundeni,,no,https://www.thebotswanasociety.net/botswana-notes-records,botswana-notes-records-index-recent.xlsx
Botswana Notes & Records,35.0,53-67,"The pre-colonial political history of BaKgatla baga Mmanaana of Botswana, c.1600-1881",Yonah Hisbon Matemba,1881,yes,https://www.thebotswanasociety.net/botswana-notes-records,botswana-notes-records-index-recent.xlsx
Botswana Notes & Records,35.0,33-40,The relationship between Batswana chiefs and British administrators: a linguistic perspective,Mompoloki M. Bagwasi,,no,https://www.thebotswanasociety.net/botswana-notes-records,botswana-notes-records-index-recent.xlsx
Botswana Notes & Records,36.0,143-145,"""Not knots in a piece of string"": counting the population in 1964",A.C. Campbell,1964,no,https://www.thebotswanasociety.net/botswana-notes-records,botswana-notes-records-index-recent.xlsx
Botswana Notes & Records,36.0,143-145,"""Not knots in a piece of string"": counting the population in 1964",Alec Campbell,1964,no,https://www.thebotswanasociety.net/botswana-notes-records,botswana-notes-records-index-recent.xlsx
Botswana Notes & Records,36.0,43795.0,"A survey of race relations in Botswana, 1800-1966",Christian John Makgala,1800;1966,no,https://www.thebotswanasociety.net/botswana-notes-records,botswana-notes-records-index-recent.xlsx
Botswana Notes & Records,36.0,67-73,Captain Arthur John Tyler 1871-1900,Peter Millington,1871;1900,no,https://www.thebotswanasociety.net/botswana-notes-records,botswana-notes-records-index-recent.xlsx
Botswana Notes & Records,36.0,91-105,"Cash, crops and cattle: a study of rural livelihoods in Botswana",Gerd Wikan,,no,https://www.thebotswanasociety.net/botswana-notes-records,botswana-notes-records-index-recent.xlsx
Botswana Notes & Records,36.0,82-90,Fungi in Botswana,Jo Taylor,,no,https://www.thebotswanasociety.net/botswana-notes-records,botswana-notes-records-index-recent.xlsx
Botswana Notes & Records,36.0,48-54,Gaps relating to social science and HIV/ AIDS research in Botswana,Oleosi Ntshebe,,no,https://www.thebotswanasociety.net/botswana-notes-records,botswana-notes-records-index-recent.xlsx
Botswana Notes & Records,36.0,74-81,Initiatives to promote civil society in Botswana in the 1960s: a personal memoir,Peter Wass,1960,no,https://www.thebotswanasociety.net/botswana-notes-records,botswana-notes-records-index-recent.xlsx
Botswana Notes & Records,36.0,146-147,Lunularia cruciata (l.) Dum: a new hepatic record for Botswana,"S.-L.K. Steel, J.B. Steel, & J.B. Wilson",,no,https://www.thebotswanasociety.net/botswana-notes-records,botswana-notes-records-index-recent.xlsx
Botswana Notes & Records,36.0,27-36,Povery alleviation strategies in Botswana: the case of Labour-Intensive Public Works Programme (LIPWP),Kesitegile S.M. Gabotswang,,no,https://www.thebotswanasociety.net/botswana-notes-records,botswana-notes-records-index-recent.xlsx
Botswana Notes & Records,36.0,185-187,"Review of Civil Society, Politics and the State in Botswana by Zibani Maundeni",Christian John Makgala,,no,https://www.thebotswanasociety.net/botswana-notes-records,botswana-notes-records-index-recent.xlsx
Botswana Notes & Records,36.0,185-187,"Review of Civil Society, Politics and the State in Botswana by Zibani Maundeni",C.J. Makgala,,no,https://www.thebotswanasociety.net/botswana-notes-records,botswana-notes-records-index-recent.xlsx
Botswana Notes & Records,36.0,183-185,Review of Ecological Survey of Zambia: The Traverse Records of C.G. Trapnell edited by Paul Smith,M.J. MacFarlane,,no,https://www.thebotswanasociety.net/botswana-notes-records,botswana-notes-records-index-recent.xlsx
Botswana Notes & Records,36.0,180-183,Review of Guide to Greater Gaborone by Alec Campbell & Mike Main,Catrien van Waarden,,no,https://www.thebotswanasociety.net/botswana-notes-records,botswana-notes-records-index-recent.xlsx
Botswana Notes & Records,36.0,180-183,Review of Guide to Greater Gaborone by Alec Campbell & Mike Main,M.J. MacFarlane,,no,https://www.thebotswanasociety.net/botswana-notes-records,botswana-notes-records-index-recent.xlsx
Botswana Notes & Records,36.0,177-179,Review of The Archaeology of Southern Africa by Peter Mitchell,Nick Walker,,no,https://www.thebotswanasociety.net/botswana-notes-records,botswana-notes-records-index-recent.xlsx
Botswana Notes & Records,36.0,173-175,"Review of The Politics of Confusion: The BNF Saga, 1984-1998 by Michael Dingake",C.J. Makgala,1984;1998,no,https://www.thebotswanasociety.net/botswana-notes-records,botswana-notes-records-index-recent.xlsx
Botswana Notes & Records,36.0,175-177,Review of The Return of El Negro: The Compelling Story of Africa's Unknown Soldier by Caitlin Davies,Sheldon G. Weeks,,no,https://www.thebotswanasociety.net/botswana-notes-records,botswana-notes-records-index-recent.xlsx
Botswana Notes & Records,36.0,179-180,Review of Workers in the Ghanzi District: A Story of Perseverance 1998-2003 by Basirelatsi K. Maphane & Janet Hermans,Sheldon G. Weeks,1998;2003,no,https://www.thebotswanasociety.net/botswana-notes-records,botswana-notes-records-index-recent.xlsx
Botswana Notes & Records,36.0,37-47,Terrain evaluation and the Botswana environment,Julius R. Atlhopheng,,no,https://www.thebotswanasociety.net/botswana-notes-records,botswana-notes-records-index-recent.xlsx
Botswana Notes & Records,36.0,148-159,The Archaeology and Prehistory of Botswana: A Bibliography (1999-2003) [first five yearly supplement,Catrien van Waarden,1999;2003,no,https://www.thebotswanasociety.net/botswana-notes-records,botswana-notes-records-index-recent.xlsx
Botswana Notes & Records,36.0,148-159,The Archaeology and Prehistory of Botswana: A Bibliography (1999-2003) [first five yearly supplement],Catrien van Waarden,1999;2003,no,https://www.thebotswanasociety.net/botswana-notes-records,botswana-notes-records-index-recent.xlsx
Botswana Notes & Records,36.0,55-66,The establishment of National Parks and Game Reserves in Botswana,Alec Campbell,,no,https://www.thebotswanasociety.net/botswana-notes-records,botswana-notes-records-index-recent.xlsx
Botswana Notes & Records,36.0,136-139,The linear dunes of Ngamiland,M. McFarlane & F. Eckardt,,no,https://www.thebotswanasociety.net/botswana-notes-records,botswana-notes-records-index-recent.xlsx
Botswana Notes & Records,36.0,125-135,The roles of applied and development anthropology and archaeology among the San of Botswana,Robert K. Hitchcock,,yes,https://www.thebotswanasociety.net/botswana-notes-records,botswana-notes-records-index-recent.xlsx
Botswana Notes & Records,37.0,280-291,An analysis of spatial and temporal variations in the Okavango Delta fishery: towards the development of a fisheries management plan,K. Mosepele & B. Mosepele,,yes,https://www.thebotswanasociety.net/botswana-notes-records,botswana-notes-records-index-recent.xlsx
Botswana Notes & Records,37.0,179-195,Aspects of seasonal dynamics of flooding in the Okavango Delta,"P.Wolski, T. Masaka, L. Raditsebe, & M. Murray-Hudson",,no,https://www.thebotswanasociety.net/botswana-notes-records,botswana-notes-records-index-recent.xlsx
Botswana Notes & Records,37.0,264-279,"Calcrete mapping and palaeo-environments in the Qangwa area, northwest Botswana","L.Gobagoba, T.Meyer, S.Ringrose, A.M. Kampunzu, & S. Coertzee",,no,https://www.thebotswanasociety.net/botswana-notes-records,botswana-notes-records-index-recent.xlsx
Botswana Notes & Records,37.0,108-124,Community attitudes and perceptions towards urban ecological issues in Maun and Gaborone,"E.N. Toteng, J.E. Mbaiwa, & N.N. Moswete",,yes,https://www.thebotswanasociety.net/botswana-notes-records,botswana-notes-records-index-recent.xlsx
Botswana Notes & Records,37.0,43790.0,Cost-benefit analysis of commercial fishing in Shakawe,"G. Mmopelwa, S. Raletsatsi, & K. Mosepele",,no,https://www.thebotswanasociety.net/botswana-notes-records,botswana-notes-records-index-recent.xlsx
Botswana Notes & Records,37.0,196-207,Early maps of Ngamiland and the Okavango Delta,C. VanderPost,,no,https://www.thebotswanasociety.net/botswana-notes-records,botswana-notes-records-index-recent.xlsx
Botswana Notes & Records,37.0,227-235,Habitat utilization by Impala (Aepyceros melampus) in the Okavango Delta,C.M. Bonyongo,,no,https://www.thebotswanasociety.net/botswana-notes-records,botswana-notes-records-index-recent.xlsx
Botswana Notes & Records,37.0,161-178,"HIV/ AIDS, home care and human waste disposal in the Okavango Delta","O.M. Phorano, K. Nthomang, & B.N. Ngwenya",,no,https://www.thebotswanasociety.net/botswana-notes-records,botswana-notes-records-index-recent.xlsx
Botswana Notes & Records,37.0,138-160,"HIV/ AIDS, intra-family resource capacity and home care in Maun",B.N. Ngwenya & B.M. Butale,,no,https://www.thebotswanasociety.net/botswana-notes-records,botswana-notes-records-index-recent.xlsx
Botswana Notes & Records,37.0,97-107,Household willingness to pay for reliability of water supply and quality in Chobe suburb of Maun: an application of the contingent valuation method,"G. Mmopelwa, D.L. Kgathi, W.R.L. Masamba, & A. Thukuza",,yes,https://www.thebotswanasociety.net/botswana-notes-records,botswana-notes-records-index-recent.xlsx
Botswana Notes & Records,37.0,253-263,Islands in the Okavango delta as sinks of water-borne nutrients,"P.Wolski,M.Murray-Hudson,P.Fernkvist,A.Liden,P.Huntsman-Mapila, & L. Ramberg",,yes,https://www.thebotswanasociety.net/botswana-notes-records,botswana-notes-records-index-recent.xlsx
Botswana Notes & Records,37.0,208-217,"Preliminary assessment of the feeding ecology of Silver Catfish (Schilbe intermedius, Ruppel, 1932) in a seasonal floodplain of the Okavango Delta","K. Mosepele, B. Mosepele, & L. Williams",1932,no,https://www.thebotswanasociety.net/botswana-notes-records,botswana-notes-records-index-recent.xlsx
Botswana Notes & Records,37.0,236-252,Preliminary land-use and land-cover mapping in the upper Okavango Basin and implications for the Okavango Delta,"C. VanderPost, S. Ringrose, & M. Seely",,yes,https://www.thebotswanasociety.net/botswana-notes-records,botswana-notes-records-index-recent.xlsx
Botswana Notes & Records,37.0,218-226,Spatial and seasonal variation of major cation and selected trace metal ion concentrations in the Okavango-Maunachira-Khwai channels of the Okavango Delta,W.R.L. Masamba & A. Muzila,,no,https://www.thebotswanasociety.net/botswana-notes-records,botswana-notes-records-index-recent.xlsx
Botswana Notes & Records,37.0,22-39,The economic contribution of safari hunting to rural livelihoods in the Okavango: the case of Sankuyo village,"O.T. Thakadu, K.T. Mangadi, F.E. Barnard, & J.E. Mbaiwa",,no,https://www.thebotswanasociety.net/botswana-notes-records,botswana-notes-records-index-recent.xlsx
Botswana Notes & Records,37.0,125-137,"The impact of extreme flooding of the Okavango River on the livelihood of the molapo farming community of Tubu village, Ngamiland Sub-District",L. Magole & K. Thapelo,,no,https://www.thebotswanasociety.net/botswana-notes-records,botswana-notes-records-index-recent.xlsx
Botswana Notes & Records,37.0,292-305,Using population parameters to separate fish stocks in the Okavango Delta fishery: a preliminary assessment,"K. Mosepele, B. Onalethata, B. Mosepele, & B. Thethela",,no,https://www.thebotswanasociety.net/botswana-notes-records,botswana-notes-records-index-recent.xlsx
Botswana Notes & Records,38.0,n/a,A chronology of modern Gaborone,Sandy Grant,,no,https://www.thebotswanasociety.net/botswana-notes-records,botswana-notes-records-index-recent.xlsx
Botswana Notes & Records,38.0,n/a,A hundred years of Botswana films and filming,Neil Parsons,,no,https://www.thebotswanasociety.net/botswana-notes-records,botswana-notes-records-index-recent.xlsx
Botswana Notes & Records,38.0,n/a,Botswana's 2003/ 04 to 2006/ 07 budgets: the war against HIV/ AIDS,G.R. Motlaleng,2003;2006,yes,https://www.thebotswanasociety.net/botswana-notes-records,botswana-notes-records-index-recent.xlsx
Botswana Notes & Records,38.0,n/a,Extracts from Sir Richard Glyn's diary,"Alec Campbell & Mike Main, eds.",,no,https://www.thebotswanasociety.net/botswana-notes-records,botswana-notes-records-index-recent.xlsx
Botswana Notes & Records,38.0,n/a,Ikalanga traditional musical instruments,Otukile Sindiso Phibion,,no,https://www.thebotswanasociety.net/botswana-notes-records,botswana-notes-records-index-recent.xlsx
Botswana Notes & Records,38.0,n/a,My early days in Botswana,Ray Cole,,no,https://www.thebotswanasociety.net/botswana-notes-records,botswana-notes-records-index-recent.xlsx
Botswana Notes & Records,38.0,n/a,"Nutrition and school gardens in Botswana, 1930-1952",Rodgers Molefi,1930;1952,no,https://www.thebotswanasociety.net/botswana-notes-records,botswana-notes-records-index-recent.xlsx
Botswana Notes & Records,38.0,n/a,Review of Alan Seager's The Shadow of a Great Rock,Neil Parsons,,no,https://www.thebotswanasociety.net/botswana-notes-records,botswana-notes-records-index-recent.xlsx
Botswana Notes & Records,38.0,n/a,Review of David Sinclair's The White Tide (original text by Alfred Musson),Neil Parsons,,no,https://www.thebotswanasociety.net/botswana-notes-records,botswana-notes-records-index-recent.xlsx
Botswana Notes & Records,38.0,n/a,Review of James Denbow & Phenyo Thebe's Culture and Customs of Botswana,Alec Campbell,,no,https://www.thebotswanasociety.net/botswana-notes-records,botswana-notes-records-index-recent.xlsx
Botswana Notes & Records,38.0,n/a,Review of Richard Werbner's Reasonable Radicals and Citizenship in Botswana: The Public Anthropology of Kalanga Elites,Tom Holzinger,,no,https://www.thebotswanasociety.net/botswana-notes-records,botswana-notes-records-index-recent.xlsx
Botswana Notes & Records,38.0,n/a,Review of Susan Williams' Colour Bar: The Triumph of Seretse Khama and His Nation,John Holm,,no,https://www.thebotswanasociety.net/botswana-notes-records,botswana-notes-records-index-recent.xlsx
Botswana Notes & Records,38.0,n/a,Social and economic importance of Grewia flava to the people of western parts of Kweneng district and factors affecting its spatial distribution in Botswana,John Mainah,,no,https://www.thebotswanasociety.net/botswana-notes-records,botswana-notes-records-index-recent.xlsx
Botswana Notes & Records,38.0,n/a,Subiya traditional literature: a preliminary survey,Ndama,,no,https://www.thebotswanasociety.net/botswana-notes-records,botswana-notes-records-index-recent.xlsx
Botswana Notes & Records,38.0,n/a,The Bessie Head Papers in Serowe: notes working towards a catalogue,Tom Holzinger,,no,https://www.thebotswanasociety.net/botswana-notes-records,botswana-notes-records-index-recent.xlsx
Botswana Notes & Records,38.0,n/a,"The bid to settle Jewish refugees from Nazi Germany in Botswana, 1938-1939",John Makgala,1938;1939,no,https://www.thebotswanasociety.net/botswana-notes-records,botswana-notes-records-index-recent.xlsx
Botswana Notes & Records,38.0,n/a,The evolution of formal widwifery education from 1926 to the present,K. Dintle Mogobe,1926,yes,https://www.thebotswanasociety.net/botswana-notes-records,botswana-notes-records-index-recent.xlsx
Botswana Notes & Records,38.0,n/a,The homestead at Crocodile Pools,Alec Campbell,,no,https://www.thebotswanasociety.net/botswana-notes-records,botswana-notes-records-index-recent.xlsx
Botswana Notes & Records,38.0,n/a,The Mafeking legacy,Quill Hermans,,no,https://www.thebotswanasociety.net/botswana-notes-records,botswana-notes-records-index-recent.xlsx
Botswana Notes & Records,38.0,n/a,"The Phutadikobo Museum: a record of involvement and achievement, 1976-2006",Sandy Grant,1976;2006,yes,https://www.thebotswanasociety.net/botswana-notes-records,botswana-notes-records-index-recent.xlsx
Botswana Notes & Records,38.0,n/a,The real Baines Drift,Rob Burrett,,no,https://www.thebotswanasociety.net/botswana-notes-records,botswana-notes-records-index-recent.xlsx
Botswana Notes & Records,38.0,n/a,Traditional authority: its ambivalent role in Botswana politics,John D. Holm,,no,https://www.thebotswanasociety.net/botswana-notes-records,botswana-notes-records-index-recent.xlsx
