date,title,summary,url,category,source
01 Apr 2014,Tonota residents discuss development plan,A handful of Tonota residents who attended the consultative meeting for the...,https://dailynews.gov.bw/news-detail/10295,development,Botswana DailyNews
01 Apr 2015,The plight of Struizendam,"Located just a stone throw from Transfrontier National park, deep down in...",https://dailynews.gov.bw/news-detail/19142,development,Botswana DailyNews
01 Apr 2025,Boko donates books to Mahupu and Takatokwane schools,President Advocate Duma Boko has promised to donate 3 000 books to...,https://dailynews.gov.bw/news-detail/85577,politics,Botswana DailyNews
01 Apr 2025,Court dismisses charges against Holland,Francistown Magistrate Court has discharged David Holland after the state withdrew charges...,https://dailynews.gov.bw/news-detail/85560,crime,Botswana DailyNews
01 Apr 2025,Sedudu - Ngoma gates transit route opens 24 hours,Parakarungu and Satau residents have lauded government for opening Sedudu-Ngoma gates transit...,https://dailynews.gov.bw/news-detail/85576,development,Botswana DailyNews
01 Apr 2025,UDC cascades strategy to local authorities,Government has extended implementation of the Transitional National Development Plan (TNDP) until...,https://dailynews.gov.bw/news-detail/85566,politics,Botswana DailyNews
01 Apr 2025,Utilise the digital market space - President Boko,"Time is ripe for companies to utilise the digital market space, to...",https://dailynews.gov.bw/news-detail/85567,politics,Botswana DailyNews
01 Apr 2026,Christian community prepare for Easter,"With Easter weekend already here, churches will gather at designated locations to...",https://dailynews.gov.bw/news-detail/90828,art-culture,Botswana DailyNews
01 Apr 2026,Draft policy charts agric. future,The National Agriculture Draft Policy 2025 is set to charter a new...,https://dailynews.gov.bw/news-detail/90841,parliament,Botswana DailyNews
01 Apr 2026,Ipabaleleng tseleng,Kgosi Moitshepi Molelwa wa motse wa Gumare o gwetlhile badirisi ba tsela...,https://dailynews.gov.bw/news-detail/90844,dikgang,Botswana DailyNews
01 Apr 2026,Kazungula Weighbridge to resume operations May,The Kazungula weighbridge is expected to be fully operational by May 2026...,https://dailynews.gov.bw/news-detail/90839,parliament,Botswana DailyNews
01 Apr 2026,MPs advocate food sovereignty,Legislators have called for a shift in the nation’s agricultural strategy to...,https://dailynews.gov.bw/news-detail/90838,parliament,Botswana DailyNews
01 Apr 2026,Minister addresses staffing gaps at Sekgoma hospital,"There are currently 34 doctors at Sekgoma Memorial Hospital, comprising 21 general...",https://dailynews.gov.bw/news-detail/90835,parliament,Botswana DailyNews
01 Apr 2026,Parliament ratifies P482m health ministry over-expenditure,Parliament has ratified an over-expenditure of P482 million incurred by the Ministry...,https://dailynews.gov.bw/news-detail/90837,parliament,Botswana DailyNews
01 Apr 2026,Plans to modernise agriculture at advanced stage,Government is committed to transforming Botswana’s agricultural sector to raise the sector’s...,https://dailynews.gov.bw/news-detail/90840,parliament,Botswana DailyNews
01 Apr 2026,Sekole se tlaa bulwa,Banni ba Ditshiping mo makgobokgobong a Okavango ba dumalane gore sekole sa...,https://dailynews.gov.bw/news-detail/90846,dikgang,Botswana DailyNews
01 Apr 2026,Serowe Rehabilitation centre to open July,Serowe Rehabilitation Centre at the repurposed Old Sekgoma Memorial Hospital is now...,https://dailynews.gov.bw/news-detail/90836,parliament,Botswana DailyNews
01 Dec 2024,Moshupa police investigate rape and murder cases,Moshupa police are in search of an assailant who allegedly raped a...,https://dailynews.gov.bw/news-detail/83416,crime,Botswana DailyNews
01 Dec 2024,Xi urges more efforts to adapt Marxism to Chinese,"Xi Jinping, general secretary of the Communist Party of China (CPC) Central...",https://dailynews.gov.bw/news-detail/83406,politics,Botswana DailyNews
01 Dec 2025,Baithuti ba ba amogela dimpho,Baithuti ba ba ikatisetsang go nna mapodise ba abetse bana ba sekole...,https://dailynews.gov.bw/news-detail/89252,dikgang,Botswana DailyNews
01 Dec 2025,Commercial banks conduct internal labour related processes,The Ministry of Finance is not in possession of information suggesting that...,https://dailynews.gov.bw/news-detail/89258,parliament,Botswana DailyNews
01 Dec 2025,Forensic land audit to cover land allocations,The National Assembly on Friday voted in favour of a motion by...,https://dailynews.gov.bw/news-detail/89260,parliament,Botswana DailyNews
01 Dec 2025,Govt and State owned Enterprises play catalytic role in,Government continues to play significant and catalytic in the country’s economy such...,https://dailynews.gov.bw/news-detail/89261,parliament,Botswana DailyNews
01 Dec 2025,Ministry grapples with vandalism of pipelines,The Ministry of Water and Human Settlement continues to grapple with persistent...,https://dailynews.gov.bw/news-detail/89259,parliament,Botswana DailyNews
01 Jan 2025,Molepolole police investigate robbery,Police in Molepolole are investigating a robbery incident where thieves broke into...,https://dailynews.gov.bw/news-detail/83884,crime,Botswana DailyNews
01 Jan 2025,Pedestrian dies after being hit by car,A 37-year-old man of Lobatse lost his life after he was hit...,https://dailynews.gov.bw/news-detail/83885,crime,Botswana DailyNews
01 Jan 2025,Sojwe police investigate rape incident,Police in Sojwe are investigating a case in which a 24-year-old man...,https://dailynews.gov.bw/news-detail/83882,crime,Botswana DailyNews
01 Jan 2026,Maun Crosses into 2026 in Style,"Maun came alive on the night of December 31st, 2025, as music...",https://dailynews.gov.bw/news-detail/89532,art-culture,Botswana DailyNews
01 Jul 2014,Schools maintenance remains priority,"Maintenance of schools and other council facilities remains a priority, says the...",https://dailynews.gov.bw/news-detail/12521,development,Botswana DailyNews
01 Jul 2026,Why Sir The knighthood that followed Seretse Khama exile,July 1 is Sir Seretse Khama Day. The nation remembers the birth...,https://dailynews.gov.bw/news-detail/92056,politics,Botswana DailyNews
01 Jun 2014,Bangwaketse remember Bathoen with nostalgia,"Even after many years of his demise, the legacy of Kgosi Bathoen...",https://dailynews.gov.bw/news-detail/11716,development,Botswana DailyNews
01 Jun 2014,Funds shortage compels ministry to defer projects,The Ministry of Minerals Energy and Water Resources (MMEWR) has been compelled...,https://dailynews.gov.bw/news-detail/11711,development,Botswana DailyNews
01 Jun 2015,Project delays costly - Tsogwane,"The Minister of Local Government and Rural Development, Mr Slumber Tsogwane, has...",https://dailynews.gov.bw/news-detail/20473,development,Botswana DailyNews
01 Jun 2025,Councillors support decentralisation policy,Mabutsane District councillors are optimistic that Botswana National Decentralisation Policy will contribute...,https://dailynews.gov.bw/news-detail/86711,politics,Botswana DailyNews
01 Jun 2025,Review of DM model complete,The review of the Development Managers (DM) model has been finalised and...,https://dailynews.gov.bw/news-detail/86712,development,Botswana DailyNews
01 Jun 2026,Khama III Memorial Museum receives Colonial Artefacts from UK,"British Missionary, Reverend William Charles Willoughby, collected and removed dozens of cultural...",https://dailynews.gov.bw/news-detail/91660,art-culture,Botswana DailyNews
01 Jun 2026,Moologa Promotes Culture Through Music,"Mochudi-based Tshephang Kwapa, who goes by the stage name, Moologa, continues to...",https://dailynews.gov.bw/news-detail/91669,art-culture,Botswana DailyNews
01 Jun 2026,Nchunga Drops Tribute Single to Mogae,"Musician and attorney, Nchunga Nchunga has released Re tla mo gopola, literally...",https://dailynews.gov.bw/news-detail/91668,art-culture,Botswana DailyNews
01 Mar 2015,Projects delay worry Jwaneng mayor,"Jwaneng mayor, Mr Tsietsi Oodira-Kwenje has expressed displeasure at the way projects...",https://dailynews.gov.bw/news-detail/18128,development,Botswana DailyNews
01 Mar 2026,Israel closes airspace to civilian flights following attacks on,Israel closed its airspace to civilian flights on Saturday following a joint...,https://dailynews.gov.bw/news-detail/90305,politics,Botswana DailyNews
01 May 2017,Khama visits Xere,"President Lt Gen. Dr Seretse Khama Ian Khama recently donated food hampers,...",https://dailynews.gov.bw/news-detail/35801,development,Botswana DailyNews
01 May 2025,Court convicts Letsididi of rape,"A rape convict, Tshepiso Letsididi, was yesterday pronounced guilty for raping yet...",https://dailynews.gov.bw/news-detail/86086,crime,Botswana DailyNews
01 May 2025,MP briefs residents on projects,The Tonota-Patayamatebele gravel road is not included for bitumen upgrading in the...,https://dailynews.gov.bw/news-detail/86095,development,Botswana DailyNews
01 May 2025,Mokgware implores trade unions to partake in law amendments,Trade unions have been implored to collaborate with the government through proposing...,https://dailynews.gov.bw/news-detail/86080,politics,Botswana DailyNews
01 May 2025,Respect workers rights and employment policies,"The Minister of Labour and Home Affairs, Major General Pius Mokgware has...",https://dailynews.gov.bw/news-detail/86094,development,Botswana DailyNews
01 May 2026,MmaBessie Festival Revives Call To Boost Food Security,"The Mmabessie Cultural Festival kicked off today at Serowe Main Kgotla, with...",https://dailynews.gov.bw/news-detail/91246,art-culture,Botswana DailyNews
01 Nov 2017,Kedikilwe launches construction of Milk Africa,"Former vice president, Dr Ponatshego Kedikilwe says the construction of the Milk...",https://dailynews.gov.bw/news-detail/39195,development,Botswana DailyNews
01 Nov 2021,"Agriculture ministry, Bogosi long-standing partners",The Ministry of Agricultural Development and Food Security is open to suggestions...,https://dailynews.gov.bw/news-detail/64004,development,Botswana DailyNews
01 Nov 2021,Ministry to sensitise farmers on ear tagging,The Ministry of Agricultural Development and Food Security is planning to embark...,https://dailynews.gov.bw/news-detail/64003,development,Botswana DailyNews
01 Nov 2024,BCP wins Chobe Constituency,Chobe constituency results BCP - Simasiiku Mapulanga 5 238 BDP -...,https://dailynews.gov.bw/news-detail/82888,elections,Botswana DailyNews
01 Nov 2024,Bagaisamang bags Shoshong constituency,UDC Moneedi Bagaisamang 7 745 BDP Aubrey Lesaso 2 633 BPF Batsetswe...,https://dailynews.gov.bw/news-detail/82916,politics,Botswana DailyNews
01 Nov 2024,Bobirwa Constituency goes to,Bobirwa constituency BCP Taolo Lucas- 10 074 BDP Francisco Kgoboko - 7...,https://dailynews.gov.bw/news-detail/82889,elections,Botswana DailyNews
01 Nov 2024,Dow wins Kgatleng West,Kgatleng West Constituency BCP Unity Dow - 4425 BDP Daniel Molokwe -...,https://dailynews.gov.bw/news-detail/82893,elections,Botswana DailyNews
01 Nov 2024,Furniture new Tati East constituency MP,Tati East constituency BCP -Tlhabologo Furniture 4490 BDP - Dr...,https://dailynews.gov.bw/news-detail/82895,elections,Botswana DailyNews
01 Nov 2024,Gare retains Moshupa / Manyana,Moshupa/Manyana constituency BDP Karabo Gare - 13 422 UDC Moses Loeto -...,https://dailynews.gov.bw/news-detail/82894,elections,Botswana DailyNews
01 Nov 2024,Hikuama new Maun West MP,Maun West Constituency BCP Caterpillar Hikuama - 7 260 BDP Thato Kwerepe...,https://dailynews.gov.bw/news-detail/82905,elections,Botswana DailyNews
01 Nov 2024,Kekgonegile wins Maun East,Maun East constituency BCP Goretetse Kekgonegile - 7 485 BDP Oateng...,https://dailynews.gov.bw/news-detail/82908,elections,Botswana DailyNews
01 Nov 2024,Kelebeng snatches Takatokwane Constituency,TakatokwaneConstituency UDC Jacob Kelebeng 7 246 BDP Tshoganetso Leuwe 3...,https://dailynews.gov.bw/news-detail/82892,elections,Botswana DailyNews
01 Nov 2024,Keorapetse calls for recount,Umbrella for Democratic Change candidate for Selebi Phikwe West Mr Dithapelo Keorapetse...,https://dailynews.gov.bw/news-detail/82883,elections,Botswana DailyNews
01 Nov 2024,Kgatleng Central goes to UDC,1. UDC Mpho Morolong - 7 241 2. BDP Mmusi Kgafela...,https://dailynews.gov.bw/news-detail/82904,elections,Botswana DailyNews
01 Nov 2024,Khan bags Molepolole North for UDC,Molepolole North results UDC Arafat khan 9 729 BDP Bashi...,https://dailynews.gov.bw/news-detail/82903,elections,Botswana DailyNews
01 Nov 2024,Lekau grabs Mogoditshane West Constituency,UDC Galenawabo Lekau 4360 BDP Tumiso Rakgare 2985 BCP Julia Chepete 2279 BPF...,https://dailynews.gov.bw/news-detail/82886,elections,Botswana DailyNews
01 Nov 2024,Mmusi retains Gabane / Mmankgodi,Gabane/Mmankgodi Constituency BDP Kagiso Mmusi - 4898 UDC Pius Mokgware -...,https://dailynews.gov.bw/news-detail/82885,elections,Botswana DailyNews
01 Nov 2024,Mokgwathi clinches Letlhakeng Constituency,Letlhakeng Constituency UDC Domcaza Mokgwathi 7 139 BDP Otsenye Tsietso 2 976...,https://dailynews.gov.bw/news-detail/82898,elections,Botswana DailyNews
01 Nov 2024,Ntsima new Francistown East MP,Francistown East Constituency UDC Tiroeaone Ntsima - 3 081 BDP Godisang...,https://dailynews.gov.bw/news-detail/82900,elections,Botswana DailyNews
01 Nov 2024,Phologolo wins Kanye West,UDC Victor Phologolo 8 480 BDP Lemogang Kwape 6 145 BCP Pako...,https://dailynews.gov.bw/news-detail/82887,elections,Botswana DailyNews
01 Nov 2024,President Masisi concedes defeat,President Dr Mokweetsi Masisi has conceded defeat following Botswana Democratic Party's poor...,https://dailynews.gov.bw/news-detail/82906,elections,Botswana DailyNews
01 Nov 2024,Pule wins Kgatleng East for BDP,Kgatleng East Constituency BDP Mabuse Pule 4 461 UDC Nono Kgafela-Mokoka...,https://dailynews.gov.bw/news-detail/82896,elections,Botswana DailyNews
01 Nov 2024,Saleshando wins Maun North,Maun North Constituency BCP Dumelang Saleshando- 8 377 BDP Thato Elias...,https://dailynews.gov.bw/news-detail/82907,elections,Botswana DailyNews
01 Nov 2024,Shashe West ushers in Frenzel,Shashe West Constituency BPF Jeremiah Frenzel 6 801 BDP Fidelis Molao 2...,https://dailynews.gov.bw/news-detail/82897,elections,Botswana DailyNews
01 Nov 2024,Tshere retains Mahalapye West,Mahalapye West Constituency UDC David Tshere - 9969 BDP Mompati Ntapu -...,https://dailynews.gov.bw/news-detail/82891,elections,Botswana DailyNews
01 Nov 2024,Tswapong North goes to UDC,Tswapong North Constituency UDC Prince Maele - BPF Pini Morupisi - BCP...,https://dailynews.gov.bw/news-detail/82884,elections,Botswana DailyNews
01 Nov 2024,UDC bags Lentsweletau/Lephephe Parliamentary Seat,UDC Tshenolo Bogatsu - 6555 BDP Kebaitse Legojane - 5439 BPF Phagenyana...,https://dailynews.gov.bw/news-detail/82901,elections,Botswana DailyNews
01 Nov 2024,UDC wins Mahalapye East Constituency,MAHALAPYE EAST CONSTITUENCY UDC Augustine Nyatanga 7 140 BDP Thebe Setlalekgosi ...,https://dailynews.gov.bw/news-detail/82890,elections,Botswana DailyNews
01 Nov 2024,UDC\'s Mosanana wins Kanye East Parliamentary seat,Kanye East Constituency UDC Prince Mosanana 10 833 BDP Thapelo Letsholo...,https://dailynews.gov.bw/news-detail/82902,elections,Botswana DailyNews
01 Nov 2025,Letsididi Trial set for next year,"The trial of double murder accused and convicted serial rapist, Tshepiso Letsididi,...",https://dailynews.gov.bw/news-detail/88891,crime,Botswana DailyNews
01 Nov 2025,President Boko meets royal couple of Warri Kingdom,President Advocate Duma Boko has expressed appreciation to the royal couple of...,https://dailynews.gov.bw/news-detail/88892,politics,Botswana DailyNews
01 Oct 2024,"Land, unemployment issues dominate kgatleng West debate",Shortage of residential land and unemployment were on the spotlight during the...,https://dailynews.gov.bw/news-detail/82037,elections,Botswana DailyNews
01 Oct 2024,"Masisi, Boko, Reatile, Saleshando Presidential candidates","Leaders of Botswana Democratic Party (BDP), Botswana Congress Party (BCP), Umbrella for Democratic Change...",https://dailynews.gov.bw/news-detail/82038,elections,Botswana DailyNews
01 Oct 2024,Molepolole police investigates two murder cases,Molepolole police are investigating two cases of murder. In an interview on...,https://dailynews.gov.bw/news-detail/82010,crime,Botswana DailyNews
01 Oct 2024,Prospective Candidates woo voters in Moshupa/Manyana,"In a bid to sway votes in their favour, three prospective candidates...",https://dailynews.gov.bw/news-detail/82035,elections,Botswana DailyNews
01 Oct 2024,Prospective candidates make promises to Tlokweng voters,Three Tlokweng constituency parliamentary aspirants on Saturday went for the jugular in...,https://dailynews.gov.bw/news-detail/82040,elections,Botswana DailyNews
01 Oct 2025,Afford Africa equal voice - Boko,Until Africa gets a permanent seat in the United Nations (UN) Security...,https://dailynews.gov.bw/news-detail/88519,politics,Botswana DailyNews
01 Oct 2025,Kgotla ya Magapatona e tlhatlosiwa maemo,Puso e tsere tshwetso ya go tlhatlosa maemo kgotla ya Magapatona kwa...,https://dailynews.gov.bw/news-detail/88524,dikgang,Botswana DailyNews
01 Oct 2025,Society se tlaa ruta puo ya diatla,Botswana Society for the Deaf e dira botsalano le badirelapuso le makalana...,https://dailynews.gov.bw/news-detail/88523,dikgang,Botswana DailyNews
01 Oct 2025,Thomas unveils BWP project,"Miss Botswana, Ruth Thomas, has officially unveiled her Beauty With a Purpose...",https://dailynews.gov.bw/news-detail/88528,art-culture,Botswana DailyNews
01 Sep 2014,BHC to construct 68 houses in Ngamiland,Botswana Housing Corporation (BHC) will construct 68 houses in the North West...,https://dailynews.gov.bw/news-detail/14085,development,Botswana DailyNews
01 Sep 2024,Four plead guilty for robbing church,"Extension II Chief Magistrate, Ms Kamogelo Mmesi, has remanded in custody four...",https://dailynews.gov.bw/news-detail/81459,crime,Botswana DailyNews
01 Sep 2024,Women empowerment a necessity,Women play a key role in economic development and family financial management....,https://dailynews.gov.bw/news-detail/81468,development,Botswana DailyNews
01 Sep 2025,Andries new Miss Universe Botswana,Lilian Andries (30) of Ramotswa was over the weekend crowned Miss Universe...,https://dailynews.gov.bw/news-detail/88410,art-culture,Botswana DailyNews
01 Sep 2025,Ba Rotary club ba abela khansele dimpho,Lekalana la Rotary Club la Francistown le roletse khansele ya Tutume mephuthelwana...,https://dailynews.gov.bw/news-detail/88419,dikgang,Botswana DailyNews
01 Sep 2025,Bakhurutshe celebrate harvest day,The Bakhurutshe of Tonota on August 31 gathered at the main kgotla...,https://dailynews.gov.bw/news-detail/88409,art-culture,Botswana DailyNews
01 Sep 2025,Melao e tlaa tokafatsa,E re ka jaana lefatshe le tsamaisiwa ka madi a makgetho segolo...,https://dailynews.gov.bw/news-detail/88421,dikgang,Botswana DailyNews
01 Sep 2025,Music industry to honour A.T.I,"Friends, family and fans are expected to gather at the UB Indoor...",https://dailynews.gov.bw/news-detail/88427,art-culture,Botswana DailyNews
01 Sep 2025,Ramapodisi o kopa tirisanyo mmogo,Ramapodisi a Palapye Superintendent Kodziba Phuluweni o rotloeditse ba ba gwebang ka...,https://dailynews.gov.bw/news-detail/88420,dikgang,Botswana DailyNews
01 Sep 2025,Reatile credits BPF growth to resilience,The Botswana Patriotic Front (BPF) convened for its first ever national conference...,https://dailynews.gov.bw/news-detail/88412,politics,Botswana DailyNews
01 Sep 2026,BCL Liquidation delays former workers compensation,Government will be in a position to compensate former BCL Mine workers...,https://dailynews.gov.bw/news-detail/93040,general,Botswana DailyNews
01 Sep 2026,Botswana and Ukraine toast to strong relations,In his pre-event supplication prayer for the Independence Celebration of Ukraine at...,https://dailynews.gov.bw/news-detail/93046,general,Botswana DailyNews
01 Sep 2026,Dream big to achieve more,"The Vice President also Member of Parliament for Gaborone Bonnington South, Mr...",https://dailynews.gov.bw/news-detail/93047,general,Botswana DailyNews
01 Sep 2026,Government takes firm action against Illicit drugs,"In an effort to safeguard families, protect communities and secure the future...",https://dailynews.gov.bw/news-detail/93043,general,Botswana DailyNews
01 Sep 2026,Govt to compensate former BCL mine workers,Government will be in a position to compensate former BCL Mine workers...,https://dailynews.gov.bw/news-detail/93055,general,Botswana DailyNews
01 Sep 2026,Karyn White in Botswana for GIMC,The 12th edition of the Gaborone International Music and Culture Week (GIMC)...,https://dailynews.gov.bw/news-detail/93049,art-culture,Botswana DailyNews
01 Sep 2026,Kgosi Josiah o tlhomamisitswe,"Mothusa tona ya lephata la dikgaolo le tsa ngwao, Rre Ignatius Moswaane...",https://dailynews.gov.bw/news-detail/93051,dikgang,Botswana DailyNews
01 Sep 2026,Kyrgyz president holds welcome ceremony for China\'s Xi,Chinese President Xi Jinping attended on Monday a welcome ceremony held by...,https://dailynews.gov.bw/news-detail/93037,general,Botswana DailyNews
01 Sep 2026,Marulamantsi swimming pool project takes flight,"Nestled in the heart of Phase 4 location in Gaborone, Marulamantsi Primary...",https://dailynews.gov.bw/news-detail/93042,general,Botswana DailyNews
01 Sep 2026,Mohwasa lauds govt minimum wage initiative,"Minister for State President, Defence and Security, Mr Moeti Mohwasa acknowledges that...",https://dailynews.gov.bw/news-detail/93058,general,Botswana DailyNews
01 Sep 2026,Morula primary wins waste-to-art challenge,Morula Primary School of Phikwe has emerged as the overall winner of...,https://dailynews.gov.bw/news-detail/93054,general,Botswana DailyNews
01 Sep 2026,Panelists endorse ConCourt ability to address injustice,Panelists in a debate relating to the proposed establishment of a Constitutional...,https://dailynews.gov.bw/news-detail/93056,general,Botswana DailyNews
01 Sep 2026,Re A Nyalana e aga malwapa-Maele,Lenaneo la Re A Nyalana le tsweletse ka go aga malwapa a...,https://dailynews.gov.bw/news-detail/93052,dikgang,Botswana DailyNews
01 Sep 2026,Sahrawi ambassador to Botswana dies,Ambassador of the Sahrawi Arab Democratic Republic to Botswana and Permanent Representative...,https://dailynews.gov.bw/news-detail/93057,general,Botswana DailyNews
01 Sep 2026,Thomas turns heads in Vietnam,"Miss World Botswana, Ruth Thomas has built a fashion identity defined by...",https://dailynews.gov.bw/news-detail/93048,art-culture,Botswana DailyNews
01 Sep 2026,Twantsho tshenyetso setshaba ke ya botlhe-Tsheko,"Mogokaganya ditirelo go tswa kwa ofising ya ga Tautona, Dr Aupa Tsheko...",https://dailynews.gov.bw/news-detail/93050,dikgang,Botswana DailyNews
01 Sep 2026,Xi says China ready to work with Kyrgyzstan to,Chinese President Xi Jinping said Monday that China stands ready to work...,https://dailynews.gov.bw/news-detail/93038,general,Botswana DailyNews
01 Sep 2026,Xi urges quality construction of China-Kyrgyzstan-Uzbekistan railway,Chinese President Xi Jinping on Monday called on China and Kyrgyzstan to...,https://dailynews.gov.bw/news-detail/93053,general,Botswana DailyNews
01 Sep 2026,"Xinhua Headlines: Xi, Japarov chart new course for China-Kyrgyzstan",Chinese President Xi Jinping said here on Monday that China stands ready...,https://dailynews.gov.bw/news-detail/93059,general,Botswana DailyNews
02 Apr 2014,Southern District implements 470 Ipelegeng projects,"The Southern District Council chairman, Mr Leach Tlhomelang has said the district...",https://dailynews.gov.bw/news-detail/10350,development,Botswana DailyNews
02 Apr 2025,All critical in GBV fight,"Gender-based violence (GBV) is a complex and sensitive issue, which needs collective...",https://dailynews.gov.bw/news-detail/85579,politics,Botswana DailyNews
02 Apr 2025,Dr Tshosa and Pusoentsi new members of High Court,President Advocate Duma Boko has sworn in Dr Onkemetse Tshosa and Mr...,https://dailynews.gov.bw/news-detail/85605,politics,Botswana DailyNews
02 Apr 2025,Government open to Cannabis gains,Botswana will participate in rigorous research on the benefits of cultivating Cannabis...,https://dailynews.gov.bw/news-detail/85604,development,Botswana DailyNews
02 Apr 2025,Government to review policies and processes,Government will review its processes in order to enhance the ease with...,https://dailynews.gov.bw/news-detail/85598,politics,Botswana DailyNews
02 Apr 2025,Ministry looks to TVET to deal with youth unemployment,"Youth unemployment is exacerbated by among other things, skills mismatch in the...",https://dailynews.gov.bw/news-detail/85603,politics,Botswana DailyNews
02 Apr 2026,Barutabana ba Borwa ba ipelela phenyo,"Barutabana ba sekole se segolwane sa Borwa Junior Secondary mo Kgatleng, ba...",https://dailynews.gov.bw/news-detail/90851,dikgang,Botswana DailyNews
02 Apr 2026,"Official urges stronger role for enterprise in tech, industrial",China should give full play to the role of enterprises as the...,https://dailynews.gov.bw/news-detail/90853,politics,Botswana DailyNews
02 Apr 2026,Significant progress seen in construction of China\'s int\'l sci-tech,Notable progress has been made in the construction of China's three international...,https://dailynews.gov.bw/news-detail/90852,politics,Botswana DailyNews
02 Dec 2024,Consent order does not address issues raised by High,Judge Barnabas Nyamadzabo of the Gaborone High Court will on a date...,https://dailynews.gov.bw/news-detail/83471,crime,Botswana DailyNews
02 Dec 2024,Man in court for murder of uncle,"Molepolole’s Magistrate, Chief Magistrate Gaseitsewe Tonoki has remanded Keaboka Moitsheki pending investigations...",https://dailynews.gov.bw/news-detail/83445,crime,Botswana DailyNews
02 Dec 2025,Barutabana Ga Ba Bone Boroko,Barutabana ba sekole se segolwane sa Ramoja ba apere kobo ka letshoba...,https://dailynews.gov.bw/news-detail/89266,dikgang,Botswana DailyNews
02 Dec 2025,Letsatsi la segopotso sa HIV/AIDS le tsisa tsholofelo,Go tshuba kerese ka letsatsi la mafatshefatshe la segopotso sa HIV/AIDS ke...,https://dailynews.gov.bw/news-detail/89267,dikgang,Botswana DailyNews
02 Dec 2025,Mapodisi a kopa setshaba go lwantsha dipolaano,Mapodisi a Serowe a gwetlha setshaba go thusana le magosi go laola...,https://dailynews.gov.bw/news-detail/89268,dikgang,Botswana DailyNews
02 Dec 2025,Masunga Celebrates Mokgwathi,Residents of Masunga thronged the local kgotla recently to welcome home Paralympic...,https://dailynews.gov.bw/news-detail/89265,dikgang,Botswana DailyNews
02 Dec 2025,Vivian Wins Miss Hope pageant,"Vivian Keatlholetswe, a 13-year-old Form 1 student at Kgalemang Motsete Junior Secondary...",https://dailynews.gov.bw/news-detail/89269,art-culture,Botswana DailyNews
02 Feb 2025,Algeria lobbies support for AU position,"Algeria occupies a very special place in Africa, especially for the Southern...",https://dailynews.gov.bw/news-detail/84331,politics,Botswana DailyNews
02 Feb 2025,Boko expresses confidence in UNECA,After retreating to Botswana to hold discussion on how to help the...,https://dailynews.gov.bw/news-detail/84330,politics,Botswana DailyNews
02 Feb 2025,Morupisi applies for judges recusal,"Former permanent secretary to the president, Carter Morupisi has moved an application...",https://dailynews.gov.bw/news-detail/84342,crime,Botswana DailyNews
02 Feb 2026,Banni ba dumelana le koketso ya madi a dipagamano,Bontsi jwa banni ba Palapye ba supile fa ba sena bothata jwa...,https://dailynews.gov.bw/news-detail/89780,dikgang,Botswana DailyNews
02 Feb 2026,Court postpones Legwale and Mkhuha appeal hearing,"Murder convicts, Enerst Legwale and hitman, Hamadi Mkhuha will have to wait...",https://dailynews.gov.bw/news-detail/89784,crime,Botswana DailyNews
02 Feb 2026,Magosi a kopa go tlhatlhelelwa ka kgotla ya molao,Go rutuntsha setshaba go tseneletse go ka fa Batswana sebaka se se...,https://dailynews.gov.bw/news-detail/89779,dikgang,Botswana DailyNews
02 Feb 2026,Seametso puts Botswana on world map,A number of Bangwaketse crowded Gangwaketse main kgotla to welcome Mr Botswana...,https://dailynews.gov.bw/news-detail/89782,art-culture,Botswana DailyNews
02 Jan 2025,Police arrest hit and run suspect,Police have arrested a driver suspected to have caused the death of...,https://dailynews.gov.bw/news-detail/83889,crime,Botswana DailyNews
02 Jul 2015,Councillors embrace service hall idea,The Kweneng District Council has finally embraced the establishment of a service...,https://dailynews.gov.bw/news-detail/21205,development,Botswana DailyNews
02 Jul 2024,"Pilane man on rampage injures two, burns house",Mochudi police have arrested a 24-year-old man of Pilane for assaulting three...,https://dailynews.gov.bw/news-detail/80384,crime,Botswana DailyNews
02 Jul 2024,Police investigate another murder suicide in Ramotswa,Police in Ramotswa are investigating a suspected murder-suicide case. Ramotswa Police Station...,https://dailynews.gov.bw/news-detail/80380,crime,Botswana DailyNews
02 Jul 2026,Ba fetotse noka go nna matlhabelo,"Le fa puso e mekamekane le go lwantsha tlhako le molomo, Batswana...",https://dailynews.gov.bw/news-detail/92058,dikgang,Botswana DailyNews
02 Jul 2026,Morafe o tsibogela kago ya terata,Tona wa temo-thuo Dr Edwin Dikoloti o akgotse morafe go tsibogela kago...,https://dailynews.gov.bw/news-detail/92057,dikgang,Botswana DailyNews
02 Jul 2026,Ukraine Honours Sir Seretse Khama,Batswana and the international community continue to honour the enduring legacy of...,https://dailynews.gov.bw/news-detail/92063,art-culture,Botswana DailyNews
02 Jun 2024,Taxi driver murder accused commits suicide,"In a tragic turn of events, the accused in a Molepolole taxi...",https://dailynews.gov.bw/news-detail/79879,crime,Botswana DailyNews
02 Jun 2025,Ministry seeks maintenance funds,Ministry of Child Welfare and Basic Education is said to be aware...,https://dailynews.gov.bw/news-detail/86728,development,Botswana DailyNews
02 Jun 2025,Quality healthcare priority,Government remains resolute in its pursuit of a comprehensive overhaul of the...,https://dailynews.gov.bw/news-detail/86729,politics,Botswana DailyNews
02 Jun 2026,BA MOKOBENG BA KOPA GO ABELWA DITSHA,Banni ba Mokobeng ba buile ba sa kgwe mathe ka go diega...,https://dailynews.gov.bw/news-detail/91688,dikgang,Botswana DailyNews
02 Jun 2026,Court Advises State to consider withdrawing Uche case,Extension II Chief Magistrate Ms Kamogelo Mmesi has advised the state...,https://dailynews.gov.bw/news-detail/91687,crime,Botswana DailyNews
02 Jun 2026,DIKGOSI TSA TETLANYO DI BOTLHOKWA- MOGOLWANE,"Mogolwane wa lephata la tikologo kwa khanseleng ya Ghanzi, Rre Ontiretse Peloyakgosi,...",https://dailynews.gov.bw/news-detail/91676,dikgang,Botswana DailyNews
02 Jun 2026,Delta Automotive Technologies e akgoletswe tiro e ntle,"Mothusa ratoropo wa Lobatse, Rre Legodile Mothibi, o akgotse ba khamphani ya...",https://dailynews.gov.bw/news-detail/91674,dikgang,Botswana DailyNews
02 Jun 2026,Lore Lo Ojwa Lo Sale Metsi - Kgari,"E re ka gotwe tau e Iphutha metlhala fa ele esi..., e...",https://dailynews.gov.bw/news-detail/91689,dikgang,Botswana DailyNews
02 Jun 2026,Malope o tlaa bolotsa mophato,Kgosi Malope II wa Bangwaketse o tlaa bolotsa mophato wa makawana a...,https://dailynews.gov.bw/news-detail/91675,dikgang,Botswana DailyNews
02 Jun 2026,San Healing Dance Highlight of Macheng Bushfre Festival,"In an age where civilisation and modernity often dominate, one may be...",https://dailynews.gov.bw/news-detail/91694,art-culture,Botswana DailyNews
02 Mar 2024,Xi stresses contributing to Chinese modernization with solid actions,President Xi Jinping has called on officials at all levels to foster...,https://dailynews.gov.bw/news-detail/78162,development,Botswana DailyNews
02 Mar 2024,Xi stresses high-quality development of new energy in China,"Xi Jinping, general secretary of the Communist Party of China (CPC) Central...",https://dailynews.gov.bw/news-detail/78163,development,Botswana DailyNews
02 Mar 2024,Xi urges young officials to take on historical task,President Xi Jinping said young officials are successors to the cause of...,https://dailynews.gov.bw/news-detail/78164,development,Botswana DailyNews
02 Mar 2025,Boko attends BOTSAT-1 launch in USA,President Advocate Duma Boko left on Saturday for the United States of...,https://dailynews.gov.bw/news-detail/84950,politics,Botswana DailyNews
02 Mar 2025,Farewell to Namibia founding father,"Former president, Lieutenant General Dr Seretse Khama Ian Khama and Minister for...",https://dailynews.gov.bw/news-detail/84932,politics,Botswana DailyNews
02 Mar 2025,Letlhakane magistrate remands murder accused in custody,Boipuso Duma (40) of Mopipi was on Thursday further remanded in custody...,https://dailynews.gov.bw/news-detail/84952,crime,Botswana DailyNews
02 Mar 2025,Ministry to review bogosi and customary court acts,The Ministry of Local Government and Traditional Affairs will review the Bogosi...,https://dailynews.gov.bw/news-detail/84949,politics,Botswana DailyNews
02 Mar 2025,Peter remains in custody pending investigations,Murder accused Modisaotsile Peter was on Thursday remanded custody by the Francistown...,https://dailynews.gov.bw/news-detail/84951,crime,Botswana DailyNews
02 Mar 2025,Protect economic gains and eliminate drugs - Mophuting,Botswana’s economic gains need to be protected through instruments that support the...,https://dailynews.gov.bw/news-detail/84934,politics,Botswana DailyNews
02 Mar 2026,Act entitles land board to repossess land - Dikoloti,Parliament has learnt that in terms of the provisions of the Tribal...,https://dailynews.gov.bw/news-detail/90323,parliament,Botswana DailyNews
02 Mar 2026,Auction of unserviceable goods in Kgalagadi South set for,"Minister of Local Government and Traditional Affairs, Mr Ketlhalefile Motshegwa, has acknowledged...",https://dailynews.gov.bw/news-detail/90321,parliament,Botswana DailyNews
02 Mar 2026,Ba kopa gore go tokafadiwe botsogo le thuto pele,Banni ba Serowe le metse e e mo tikologong ba re ba...,https://dailynews.gov.bw/news-detail/90316,dikgang,Botswana DailyNews
02 Mar 2026,Court remands two for copper cable theft,Magistrate Chandapiwa Molefhi of Maun Magistrate court remanded two men accused of...,https://dailynews.gov.bw/news-detail/90324,crime,Botswana DailyNews
02 Mar 2026,Issuance of fishing permits resume,"Minister of Environment and Tourism, Mr Wynter Mmolotsi has announced that the...",https://dailynews.gov.bw/news-detail/90320,parliament,Botswana DailyNews
02 Mar 2026,Keinee finds solace in Gospel music,"After losing her father when she was only 26-years-old, Goratwamang Keinee, now...",https://dailynews.gov.bw/news-detail/90342,art-culture,Botswana DailyNews
02 Mar 2026,Legislators push for Parliament autonomy,"Legislators have called for the autonomy of Parliament in managing its budget,...",https://dailynews.gov.bw/news-detail/90311,parliament,Botswana DailyNews
02 Mar 2026,MPs rally behind 24-hr border operation initiative,"Members of Parliament have rallied behind the move toward 24-hour border operation,...",https://dailynews.gov.bw/news-detail/90332,parliament,Botswana DailyNews
02 Mar 2026,Madisakwana advises caution as conflict escalates,"As conflict continues to grip parts of the Middle East, the Acting...",https://dailynews.gov.bw/news-detail/90343,politics,Botswana DailyNews
02 Mar 2026,Maphogo to receive six strokes for arson,Maun Magistrate Court has sentenced 22-year-old Lengwe Maphogo of Bodibeng to receive...,https://dailynews.gov.bw/news-detail/90326,crime,Botswana DailyNews
02 Mar 2026,Masama Coal Mine remains under care as investor search,Masama coal mine at Medie remains under care and maintenance as efforts...,https://dailynews.gov.bw/news-detail/90322,parliament,Botswana DailyNews
02 Mar 2026,Minister envisions reforms to boost service delivery,The Ministry of Labour and Home Affairs envisions spearheading reforms aimed at...,https://dailynews.gov.bw/news-detail/90334,parliament,Botswana DailyNews
02 Mar 2026,Modulasetilo o leboga mephato go lwantsha tlhako le molomo,"Modulasetilo wa khansele ya Bokone Botlhaba, Rre Mbaakanyi Smart a re go...",https://dailynews.gov.bw/news-detail/90317,dikgang,Botswana DailyNews
02 May 2025,Leaders set tone for Botswana and SA relationship,"The Cape Dutch architecture of Mahlamba Ndlopfu, the principal official residence of...",https://dailynews.gov.bw/news-detail/86107,politics,Botswana DailyNews
02 May 2025,Mohwasa calls for constructive criticism,"Minister for State President, Mr Moeti Mohwasa, has called for trade unions...",https://dailynews.gov.bw/news-detail/86108,politics,Botswana DailyNews
02 May 2025,President appoints new cabinet clerks,President Advocate Duma Boko has administered oath of office and secrecy to...,https://dailynews.gov.bw/news-detail/86106,politics,Botswana DailyNews
02 Oct 2024,CECT : Model of natural resources conservation,Chobe Enclave Community Trust (CECT) success story has positioned the community entity...,https://dailynews.gov.bw/news-detail/82049,development,Botswana DailyNews
02 Oct 2024,Chobe National Park collects over P30m,Chobe National Park has collected over P30 million in park entrance fees...,https://dailynews.gov.bw/news-detail/82048,development,Botswana DailyNews
02 Oct 2024,"Conserving, mitigating human-wildlife conflict: Botswana story",Human-wildlife conflict presents a significant threat to communities residing near wildlife areas...,https://dailynews.gov.bw/news-detail/82050,development,Botswana DailyNews
02 Oct 2024,"Electric backline fence: Effective buffer between wildlife, human spaces",A 30 kilometre electric and live back-line fence cuts between Mathathane ploughing...,https://dailynews.gov.bw/news-detail/82043,development,Botswana DailyNews
02 Oct 2024,Elephant Protection Society makes strides,"Five years after its inception, the Maun-based Elephant Protection Society (EPS) is...",https://dailynews.gov.bw/news-detail/82053,development,Botswana DailyNews
02 Oct 2024,Kgalagadi Transfrontier Park: Tourists marvel,Deep in the Kalahari Desert on the hoof of Botswana map lies...,https://dailynews.gov.bw/news-detail/82045,development,Botswana DailyNews
02 Oct 2024,Khawa photography tourism vital in conservation,Khawa village’s spectacular natural attraction has caught the eye of Akashinga partners...,https://dailynews.gov.bw/news-detail/82046,development,Botswana DailyNews
02 Oct 2024,Lease rentals help develop villages,"Okavango Community Trust (OCT), which was formed in 1995 and officially registered...",https://dailynews.gov.bw/news-detail/82051,development,Botswana DailyNews
02 Oct 2024,Samochima Fisheries perseveres,"Established nearly 30 years ago, Samochima Fisheries, founded by a group of...",https://dailynews.gov.bw/news-detail/82044,development,Botswana DailyNews
02 Oct 2024,Tackling human- wildlife conflict in KTFP,"In the peripheries of the Kgalagadi Transfrontier Park (KTFP), just near the...",https://dailynews.gov.bw/news-detail/82052,development,Botswana DailyNews
02 Oct 2024,Tlokweng police investigate drowning incident,Tlokweng Police are investigating an incident in which two people are...,https://dailynews.gov.bw/news-detail/82057,crime,Botswana DailyNews
02 Oct 2024,Trust enjoys economic benefits from CBNRM,Natural resources have long sustained the rural communities residing in the wild-life...,https://dailynews.gov.bw/news-detail/82047,development,Botswana DailyNews
02 Oct 2025,Kalamare o ipelela dingwaga tse 125,Banni ba Kalamare ba ne ba ipelela dingwaga tse di lekgolo le...,https://dailynews.gov.bw/news-detail/88540,dikgang,Botswana DailyNews
02 Oct 2025,Tse Ditona tsa Kalawa and Maatswakgosi champions,Tse DItona tsa Kalawa traditional dance group from Tutume and Maatswakgosi Ensemble...,https://dailynews.gov.bw/news-detail/88531,art-culture,Botswana DailyNews
02 Sep 2025,A.T.I gifted superstar,"Molemogi family representative, Mr Mothuti Molemogi (third left) briefing President Advocate Duma...",https://dailynews.gov.bw/news-detail/88448,art-culture,Botswana DailyNews
02 Sep 2025,Born and Raised to erect tombstone for A.T.I,"Born and Raised music festival co-founder, Goaba Mojakgomo says they will erect...",https://dailynews.gov.bw/news-detail/88449,art-culture,Botswana DailyNews
02 Sep 2025,Khansele e rotloetsa tikologo e phepa,Khansele ya Goodhope e dira maiteko a go rotloetsa banni go phepafatsa...,https://dailynews.gov.bw/news-detail/88439,dikgang,Botswana DailyNews
02 Sep 2025,Lysson drops new extended play Semeche,"Rising soul rhythm and blues sensation, Kesego Lysson launched her highly anticipated...",https://dailynews.gov.bw/news-detail/88442,art-culture,Botswana DailyNews
02 Sep 2025,Madiba M93 e supa lorato,Bathuti ba pele ba sekolo se segolwane sa Madiba Class of 93...,https://dailynews.gov.bw/news-detail/88438,dikgang,Botswana DailyNews
02 Sep 2025,Nations honours A.T.I,"The nation held a memorial service for the late music icon, Atlasaone...",https://dailynews.gov.bw/news-detail/88450,art-culture,Botswana DailyNews
02 Sep 2025,Paakanyo pleads for DJs support,"Local entertainer, Maatla Paakanyo popularly known as DJ Rass Jele, has appealed...",https://dailynews.gov.bw/news-detail/88443,art-culture,Botswana DailyNews
02 Sep 2025,Tlhabiso o tla atlholelwa petelelo,Lekgotla la ga Mmakaseterata kwa Lobatse le tla ntsha katlholo kgwedi ya...,https://dailynews.gov.bw/news-detail/88440,dikgang,Botswana DailyNews
02 Sep 2025,UN Special Rapporteur hails Boko,"The UN Special Rapporteur on the Rights of Indigenous peoples, Mr Albert...",https://dailynews.gov.bw/news-detail/88446,politics,Botswana DailyNews
02 Sep 2025,"Xi to attend SCO summit in China\'s Tianjin, host","BEIJING, Aug. 22 (Xinhua) -- Chinese President Xi Jinping will attend the...",https://dailynews.gov.bw/news-detail/88428,politics,Botswana DailyNews
02 Sep 2026,Balete ba alosa mophato wa Mautlwakgosi,Kgosi Mosadi a re go rupa ke go fa ngwana motheo o...,https://dailynews.gov.bw/news-detail/93066,dikgang,Botswana DailyNews
02 Sep 2026,Banni ba Metlobo ba batla tsela,Banni ba Metlobo kwa kgaolong ya Good Hope/Mmathethe ba kopile Tona wa...,https://dailynews.gov.bw/news-detail/93067,dikgang,Botswana DailyNews
02 Sep 2026,China ready to advance hand in hand along path,Chinese President Xi Jinping said on Monday that China is ready to...,https://dailynews.gov.bw/news-detail/93077,general,Botswana DailyNews
02 Sep 2026,Dikoloti calls for proactiveness in service delivery,"Good Hope/Mmathethe Member of Parliament, Dr Edwin Dikoloti has challenged civil servants...",https://dailynews.gov.bw/news-detail/93073,general,Botswana DailyNews
02 Sep 2026,Full text of Xi\'s signed article in Egyptian media,"Chinese President Xi Jinping on Tuesday published a signed article titled ""Celebrating...",https://dailynews.gov.bw/news-detail/93060,general,Botswana DailyNews
02 Sep 2026,Govt seeks alternative funding for Serule police station,Government is seeking alternative solutions to address the deteriorating infrastructure at Serule...,https://dailynews.gov.bw/news-detail/93074,general,Botswana DailyNews
02 Sep 2026,Lesedi Molapisi returns home after release from Bangladesh prison,Botswana national Lesedi Molapisi is expected to arrive home today after being...,https://dailynews.gov.bw/news-detail/93062,general,Botswana DailyNews
02 Sep 2026,Ministry commits to strengthening Bogosi,Ministry of Local Government and Traditional Affairs is committed to strengthening the...,https://dailynews.gov.bw/news-detail/93076,general,Botswana DailyNews
02 Sep 2026,Motsomi stages solo performance,Lone Motsomi went inward on stage with a personal solo performance titled...,https://dailynews.gov.bw/news-detail/93069,art-culture,Botswana DailyNews
02 Sep 2026,Open Sky Gathering promises uplifting session,Gospel music lovers and creatives are set for an uplifting evening as...,https://dailynews.gov.bw/news-detail/93068,art-culture,Botswana DailyNews
02 Sep 2026,Prescribed fire burning vital for conservation,Prescribed early fire burning has emerged as a sustainable solution for environmental...,https://dailynews.gov.bw/news-detail/93075,general,Botswana DailyNews
02 Sep 2026,Search team recovers body from Thamalakane river,A search and rescue operation in Maun ended Tuesday morning (Sept 1)...,https://dailynews.gov.bw/news-detail/93064,general,Botswana DailyNews
02 Sep 2026,Xi says China ready to deepen comprehensive strategic partnership,Chinese President Xi Jinping said Tuesday that China stands ready to deepen...,https://dailynews.gov.bw/news-detail/93061,general,Botswana DailyNews
03 Apr 2014,Manager allays councillors fears,Chobe full council has been assured that the upcoming Zambezi Integrated Agro...,https://dailynews.gov.bw/news-detail/10388,development,Botswana DailyNews
03 Apr 2025,Councillors welcome proposed VDC guidelines,Goodhope District councillors have welcomed the proposed Village Development Committee (VDC) regulations...,https://dailynews.gov.bw/news-detail/85615,development,Botswana DailyNews
03 Apr 2025,Hong Ting Forum held in Kenya to advance China-Africa,The 2025 edition of the Hong Ting Forum took place on Wednesday...,https://dailynews.gov.bw/news-detail/85606,politics,Botswana DailyNews
03 Apr 2025,SADC supports SADR deconialisation,Southern Africa Development Community (SADC) member states remain steadfast in their commitment...,https://dailynews.gov.bw/news-detail/85632,politics,Botswana DailyNews
03 Aug 2026,BDC hospitality sector promotes economic diversification,Botswana Development Corporation (BDC) continues to participate in the hospitality sector to...,https://dailynews.gov.bw/news-detail/92518,parliament,Botswana DailyNews
03 Aug 2026,BOMU awards on the horizon,As the music industry gears up for the Botswana Music Union (BOMU)...,https://dailynews.gov.bw/news-detail/92503,art-culture,Botswana DailyNews
03 Aug 2026,Boifang dirukutlhi tse di gwebang ka batho,"Setshaba se gakololwa go ikela thoko mo dirukutlhing tse di thopang batho,...",https://dailynews.gov.bw/news-detail/92506,dikgang,Botswana DailyNews
03 Aug 2026,"Diabetes, hypertension drive rising kidney disease",The rising prevalence of chronic kidney disease is largely driven by uncontrolled...,https://dailynews.gov.bw/news-detail/92516,parliament,Botswana DailyNews
03 Aug 2026,Govt restructures power sector for reliable energy,"Government is currently implementing key power sector reforms, including the unbundling and...",https://dailynews.gov.bw/news-detail/92510,parliament,Botswana DailyNews
03 Aug 2026,Govt tackles power cables and metre shortages,Government is aware of the challenges currently affecting the availability of electricity...,https://dailynews.gov.bw/news-detail/92511,parliament,Botswana DailyNews
03 Aug 2026,Govt wins P42 million case against Bakang,Government has won a Court of Appeal case against businessman Bakang Seretse...,https://dailynews.gov.bw/news-detail/92520,crime,Botswana DailyNews
03 Aug 2026,Laws must attract and not scare investors - Mohwasa,"Legislation should attract investors rather than scare them away, Minister for State...",https://dailynews.gov.bw/news-detail/92509,parliament,Botswana DailyNews
03 Aug 2026,MPs thumb up motion to end BPC electricity monopoly,Rural communities and farmers struggling with high electricity connection costs could soon...,https://dailynews.gov.bw/news-detail/92513,parliament,Botswana DailyNews
03 Aug 2026,Mmandunyane celebrates harvest day,Mmandunyane recently came alive with colour and song as it held its...,https://dailynews.gov.bw/news-detail/92500,art-culture,Botswana DailyNews
03 Aug 2026,Moalosi calls for a task force to probe foreign,Government projects are increasingly sidelining local workers and contractors through work permit...,https://dailynews.gov.bw/news-detail/92512,parliament,Botswana DailyNews
03 Aug 2026,Official urges creatives to treat art as scalable enterprise,"Art should no longer be viewed as a hobby, but a scalable...",https://dailynews.gov.bw/news-detail/92501,art-culture,Botswana DailyNews
03 Aug 2026,P2bn GEMVAS exposure material to fiscal stability,Government’s contingent liability under the Government Employees Motor Vehicle and Residential Property...,https://dailynews.gov.bw/news-detail/92514,parliament,Botswana DailyNews
03 Aug 2026,Tebogelo Thobo offers time to reflect,Kgosi Joel Masilo of Bobonong has encouraged all to join active farmers...,https://dailynews.gov.bw/news-detail/92502,art-culture,Botswana DailyNews
03 Dec 2025,Expect more medical supplies,"Drug availability at Kgatleng East Constituency currently stands at 56 per cent,...",https://dailynews.gov.bw/news-detail/89278,parliament,Botswana DailyNews
03 Dec 2025,Financial limitation hinders office renovations,"Acting minister of Lands and Agriculture, Dr Edwin Dikoloti says he is...",https://dailynews.gov.bw/news-detail/89276,parliament,Botswana DailyNews
03 Dec 2025,Govt suspends sand mining activities,Demand for sand continues to increase as the country’s developments steadily grow...,https://dailynews.gov.bw/news-detail/89279,parliament,Botswana DailyNews
03 Dec 2025,Mogoditshane-Gabane-Mmankgodi road project design works in progress,"The 27-kilometre Mogoditshane-Gabane-Mmankgodi Road project awarded to Zutari, October last year under...",https://dailynews.gov.bw/news-detail/89280,parliament,Botswana DailyNews
03 Dec 2025,Motshegwa clarifies medical supplies distribution,"The Ministry of Local Government and Traditional Affairs, is not aware nor...",https://dailynews.gov.bw/news-detail/89274,parliament,Botswana DailyNews
03 Dec 2025,Strategy focuses on irrigation systems - Dikoloti,Botswana’s Water for Agriculture Strategy is a cornerstone of national agricultural transformation...,https://dailynews.gov.bw/news-detail/89277,parliament,Botswana DailyNews
03 Dec 2025,Terminal benefits were yet to be processed,"Minister of Communications and Innovation, Mr David Tshere says employees of Meropa...",https://dailynews.gov.bw/news-detail/89275,parliament,Botswana DailyNews
03 Feb 2026,Ba Charleshill ba iteela mogopolo wa kgotla ya molao,"E re ka puso e boloditse letsholo go ralala lefatshe leno, mabapi...",https://dailynews.gov.bw/news-detail/89795,dikgang,Botswana DailyNews
03 Feb 2026,Go tlhagogile bolwetse jwa letshoroma kwa kgaolong ya Tutume,Banni ba kgaolo ya Tutume ba rotloeditswe go dira ka gotlhe go...,https://dailynews.gov.bw/news-detail/89796,dikgang,Botswana DailyNews
03 Jan 2025,High Court set aside Morupisi imprisonment,Gaborone High Court has set aside a seven-year imprisonment term handed by...,https://dailynews.gov.bw/news-detail/83896,crime,Botswana DailyNews
03 Jan 2025,Woman collapses and dies in Nata,Police are investigating an incident in which a 54-year-old woman of Kachikau...,https://dailynews.gov.bw/news-detail/83895,crime,Botswana DailyNews
03 Jul 2018,School walks for assembly hall,"Tagala Primary School standard seven pupils together with their teachers, parents and...",https://dailynews.gov.bw/news-detail/43793,development,Botswana DailyNews
03 Jul 2024,Police investigate elephant attack,A 42-year-old man lost his life after he was trampled upon by...,https://dailynews.gov.bw/news-detail/80400,crime,Botswana DailyNews
03 Jul 2026,GaMmangwato pays tribute to Sir Seretse enduring,"Braving the cold bite of a July morning, multitudes gathered at the...",https://dailynews.gov.bw/news-detail/92085,art-culture,Botswana DailyNews
03 Jul 2026,Ramotswa Brothers In Court for Motor vehicle Theft,Two biological brothers from Taung ward in Ramotswa on Friday morning appeared...,https://dailynews.gov.bw/news-detail/92091,crime,Botswana DailyNews
03 Jun 2014,Majwe mining gives to Moshupa community,Majwe mining company has donated P420 000 to Moshupa community for building...,https://dailynews.gov.bw/news-detail/11778,development,Botswana DailyNews
03 Jun 2024,Lawyer to present mitigation July,"Defence attorney, Mr Letlhogonolo Makgane is expected to present extenuating circumstances and...",https://dailynews.gov.bw/news-detail/79909,crime,Botswana DailyNews
03 Jun 2025,Adopt transformative approach,Heads of government entities have been urged to be radical and transformative...,https://dailynews.gov.bw/news-detail/86771,politics,Botswana DailyNews
03 Jun 2025,Angola invites countries to ANGOTIC forum,"Angola minister of Telecommunication, Information Technology, and Social Communication has invited Botswana...",https://dailynews.gov.bw/news-detail/86763,politics,Botswana DailyNews
03 Jun 2025,Botswana and Philippines deepen ties,The Philippines has reopened its consulate in Botswana following a temporary closure...,https://dailynews.gov.bw/news-detail/86762,politics,Botswana DailyNews
03 Jun 2025,Mojadigo misses court appearance,Rape accused pastor Goitsekgosi Mojadigo of The Divine Anointing Church International on...,https://dailynews.gov.bw/news-detail/86758,crime,Botswana DailyNews
03 Jun 2025,Trio presents letters of credence,President Advocate Duma Boko says Botswana could further its development by strengthening...,https://dailynews.gov.bw/news-detail/86772,politics,Botswana DailyNews
03 Jun 2026,Bagaisamang o leboga baithaopi go lwantsha tlhako le molomo,"Mopalamente wa Shoshong, Rre Moneedi Bagaisamang, o lebogile le go akgola baithaopi...",https://dailynews.gov.bw/news-detail/91704,dikgang,Botswana DailyNews
03 Jun 2026,Kgosi Mmipi o a latlhela,Kgosi Raphael Mmipi wa Metsimotlhabe o sa tswa go tlogela tiro ka...,https://dailynews.gov.bw/news-detail/91702,dikgang,Botswana DailyNews
03 Jun 2026,Miss World Botswana Embraces Nama Culture,"When Miss World Botswana 2026, Ruth Thomas, arrived at the Nama community...",https://dailynews.gov.bw/news-detail/91705,art-culture,Botswana DailyNews
03 Jun 2026,Sekole Se Nwa Ngwao Moro,Sekole se segolwane sa Kgari Sechele II kwa Molepolole se ne se...,https://dailynews.gov.bw/news-detail/91703,dikgang,Botswana DailyNews
03 Mar 2015,Kasane embarks on face-lift mission,"Botswana Tourism Organisation (BTO) tourism development manager, Mr Monkganedi Ntana has said...",https://dailynews.gov.bw/news-detail/18200,development,Botswana DailyNews
03 Mar 2016,Cattle feeding essential for drought,The Veterinary and Animal Health office in Selebi Phikwe has urged livestock...,https://dailynews.gov.bw/news-detail/26610,development,Botswana DailyNews
03 Mar 2025,Court remands murder accused Mokomeng in custody,Lobatse Magistrate Court has remanded Kgomokasitwa triple murder accused Moagi Mokomeng in...,https://dailynews.gov.bw/news-detail/84959,crime,Botswana DailyNews
03 Mar 2025,ODC chair appreciates decentralisation policy,Okavango District Council (ODC) chairman Mr Gaopalelwe Ronald has commended the proposed...,https://dailynews.gov.bw/news-detail/84968,politics,Botswana DailyNews
03 Mar 2026,Ba kopa thuto e e tseneletseng ka molao motheo,Banni bangwe ba Palapye ba kopile puso go ruta ka kgotla ya...,https://dailynews.gov.bw/news-detail/90363,dikgang,Botswana DailyNews
03 Mar 2026,Court denies sethibe bail,Principal Magistrate Solomon Setshedi of Molepolole Magistrate court has dismissed a bail...,https://dailynews.gov.bw/news-detail/90348,crime,Botswana DailyNews
03 Mar 2026,Explainer: How important is the Strait of Hormuz?,"Following the U.S.-Israeli military strikes against Iran that began on Saturday, global...",https://dailynews.gov.bw/news-detail/90344,politics,Botswana DailyNews
03 Mar 2026,Gaolaolwe carves path in music industry,"Born Oliver Gaolaolwe in Kang, ‘Oliver The Poet’ is a rising star...",https://dailynews.gov.bw/news-detail/90349,art-culture,Botswana DailyNews
03 Mar 2026,Gaolathe outlines roadmap to create jobs,Government plans to tackle unemployment through increased investment; boosting public and private...,https://dailynews.gov.bw/news-detail/90352,parliament,Botswana DailyNews
03 Mar 2026,"Land allocation, disease control and agric. schemes dominate ministry","Land allocation, Foot and Mouth Disease (FMD) and the Lemang Dijo programme...",https://dailynews.gov.bw/news-detail/90350,parliament,Botswana DailyNews
03 Mar 2026,Legislators support labour disputes,Members of Parliament have hailed the new Employment and Labour Relations Act...,https://dailynews.gov.bw/news-detail/90353,parliament,Botswana DailyNews
03 Mar 2026,Lekuka La Di Tswa-Ganong e itlama go somarela ngwao,Rre Kepaletswe Kenalemang(41) yo o itsegeng ka leina Namane ya Kubu mo...,https://dailynews.gov.bw/news-detail/90362,dikgang,Botswana DailyNews
03 Mar 2026,Review of the LAPCAS programme imminent,"Government intends to review and re-introduce the Land Administration Procedures, Capacity and...",https://dailynews.gov.bw/news-detail/90346,politics,Botswana DailyNews
03 Mar 2026,Transport ministry to regulate ride-hailing and review permit fees,The Ministry of Transport and Infrastructure is currently reviewing the Road Transport...,https://dailynews.gov.bw/news-detail/90351,parliament,Botswana DailyNews
03 Mar 2026,Two appear in court for p50 counterfeit possession,Two men accused of making forged new limited edition commemorative P50 currency...,https://dailynews.gov.bw/news-detail/90347,crime,Botswana DailyNews
03 May 2025,Mojadigo rape trial set for July,"The rape and defilement trial of Divine Anointing Church International pastor, Goitsekgosi...",https://dailynews.gov.bw/news-detail/86110,crime,Botswana DailyNews
03 Nov 2024,Newly elected councillor dies,Botswana Democratic Party newly elected councillor for Chobe Enclave Central Mooketsi Jani...,https://dailynews.gov.bw/news-detail/82932,politics,Botswana DailyNews
03 Nov 2024,President Cyril Ramaphosa of South Africa congratulate President Boko,The President of South Africa Mr Cyril Ramaphosa also congratulated President Advocate...,https://dailynews.gov.bw/news-detail/82949,politics,Botswana DailyNews
03 Nov 2024,President Emmerson Mnangagwa of Zimbabwe congratulates President Boko,"Meanwhile, President Emmerson Mnangagwa of Zimbabwe, also congratulated President Boko, saying his...",https://dailynews.gov.bw/news-detail/82950,politics,Botswana DailyNews
03 Nov 2024,US Ambassador Mr Howard Van Vranken congratulates President Boko,"The Ambassador of the United States, Mr Howard Van Vranken, has on...",https://dailynews.gov.bw/news-detail/82947,politics,Botswana DailyNews
03 Nov 2024,"Zambiaâ€™s President, Mr Hakainde Hichilema congratulates President Boko",Zambia’s President Mr Hakainde Hichilema also congratulated the new President Adv. Duma...,https://dailynews.gov.bw/news-detail/82948,politics,Botswana DailyNews
03 Nov 2025,Government Pursues Education Transformation,"Botswana has embarked on an ambitious transformation of its education agenda, shifting...",https://dailynews.gov.bw/news-detail/88917,politics,Botswana DailyNews
03 Nov 2025,Letsididi trial continues next year,"The trial of double murder accused and convicted serial rapist, Tshepiso Letsididi,...",https://dailynews.gov.bw/news-detail/88901,crime,Botswana DailyNews
03 Nov 2025,Nkashi clubs keep heritage alive,Graduates of the Nkashi storytelling clubs have been applauded for actively promoting...,https://dailynews.gov.bw/news-detail/88904,art-culture,Botswana DailyNews
03 Nov 2025,Ntsima Launches Income Generating Platform,"Botswana musician and entrepreneur Kgotla Ntsima, popularly known as Jujuboy, officially launched...",https://dailynews.gov.bw/news-detail/88905,art-culture,Botswana DailyNews
03 Oct 2024,Arrest warrant issued for rape accused,"Mochudi Principal Magistrate, Ms Queen Moanga has issued a warrant of arrest...",https://dailynews.gov.bw/news-detail/82088,crime,Botswana DailyNews
03 Oct 2024,Lawyer leaves rape accused in limbo,"Rape accused pastor, Goitsekgosi Mojadigo has been forced to look for a...",https://dailynews.gov.bw/news-detail/82098,crime,Botswana DailyNews
03 Oct 2024,"MPs, councillors nominations Friday",Nominations of prospective parliamentary and council candidates for this year’s general elections...,https://dailynews.gov.bw/news-detail/82097,elections,Botswana DailyNews
03 Oct 2024,Man arrested for murder of two children,Police in Serowe are investigating an incident in which a 25-year-old Malatswai...,https://dailynews.gov.bw/news-detail/82091,crime,Botswana DailyNews
03 Sep 2025,Batswana honour Molemogi artistic legacy,"Family, friends, colleagues and fans of the late Atasaone Molemogi, affectionately known...",https://dailynews.gov.bw/news-detail/88463,art-culture,Botswana DailyNews
03 Sep 2025,Boko praises Molemogi poetic soul,"President Advocate Duma Boko has described the late Atasaone Molemogi, better known...",https://dailynews.gov.bw/news-detail/88464,art-culture,Botswana DailyNews
03 Sep 2025,Father shares A.T.I struggle with addiction,“A.T.I struggled with drugs so much that we had him committed to...,https://dailynews.gov.bw/news-detail/88462,art-culture,Botswana DailyNews
03 Sep 2025,Go itse seemo sa mogare go botlhokwa,Banni le setshaba mo kgaolong ya Tsabong ba kgothaditswe go itlhatlhobela mogare...,https://dailynews.gov.bw/news-detail/88467,dikgang,Botswana DailyNews
03 Sep 2025,Tsibogelang malwetse - mooki,Banni ba Mogonono mo kgaolong ya Kweneng ba rotloeditswe go ithuta methale...,https://dailynews.gov.bw/news-detail/88468,dikgang,Botswana DailyNews
03 Sep 2026,BDF and NDF reaffirm commitment to peace,The Botswana Defence Force (BDF) and Namibia Defence Force (NDF) have reaffirmed...,https://dailynews.gov.bw/news-detail/93080,general,Botswana DailyNews
03 Sep 2026,BETP takes shape,The Botswana Economic Transformation Programme (BETP) has moved from strategy to implementation...,https://dailynews.gov.bw/news-detail/93087,general,Botswana DailyNews
03 Sep 2026,Bakalanga revive rainmaking ceremony,"On September 11 to 13, the drums will sound again in Mapoka...",https://dailynews.gov.bw/news-detail/93107,general,Botswana DailyNews
03 Sep 2026,Bakgatla ba ikemela ka dinao,Bakgatla go ralala kgaolo ya Kgatleng ba itomile molomo wa tlase go...,https://dailynews.gov.bw/news-detail/93089,dikgang,Botswana DailyNews
03 Sep 2026,Bakgatla to petition OP over land issues,"Residents from across Kgatleng will, on September 10, march peacefully to the...",https://dailynews.gov.bw/news-detail/93111,general,Botswana DailyNews
03 Sep 2026,Boko appeals Boko To African Investors To Lead Development,"Boko appeals to African investors to lead development By Thato Mosinyi GABORONE,...",https://dailynews.gov.bw/news-detail/93103,general,Botswana DailyNews
03 Sep 2026,Bomaid donates to Breast and Endocrine Unit,Princess Marina Hospital’s Breast and Endocrine Unit has received a donation of...,https://dailynews.gov.bw/news-detail/93091,general,Botswana DailyNews
03 Sep 2026,Bomme ba ba itsholofetseng ba kgothadiwa go itlhatlhoba,Ba botsogo kwa Lobatse ba supile matshwenyego ka bomme ba ba itsholofetseng ...,https://dailynews.gov.bw/news-detail/93086,dikgang,Botswana DailyNews
03 Sep 2026,Community rolls up sleeves to revamp Rakops JSS revival,It began with a Facebook post. It ended with a community rolling...,https://dailynews.gov.bw/news-detail/93079,general,Botswana DailyNews
03 Sep 2026,Councillors welcome proposed Childrenâ€™s Act review,Selebi Phikwe Town councillors have unanimously welcomed the proposed review and amendment...,https://dailynews.gov.bw/news-detail/93084,general,Botswana DailyNews
03 Sep 2026,Court arraigns five Otse men for murder,Five men of Otse have been arraigned before chief magistrate Ms Rebecca...,https://dailynews.gov.bw/news-detail/93085,general,Botswana DailyNews
03 Sep 2026,Dithubaruba Cultural Festival tomorrow,Cultural and entertainment enthusiasts are expected to gather at Ntsweng Museum (Kwa-ga-MmaKgosi)...,https://dailynews.gov.bw/news-detail/93101,art-culture,Botswana DailyNews
03 Sep 2026,Duo partner to empower young families,Change Africa and the International Organisation for Migration (IOM) Botswana have formalised...,https://dailynews.gov.bw/news-detail/93090,general,Botswana DailyNews
03 Sep 2026,GUC law graduates lose bid to sit for bar,Twenty-one Bachelor of Laws (LLB) graduates from Gaborone University College of Law...,https://dailynews.gov.bw/news-detail/93083,general,Botswana DailyNews
03 Sep 2026,Mmolotsi defends 24-hour economy,The decision by government to allow liquor outlets to trade from 6am...,https://dailynews.gov.bw/news-detail/93112,general,Botswana DailyNews
03 Sep 2026,Mophato transforms town hall into realm of pure magic,The Gaborone City Council Town Hall stage transformed into a realm of...,https://dailynews.gov.bw/news-detail/93094,art-culture,Botswana DailyNews
03 Sep 2026,Pearl Ncube turns healing journey into podcast,"After years of carrying personal pain behind a smile, Tshenolo Pearl Ncube...",https://dailynews.gov.bw/news-detail/93102,art-culture,Botswana DailyNews
03 Sep 2026,Public sector transformation key to development,Public sector transformation should be viewed as a critical component of Botswana’s...,https://dailynews.gov.bw/news-detail/93088,general,Botswana DailyNews
03 Sep 2026,RB1 live broadcast takes Matsiloje down memory lane,The voice that once woke up the nation every morning on Radio...,https://dailynews.gov.bw/news-detail/93108,general,Botswana DailyNews
03 Sep 2026,Will 60 diamonds be enough for Thomas to shine,Adorned in a striking Delayna Scott ensemble sprinkled with pearls and 60...,https://dailynews.gov.bw/news-detail/93093,art-culture,Botswana DailyNews
03 Sep 2026,"Xi calls on SCO to work toward more just,",Chinese President Xi Jinping on Tuesday called on the Shanghai Cooperation Organization...,https://dailynews.gov.bw/news-detail/93095,general,Botswana DailyNews
03 Sep 2026,"Xi leaves Kyrgyzstan after SCO summit, state visit",Chinese President Xi Jinping left on Tuesday the Kyrgyz capital of Bishkek...,https://dailynews.gov.bw/news-detail/93100,general,Botswana DailyNews
03 Sep 2026,Xi puts forward four-point proposal at SCO Bishkek summit,Chinese President Xi Jinping on Tuesday put forward a four-point proposal at...,https://dailynews.gov.bw/news-detail/93099,general,Botswana DailyNews
04 Aug 2024,BCP promises to revert Selebi Phikwe to glory days,Botswana Congress Party (BCP) intends to revert Selebi Phikwe town to its...,https://dailynews.gov.bw/news-detail/80955,elections,Botswana DailyNews
04 Aug 2024,Elections critical in fostering democracy,Botswana fully embraces the critical role played by elections in fostering competitive...,https://dailynews.gov.bw/news-detail/80954,elections,Botswana DailyNews
04 Aug 2025,Minister urges contractors to fast track projects,Contractors engaged in the construction of 55 housing units in the Maun...,https://dailynews.gov.bw/news-detail/87875,development,Botswana DailyNews
04 Aug 2025,Polka dancers reach global stage,Four members of the Okavango Deaf Polka Dancers will participate in the...,https://dailynews.gov.bw/news-detail/87861,art-culture,Botswana DailyNews
04 Aug 2025,Show positions Botswana as hub for music gatherings,Botswana’s gospel music scene stepped onto the regional stage this weekend as...,https://dailynews.gov.bw/news-detail/87862,art-culture,Botswana DailyNews
04 Aug 2025,Young DJs to shine at winter show,A wave of fresh musical talent is set to take centre stage...,https://dailynews.gov.bw/news-detail/87879,art-culture,Botswana DailyNews
04 Aug 2026,CITF centres to open next financial year - Maele,"Construction Industry Trust Fund (CITF) satellite centres in Sojwe, Phitshane Molopo and...",https://dailynews.gov.bw/news-detail/92542,parliament,Botswana DailyNews
04 Aug 2026,Existing task force already address immigration crime,The Ministry of Labour and Home Affairs is already at an advanced...,https://dailynews.gov.bw/news-detail/92541,parliament,Botswana DailyNews
04 Aug 2026,Livestock import taxes critical for disease control - Gaolathe,Revenue collected from livestock import duties directly funds the essential veterinary services...,https://dailynews.gov.bw/news-detail/92539,parliament,Botswana DailyNews
04 Aug 2026,Lwantshang kgogontsho - Kgosi,Kgosi Ishmael Legwaila o kopile bomme go ema ka dinao go lwantsha...,https://dailynews.gov.bw/news-detail/92548,dikgang,Botswana DailyNews
04 Aug 2026,Ministry priorities safety over speed,The Edison Setlhomo Masisi Memorial Hospital in Moshupa will only open once...,https://dailynews.gov.bw/news-detail/92540,parliament,Botswana DailyNews
04 Aug 2026,Modiakgotla Turns Gospel Teachings Into Inspirational Books,"Despite being in her early 70s, Kgomotsego Modiakgotla of Mokgalo Ward in...",https://dailynews.gov.bw/news-detail/92535,art-culture,Botswana DailyNews
04 Aug 2026,Morafe O Kopiwa Go Somarela Ditsatlholego,"Ba lephata la Motlobo wa Ditso, Matlotlo a ngwao le Tlholego ba...",https://dailynews.gov.bw/news-detail/92547,dikgang,Botswana DailyNews
04 Aug 2026,Tshwaragano E Godisa Mokgatlho,Banni ba Mahalapye ba kopilwe go tshwaragana go godisa serodumo sa moletlo...,https://dailynews.gov.bw/news-detail/92549,dikgang,Botswana DailyNews
04 Dec 2024,Kasane High-Ranking Cop in Court for Defilement,Senior Magistrate Ms Wame Mosugelo of Kasane Magistrate Court has denied bail...,https://dailynews.gov.bw/news-detail/83534,crime,Botswana DailyNews
04 Dec 2024,Magistrate Dismisses Reboeleng Confession Statement,"Extension II Chief Magistrate, Ms Kamogelo Mmesi, has dismissed a confession statement...",https://dailynews.gov.bw/news-detail/83532,crime,Botswana DailyNews
04 Dec 2025,Ba le barataro ba belaelwa mo borukutlhing,Mapodisi a Sejelo kwa Kanye a tshwere babelaelwa ba le barataro go...,https://dailynews.gov.bw/news-detail/89283,dikgang,Botswana DailyNews
04 Dec 2025,Beauty queen gifts of hope,"Christmas season , a time traditionally known for thanksgiving and marked by...",https://dailynews.gov.bw/news-detail/89293,art-culture,Botswana DailyNews
04 Dec 2025,Botswana animator co-writes US film,"Local animator and Learn Animation School founder, Theo Silitshena, is breaking new...",https://dailynews.gov.bw/news-detail/89294,art-culture,Botswana DailyNews
04 Dec 2025,Go tsibogela botsogo go a boloka,"Ratoropo wa Lobatse, Rre Aron Ganakgomo o gwetlhile borre go emela botsogo...",https://dailynews.gov.bw/news-detail/89285,dikgang,Botswana DailyNews
04 Dec 2025,Hike to reawaken Pharing untold story,"Pharing Gorge, a site of immense historical and cultural significance, served as...",https://dailynews.gov.bw/news-detail/89292,art-culture,Botswana DailyNews
04 Dec 2025,Metshameko e rotloetsa popagano le boipelego,Morulaganyi wa kgaisano ya kgwele ya dinao ya Kopong UCCSA Charity Soccer...,https://dailynews.gov.bw/news-detail/89289,dikgang,Botswana DailyNews
04 Dec 2025,Mojadigo conspiracy to defeat ends of justice case continues,"Rape and defilement accused pastor, Goitsekgosi Mojadigo, who is also the leader...",https://dailynews.gov.bw/news-detail/89282,crime,Botswana DailyNews
04 Dec 2025,Tona o rola kgosi wa Rasesa,"Tona wa lephata la dikgaolo le tsa ngwao, Rre Ketlhalefile Motshegwa o...",https://dailynews.gov.bw/news-detail/89287,dikgang,Botswana DailyNews
04 Feb 2016,Mohembo Bridge soon to start,Government will start the construction of the P1 billion bridge across Okavango...,https://dailynews.gov.bw/news-detail/25899,development,Botswana DailyNews
04 Feb 2025,Lesetedi and Boots\' legacy against illicit drugs,"Botswana remembers a time when the fight against illicit drugs, particularly dagga,...",https://dailynews.gov.bw/news-detail/84388,crime,Botswana DailyNews
04 Feb 2026,Ba Gobojango le Mathathane ba ntsha maikutlo ka kgotla,Banni ba Gobojango le Mathathane mo kgaolong ya Bobirwa ba supa fa...,https://dailynews.gov.bw/news-detail/89814,dikgang,Botswana DailyNews
04 Feb 2026,Bakwena challenges artistes to aim high,"Born in Serowe in 1978, Gobuamang 'Mass' Bakwena, a multi-talented artiste has...",https://dailynews.gov.bw/news-detail/89808,art-culture,Botswana DailyNews
04 Feb 2026,Go leta ngwedi ke go leta lefifi,Banni ba Lobatse ba rotloeditse puso go gatela pele ka go tlhoma...,https://dailynews.gov.bw/news-detail/89812,dikgang,Botswana DailyNews
04 Jan 2017,Kgathi engages residents,Member of Parliament for Bobonong Mr Shaw Kgathi has told people originating...,https://dailynews.gov.bw/news-detail/33262,development,Botswana DailyNews
04 Jul 2024,Magistrate advises defence to apply for recusal,"Broadhurst magistrate, Ms Linah Mokibe-Oahile has advised the defence in a matter...",https://dailynews.gov.bw/news-detail/80442,crime,Botswana DailyNews
04 Jun 2025,Boko visits Las Vegas and Budapest,President Advocate Duma Boko left for Las Vegas on Wednesday to participate...,https://dailynews.gov.bw/news-detail/86796,politics,Botswana DailyNews
04 Jun 2026,Bikwe Hike Ultimate Mental rRset,"When novice hiker, Carla Verdiane took a hard fall on a steep...",https://dailynews.gov.bw/news-detail/91728,art-culture,Botswana DailyNews
04 Jun 2026,Company explores Okavango Delta on foot,"In an effort to explore the remote and pristine Okavango Delta, Ledvak...",https://dailynews.gov.bw/news-detail/91714,art-culture,Botswana DailyNews
04 Jun 2026,Enko Botho Promotes Cultural Diversity,Enko Botho International School will host its highly anticipated annual Multi-Cultural Fair...,https://dailynews.gov.bw/news-detail/91715,art-culture,Botswana DailyNews
04 Jun 2026,Hunyepa O Tlhodumela Seemo Sa Dikole,"Mopalamente wa Tati West, Rre Justine Hunyepa o boloditse letsholo go tlhodumela...",https://dailynews.gov.bw/news-detail/91731,dikgang,Botswana DailyNews
04 Jun 2026,Tlhako le molomo e beile bagwebi ka fa mosing,Bangwe bagwebi ba ba botlana ba lela ka fa go tlhagoga ga...,https://dailynews.gov.bw/news-detail/91732,dikgang,Botswana DailyNews
04 Mar 2018,DBES Official urges departments to donate,"Francistown City Council principal district officer - development, Mr Boyce Mangole has...",https://dailynews.gov.bw/news-detail/41244,development,Botswana DailyNews
04 Mar 2025,Botswana strives to eliminate child labour,The Minister of Labour and Home Affairs has urged stakeholders to accelerate...,https://dailynews.gov.bw/news-detail/85003,politics,Botswana DailyNews
04 Mar 2026,Diplomatic Corps key in economic transformation agenda drive,Vice President Ndaba Gaolathe has called on members of the Diplomatic Corps...,https://dailynews.gov.bw/news-detail/90370,politics,Botswana DailyNews
04 Mar 2026,EquipHer hosts transformative summit,"EquipHer Summit 2026, an initiative in response to the growing social challenges...",https://dailynews.gov.bw/news-detail/90389,art-culture,Botswana DailyNews
04 Mar 2026,Kgotla ya molao-motheo ga ena go emisa ditlhabololo,Banni ba Mookane ba lekodisitswe ka kakanyetso ya go tlhomiwa ga kgotlacya...,https://dailynews.gov.bw/news-detail/90385,dikgang,Botswana DailyNews
04 Mar 2026,MPs approve Ministry of Lands and Agriculture budget,Parliament has on Monday approved a total budget of P5.322 billion for...,https://dailynews.gov.bw/news-detail/90382,parliament,Botswana DailyNews
04 Mar 2026,Maun hospital set for completion next year,The prolonged delay in the refurbishment of Maun General Hospital was caused...,https://dailynews.gov.bw/news-detail/90376,parliament,Botswana DailyNews
04 Mar 2026,Minister unveils strategy to combat smuggling,"The digital tax stamp system for alcohol and tobacco products, known as...",https://dailynews.gov.bw/news-detail/90381,parliament,Botswana DailyNews
04 Mar 2026,Ministry approaches World Bank to fund school expansions,"Owing to continued shortage of educational facilities and inadequate maintenance of infrastructure,...",https://dailynews.gov.bw/news-detail/90375,parliament,Botswana DailyNews
04 Mar 2026,Miss Millennium 2026 March 7,The Miss Millennium 2026 pageant organisers ares promising a glamorous build-up to...,https://dailynews.gov.bw/news-detail/90367,art-culture,Botswana DailyNews
04 Mar 2026,Ntsima requests P1.5bn for trade and entrepreneurship ministry,Minister of Trade and Entrepreneurship has requested Parliament’s approval for P331 million...,https://dailynews.gov.bw/news-detail/90374,parliament,Botswana DailyNews
04 Mar 2026,Puso e itlama go tlhabolola mafaratlhatlha a ditsela,Seemo se se sa itumediseng sa ditsela se gwetlhile lephata la dipalamo...,https://dailynews.gov.bw/news-detail/90384,dikgang,Botswana DailyNews
04 May 2026,Setswana folklore film premieres,An extraordinary cultural night brought Tswana traditions to life on Saturday at...,https://dailynews.gov.bw/news-detail/91267,art-culture,Botswana DailyNews
04 May 2026,Warm welcome for Mr State Ambassador International,"Mr State Ambassador International, Obakeng Rajonase, has received a warm welcome on...",https://dailynews.gov.bw/news-detail/91266,art-culture,Botswana DailyNews
04 Nov 2024,"Xi Jinping and the hallmark of the \""City of","Every city has its character. Indeed, openness, innovation and inclusiveness have become...",https://dailynews.gov.bw/news-detail/82959,politics,Botswana DailyNews
04 Nov 2025,Bodiragatsi bo ka oka baeti,"Kgosi wa GaMmangwato, Kgosi Khama IV a re mmino wa Polka le...",https://dailynews.gov.bw/news-detail/88938,dikgang,Botswana DailyNews
04 Nov 2025,Boko o gomotsa boora-Mohwasa,"Tautona Advocate Duma Boko, o ne a etetse ba lelwapa loora Mohwasa...",https://dailynews.gov.bw/news-detail/88926,dikgang,Botswana DailyNews
04 Nov 2025,Botswana creatives to take part at summit,"Botswana creatives alongside those from Lesotho, Zimbabwe, Seychelles, Réunion Island, and Eswatini...",https://dailynews.gov.bw/news-detail/88954,art-culture,Botswana DailyNews
04 Nov 2025,Go tsoma ntle le teseletso go ile magoletsa,Go tsoma ntle teseletso go ile magoletsa mo Okavango. Ka jalo mapodisi...,https://dailynews.gov.bw/news-detail/88939,dikgang,Botswana DailyNews
04 Nov 2025,Koporase ya Kgatelopele e batla maloko a masha,Maloko a koporase ya peo le kadimo ya madi ya Kgatelopele SACCOS...,https://dailynews.gov.bw/news-detail/88924,dikgang,Botswana DailyNews
04 Nov 2025,Nonofo enters book world,"An 11-year-old girl from Emmanuel Adventist Academy in Mogokotswane ward, Molepolole, has...",https://dailynews.gov.bw/news-detail/88953,art-culture,Botswana DailyNews
04 Nov 2025,Police investigate fatal hit-and-run accident,Woodhall Police in Lobatse are investigating a case in which a 28-year-old...,https://dailynews.gov.bw/news-detail/88951,crime,Botswana DailyNews
04 Nov 2025,Six Appear For Different Offences At Lobatse Magistrate Court,A 22-year old man who is the main suspect in the murder...,https://dailynews.gov.bw/news-detail/88952,crime,Botswana DailyNews
04 Oct 2025,Gaolathe unveils Parakarungu Cultural Heritage Monument,‎Parakarungu Cultural heritage monument unveiled today was funded by Chobe Enclave Conservation...,https://dailynews.gov.bw/news-detail/88551,art-culture,Botswana DailyNews
04 Sep 2025,A.T.I was still the same child,"With tributes continuing to pour in for Botswana’s fallen musical icon, Atasaone...",https://dailynews.gov.bw/news-detail/88474,art-culture,Botswana DailyNews
04 Sep 2025,Ba lela sa khuranyo ya meno,Bagwebi ba dikoloi tsa dipalamo tsa setshaba kwa Kanye ba supile fa...,https://dailynews.gov.bw/news-detail/88478,dikgang,Botswana DailyNews
04 Sep 2025,Kereke e tsosolosa serodumo sa bomme,Kereke ya Prophet Monyenda International Ministries kwa Maun e ne ya tshwara...,https://dailynews.gov.bw/news-detail/88479,dikgang,Botswana DailyNews
04 Sep 2025,Minister Kelebeng pays tribute to A.T.I,"Minister of Sport and Arts, Jacob Kelebeng, has expressed deep sorrow over...",https://dailynews.gov.bw/news-detail/88475,art-culture,Botswana DailyNews
04 Sep 2025,Mother in Selolwane rape case granted bail,A mother who allegedly prostituted her minor child by receiving money from...,https://dailynews.gov.bw/news-detail/88477,crime,Botswana DailyNews
04 Sep 2026,"70 years on, China-Egypt ties keep growing wider",This year marks the 70th anniversary of diplomatic relations between China and...,https://dailynews.gov.bw/news-detail/93115,general,Botswana DailyNews
04 Sep 2026,Full text of Chinese President Xi Jinping\'s speech at,Chinese President Xi Jinping on Tuesday delivered a speech at the Shanghai...,https://dailynews.gov.bw/news-detail/93114,general,Botswana DailyNews
04 Sep 2026,Xi arrives in Cairo for state visit to Egypt,Chinese President Xi Jinping on Tuesday arrived in Cairo for a state...,https://dailynews.gov.bw/news-detail/93113,general,Botswana DailyNews
05 Aug 2019,Company donates house,"Kgatleng District Council chairperson says it is critical for their policies, programmes...",https://dailynews.gov.bw/news-detail/50827,development,Botswana DailyNews
05 Aug 2022,Chinese-built modern railway in Kenya lauded for its green,When construction of the 480-km Mombasa-Nairobi Standard Gauge Railway (SGR) begun...,https://dailynews.gov.bw/news-detail/68463,development,Botswana DailyNews
05 Aug 2022,Chinese-built modern railway plays key role in promoting Kenya\'s,The Chinese-built Mombasa-Nairobi Standard Gauge Railway (SGR) has played an important role...,https://dailynews.gov.bw/news-detail/68465,development,Botswana DailyNews
05 Aug 2025,Council intervenes in burial debacle,"The body of Zimbabwean national, Ms Primrose Mukanhziri is still lying in...",https://dailynews.gov.bw/news-detail/87900,crime,Botswana DailyNews
05 Aug 2025,Court convicts man for raping daughter,A 42-year-old Gaborone man convicted of raping his daughter has maintained his...,https://dailynews.gov.bw/news-detail/87902,crime,Botswana DailyNews
05 Aug 2026,Air Botswana terminates Durban and Windhoek routes,Air Botswana has terminated flights to Durban and Windhoek less than a...,https://dailynews.gov.bw/news-detail/92571,parliament,Botswana DailyNews
05 Aug 2026,Alleged loan constitutes Corruption - Mubika,A loan from Wise Creatives Pty Ltd to former Minister of Minerals...,https://dailynews.gov.bw/news-detail/92553,crime,Botswana DailyNews
05 Aug 2026,Batho Ba Metsi honours Okavango Delta custodians,"The pristine, lush waterways, greenery, flora and fauna of the Okavango, the...",https://dailynews.gov.bw/news-detail/92574,art-culture,Botswana DailyNews
05 Aug 2026,Govt sources foreign funding for village electrification,Government is currently sourcing funds from international development partners to finance a...,https://dailynews.gov.bw/news-detail/92555,parliament,Botswana DailyNews
05 Aug 2026,Green Book undergoes review,The Green Book an administrative manual intended to provide consolidated guidance on...,https://dailynews.gov.bw/news-detail/92573,parliament,Botswana DailyNews
05 Aug 2026,Infrastructure programmes to address sanitation in Boteti schools,Government is deploying targeted infrastructure programmes and emergencymaintenance funds to fix school...,https://dailynews.gov.bw/news-detail/92556,parliament,Botswana DailyNews
05 Aug 2026,Land and lease challenges delay Bonno rollout,Full implementation of the Bonno National Housing Programme in Serowe District has...,https://dailynews.gov.bw/news-detail/92572,parliament,Botswana DailyNews
05 Aug 2026,MPs divided over motion to recruit over 60 years,Members of Parliament have expressed differing opinions on an urgent motion calling...,https://dailynews.gov.bw/news-detail/92558,parliament,Botswana DailyNews
05 Aug 2026,Mmolotsi proposes establishment of rehabilitation facility,"Francistown South MP and Minister of Environment and Tourism, Mr Wynter Mmolotsi,...",https://dailynews.gov.bw/news-detail/92560,parliament,Botswana DailyNews
05 Aug 2026,No study yet to assess security of judicial officers,Government has not yet conducted the proposed study to assess the security...,https://dailynews.gov.bw/news-detail/92554,parliament,Botswana DailyNews
05 Aug 2026,Osego looks forward to Britainâ€™s,"The air was filled with praise, hope, and powerful music on Saturday...",https://dailynews.gov.bw/news-detail/92576,art-culture,Botswana DailyNews
05 Aug 2026,Parliament backs use of over-60s as casual labourers in,Parliament has adopted an urgent motion calling on government to authorise the...,https://dailynews.gov.bw/news-detail/92559,parliament,Botswana DailyNews
05 Dec 2025,Accident claims two lives along A3 road,Two people lost their lives in a road accident on Friday when...,https://dailynews.gov.bw/news-detail/89303,crime,Botswana DailyNews
05 Dec 2025,Five contends for Moreomaoto ward,A by-election for Moreomaoto ward in the Boteti West constituency will be...,https://dailynews.gov.bw/news-detail/89302,politics,Botswana DailyNews
05 Dec 2025,Search for missing Maun boy continues,A search operation for a 12-year-old boy from Old Disaneng ward in...,https://dailynews.gov.bw/news-detail/89300,crime,Botswana DailyNews
05 Feb 2024,Batswana want supplementary registration,After the voter registration exercise for this year’s general elections ended on...,https://dailynews.gov.bw/news-detail/77646,elections,Botswana DailyNews
05 Feb 2024,Batswana want supplementary registration,After the voter registration exercise for this year’s general elections ended on...,https://dailynews.gov.bw/news-detail/77644,elections,Botswana DailyNews
05 Feb 2026,Court denies Mokomeng bail,"Kgomokasitwa triple murder accused, Moagi Mokomeng, has been denied bail by High...",https://dailynews.gov.bw/news-detail/89824,crime,Botswana DailyNews
05 Feb 2026,Ezra prepares for solo live show,After releasing hit after hit and amassing over 200 million views across...,https://dailynews.gov.bw/news-detail/89827,art-culture,Botswana DailyNews
05 Feb 2026,Mmelaelwa mo polaong o ikgapetse botshelo,Mmelaelwa mo polaong ya mme mongwe kwa Bray go bolelwa a fitlhetswe...,https://dailynews.gov.bw/news-detail/89841,dikgang,Botswana DailyNews
05 Feb 2026,Ramogojwana embraces artistic calling,"For Bakang Ramogojwana, art is more than a career, it is a...",https://dailynews.gov.bw/news-detail/89836,art-culture,Botswana DailyNews
05 Feb 2026,Salakae o rerisa banni ka kgotla ya molao motheo,Mogopolo wa go simolodisa kgotla ya molao-motheo ga o reye gore puso...,https://dailynews.gov.bw/news-detail/89840,dikgang,Botswana DailyNews
05 Feb 2026,Traditional group makes waves in arts,"After winning several dance competitions, Ngami Junior Secondary School traditional dance group...",https://dailynews.gov.bw/news-detail/89837,art-culture,Botswana DailyNews
05 Jan 2025,Man arrested for road metal spikes,A 23-year-old man of Mathuba ward in Tshimoyapula has been arrested for...,https://dailynews.gov.bw/news-detail/83900,crime,Botswana DailyNews
05 Jan 2025,Man found dead inside house at Parakarungu,Kachikau police are investigating the death of a 41-year-old man who was...,https://dailynews.gov.bw/news-detail/83899,crime,Botswana DailyNews
05 Jan 2025,Ruling on urgent appeal in Morupisi case Wednesday,Justice Mercy Garekwe of the Court of Appeal (CoA) will deliver a...,https://dailynews.gov.bw/news-detail/83904,crime,Botswana DailyNews
05 Jul 2026,"Beyond Medals, CUCSSA Games strengthen regional unity through student","For one week, university students from across Southern Africa set aside borders,...",https://dailynews.gov.bw/news-detail/92096,art-culture,Botswana DailyNews
05 Jun 2014,New Palapye bus rank 40 per cent complete,"The Central District Council secretary, Mr Gaolathe Dipholo has said construction of...",https://dailynews.gov.bw/news-detail/11851,development,Botswana DailyNews
05 Jun 2025,JCK remains key platform for diamond promotion,The Jewelers Circular Keystone (JCK) Diamond Show remains the most sought-after platform...,https://dailynews.gov.bw/news-detail/86822,politics,Botswana DailyNews
05 Mar 2025,BOTSAT - 1 poised to revolutionise industry - Totolo,The development of the Botswana Satellite (BOTSAT-1) is set to be a...,https://dailynews.gov.bw/news-detail/85004,politics,Botswana DailyNews
05 Mar 2025,Council focuses on fostering accountability,"Minister of Local Government and Traditional Affairs, Mr Ketlhalefile Motshegwa has called...",https://dailynews.gov.bw/news-detail/85025,politics,Botswana DailyNews
05 Mar 2025,Kyrgyzstan achievements admirable - VP,"Botswana is inspired by Kyrgyzstan, (Kyrgyz) Republic’s achievements. Acting President, Mr Ndaba...",https://dailynews.gov.bw/news-detail/85029,politics,Botswana DailyNews
05 Mar 2025,Starlink picks Botswana as connectivity hub,"In a transformative move for internet access in Southern Africa, Starlink aims...",https://dailynews.gov.bw/news-detail/85028,politics,Botswana DailyNews
05 Mar 2026,Banni ba re molao o fetolwe,Banni ba Tsabong mo Kgaolong ya Kgalagadi Borwa ba re molao wa...,https://dailynews.gov.bw/news-detail/90408,dikgang,Botswana DailyNews
05 Mar 2026,Chombo calls for economic liberty,"Minister of Youth and Gender Affairs, Ms Lesego Chombo, has called for...",https://dailynews.gov.bw/news-detail/90403,parliament,Botswana DailyNews
05 Mar 2026,Contingency plans in place for evacuation as security volatility,Government has contingency plans in place for the possible evacuation of Batswana...,https://dailynews.gov.bw/news-detail/90397,parliament,Botswana DailyNews
05 Mar 2026,Kanye o aperwe ke tlhaelo ya mabitla,Kgosi Kgabosebele Kgatlane wa kgotla ya Kebuang mo Kanye o supile matshwenyego...,https://dailynews.gov.bw/news-detail/90407,dikgang,Botswana DailyNews
05 Mar 2026,Land board term limits set for review to address,The Ministry of Lands and Agriculture is poised to deliver a new...,https://dailynews.gov.bw/news-detail/90398,parliament,Botswana DailyNews
05 Mar 2026,Legislators decry neglect of Dikgosi welfare,The state of tribal administration offices and the welfare of Dikgosi took...,https://dailynews.gov.bw/news-detail/90402,parliament,Botswana DailyNews
05 Mar 2026,"MPS decry high CIPA costs, rural funding gaps as","Parliament has, on Wednesday, approved the budget for the Ministry of Trade...",https://dailynews.gov.bw/news-detail/90404,parliament,Botswana DailyNews
05 Mar 2026,Ministry develops prototype for High-Performance Authority,"Minister of Local Government and Traditional Affairs, Mr Ketlhalefile Motshegwa says his...",https://dailynews.gov.bw/news-detail/90399,parliament,Botswana DailyNews
05 Mar 2026,NPC deputy modernizes ancient Yi embroidery,"Jin Ruirui, president of the county-level Yi embroidery association, has been dedicated...",https://dailynews.gov.bw/news-detail/90412,art-culture,Botswana DailyNews
05 Mar 2026,Policy changes broaden access to home ownership,‘The process for purchasing a pool house requires the sitting tenant to...,https://dailynews.gov.bw/news-detail/90395,parliament,Botswana DailyNews
05 May 2025,Education and health priority in transformation agenda - Boko,President Advocate Duma Boko has assured Batswana that the Umbrella for Democratic...,https://dailynews.gov.bw/news-detail/86126,politics,Botswana DailyNews
05 May 2026,Ba ga Mmangwato ba ipelela letsatsi la Ngwao,Moso wa Labotlhano o ne o tletse ka dikoma le maboko jaaka...,https://dailynews.gov.bw/news-detail/91278,dikgang,Botswana DailyNews
05 May 2026,Bakgatla ba itlama go aga terata,Barui mo kgaolong ya kgatleng ba itlamile go tsosa le go aga...,https://dailynews.gov.bw/news-detail/91290,dikgang,Botswana DailyNews
05 May 2026,Bo Jackson unlocks opportunities for Batswana through digital platforms,"A local digital marketer and branding specialist, Boago Jackson, alias Bo-Jackson on...",https://dailynews.gov.bw/news-detail/91292,art-culture,Botswana DailyNews
05 May 2026,Khansele e dira bojotlhe go baakanya dikago,"Modulasetilo wa khansele ya Palapye, Rre Kabo Ketshogile a re ba tlaa...",https://dailynews.gov.bw/news-detail/91288,dikgang,Botswana DailyNews
05 May 2026,Khansele ya Palapye e babalelwa ke dituelo tsa metsi,"Modulasetilo wa Khansele ya Palapye, Rre Kabo Ketshogile a re ka nako...",https://dailynews.gov.bw/news-detail/91280,dikgang,Botswana DailyNews
05 May 2026,Pabalesego le botsogo di botlhokwa mo tirong,Badiri ba koporase ya metsi mo Tsabong ba kgotlhaditswe go tshwaragana le...,https://dailynews.gov.bw/news-detail/91291,dikgang,Botswana DailyNews
05 May 2026,Tshwaragano ya ba-na-le seabe konokono,"Mothusa tona wa lephata la dikgaolo le ngwao, Rre Ignatius Moswaane a...",https://dailynews.gov.bw/news-detail/91279,dikgang,Botswana DailyNews
05 Nov 2015,Dikgosi visit SPEDU projects,Members of Ntlo Ya Dikgosi visited Selebi Phikwe to appreciate projects undertaken...,https://dailynews.gov.bw/news-detail/24283,development,Botswana DailyNews
05 Nov 2024,Boko announces SEMPs,President Advocate Duma Boko will announce the six Specially Elected Members of...,https://dailynews.gov.bw/news-detail/82971,politics,Botswana DailyNews
05 Nov 2024,Court sets Mojadigo trial dates to March,Magistrate Queen Moanga of Mochudi Magistrate Court has postponed to next year...,https://dailynews.gov.bw/news-detail/82964,crime,Botswana DailyNews
05 Nov 2024,Ellis challenges dismissal,The matter in which the founding chief executive officer of National Arts...,https://dailynews.gov.bw/news-detail/82965,crime,Botswana DailyNews
05 Nov 2025,Drug Free Youth Pageant Organisers Seek Support,Ofentse Daniel of Tatisiding near Francistown has launched the ‘Drug Free Youth’...,https://dailynews.gov.bw/news-detail/88962,art-culture,Botswana DailyNews
05 Nov 2025,Ipelegeng ba tlaa duelwa ka maranyane,Modulasetilo wa khansele ya Tsabong Rre Elias Motlhanke a re babereki ba...,https://dailynews.gov.bw/news-detail/88972,dikgang,Botswana DailyNews
05 Nov 2025,Kanye O Tlaa Tshwara Segopotso Sa HIV/AIDS,Dipaakanyo tsa segopotso sa ngwaga le ngwaga sa letsatsi la mafatshefathe la...,https://dailynews.gov.bw/news-detail/88971,dikgang,Botswana DailyNews
05 Nov 2025,Young Dancer Earns Nomination,A rising star from Botswana’s Juvenile Championship programme and a member of...,https://dailynews.gov.bw/news-detail/88963,art-culture,Botswana DailyNews
05 Oct 2020,"Housing policy, related programmes under review",Ministry of Infrastructure and Housing Development is in the process of reviewing...,https://dailynews.gov.bw/news-detail/58818,development,Botswana DailyNews
05 Oct 2024,Moyo to appeal death penalty,"Death row inmate, Passmore Moyo is set for the last chance to...",https://dailynews.gov.bw/news-detail/82106,crime,Botswana DailyNews
05 Sep 2025,19 years behind bars for Turnrite mall robbers,"Four men found guilty in the Turnrite Mall cash-in-transit robbery in 2021,...",https://dailynews.gov.bw/news-detail/88494,crime,Botswana DailyNews
05 Sep 2025,Dithubaruba Festival set for Ntsweng tomorrow,The historic Ntsweng Heritage Site in Molepolole will come to live on...,https://dailynews.gov.bw/news-detail/88498,art-culture,Botswana DailyNews
05 Sep 2026,Kanye launches Month of Prayer,Kanye District Council on September 4 aunched the Month of Prayer in...,https://dailynews.gov.bw/news-detail/93116,general,Botswana DailyNews
05 Sep 2026,New school to enrol 380 learners,"A state-of-the-art primary school and clinic were unveiled in Block 7, Gaborone...",https://dailynews.gov.bw/news-detail/93119,general,Botswana DailyNews
05 Sep 2026,Thomas journey at Miss World ends,Miss World Botswana Ruth Thomas’ journey at the 73rd Miss World Festival...,https://dailynews.gov.bw/news-detail/93118,art-culture,Botswana DailyNews
06 Apr 2025,BCP vows to hold government accountable,Botswana Congress Party (BCP) has promised to exert pressure on government to...,https://dailynews.gov.bw/news-detail/85649,politics,Botswana DailyNews
06 Apr 2025,BNF womens league elections April 26,With the clock ticking ahead of elections scheduled for April 26 in...,https://dailynews.gov.bw/news-detail/85648,politics,Botswana DailyNews
06 Apr 2025,Gaolathe urges nation to work togther,It is imperative for Batswana from all walks of life to come...,https://dailynews.gov.bw/news-detail/85672,politics,Botswana DailyNews
06 Apr 2025,Letlhakane waste water system under NDP 12,The waste water drainage system for Letlhakane has been included for consideration...,https://dailynews.gov.bw/news-detail/85658,development,Botswana DailyNews
06 Apr 2025,North East District Council approves P189 million budget,The North East District Council (NEDC) has approved a proposed budget of...,https://dailynews.gov.bw/news-detail/85657,development,Botswana DailyNews
06 Apr 2025,Official highlights development priorities,"North West District Council’s senior economic planner, Ms Malebogo Magano has informed...",https://dailynews.gov.bw/news-detail/85655,development,Botswana DailyNews
06 Apr 2025,South Korea to assist Botswana with TB Treatment,The government of South Korea has pledged to collaborate with Botswana in...,https://dailynews.gov.bw/news-detail/85671,politics,Botswana DailyNews
06 Apr 2025,Tlokweng council rejects CCP proposals,Tlokweng District Councillors have shot down a proposal by the council for...,https://dailynews.gov.bw/news-detail/85659,development,Botswana DailyNews
06 Apr 2026,Ba Tobane Ba Dumelana Le Tshwetso Ya Puso,Banni ba Tobane mo kgaolong ya Bobirwa ba dumalane ka bongwefela jwa...,https://dailynews.gov.bw/news-detail/90888,dikgang,Botswana DailyNews
06 Apr 2026,Govt Commits To Maintenance Of Roads In Jwaneng/Mabutsane,"Government, through the Ministry of Transport and Infrastructure, remains committed to ensure...",https://dailynews.gov.bw/news-detail/90887,politics,Botswana DailyNews
06 Apr 2026,Govt maintains neutral stance on homosexuality,Government has not adopted an official position in regard to homosexuality. Answering...,https://dailynews.gov.bw/news-detail/90873,politics,Botswana DailyNews
06 Apr 2026,MarÃ¢tswane remains part of Malwelwe- Moswaane,"Assistant Minister of Local Government and Traditional Affairs, Mr Ignatius Moswaane, says...",https://dailynews.gov.bw/news-detail/90885,politics,Botswana DailyNews
06 Apr 2026,Minister refutes dog allowance allegations,"Minister for State President, Defence and Security, Mr Moeti Mohwasa says there...",https://dailynews.gov.bw/news-detail/90870,politics,Botswana DailyNews
06 Apr 2026,Ministry Recalls TB Medicines After Spike In Treatment Failures,"Tuberculosis-related deaths have remained relatively high over the two years under review,...",https://dailynews.gov.bw/news-detail/90871,politics,Botswana DailyNews
06 Apr 2026,Motshegwa Emphasises Role of Church In Nation Building,The church has a role in drawing up a moral code for...,https://dailynews.gov.bw/news-detail/90883,art-culture,Botswana DailyNews
06 Apr 2026,Ngami to receive 31 projects under Bonno housing programme,Parliament has been informed that 31 projects have been budgeted for under...,https://dailynews.gov.bw/news-detail/90872,politics,Botswana DailyNews
06 Apr 2026,No private security for President locally - Mohwasa,T he Directorate of Intelligence and Security (DIS) holds the primary mandate...,https://dailynews.gov.bw/news-detail/90869,politics,Botswana DailyNews
06 Apr 2026,Ntsima outlines govt strategy to attract FDI,"Minister of Trade and Entrepreneurship, Mr Tiroeaone Ntsima, has outlined government’s comprehensive...",https://dailynews.gov.bw/news-detail/90875,politics,Botswana DailyNews
06 Apr 2026,President Undertakes Working Visits To France and Spain,President Advocate Duma Boko has departed for France and Spain to attend...,https://dailynews.gov.bw/news-detail/90890,politics,Botswana DailyNews
06 Apr 2026,Sese qualifies for tribal status upgrade,S ese in the Jwaneng-Mabutsane constituency qualifies for upgrading from headman of...,https://dailynews.gov.bw/news-detail/90874,politics,Botswana DailyNews
06 Apr 2026,Tourism Levy Not for Park Maintenance,The tourism levy cannot be used to maintain or develop infrastructure in...,https://dailynews.gov.bw/news-detail/90884,politics,Botswana DailyNews
06 Apr 2026,Women Find Strength In Fashion,"Women have long been known for their love of dressing up, a...",https://dailynews.gov.bw/news-detail/90882,art-culture,Botswana DailyNews
06 Apr 2026,Workforce Planning Unit Aims To Tackle Job Security,Government is planning to regularise the employment status of long-serving temporary and...,https://dailynews.gov.bw/news-detail/90886,politics,Botswana DailyNews
06 Aug 2025,BUAN plans model farms to boost production,"As part of its future growth strategy, Botswana University of Agriculture and...",https://dailynews.gov.bw/news-detail/87930,development,Botswana DailyNews
06 Aug 2025,Boko and Hechilema starts Bi-National Commission,Determined to deepen their relations and improve the lives of the people...,https://dailynews.gov.bw/news-detail/87928,politics,Botswana DailyNews
06 Aug 2025,Court remands man for girlfriend murder,"A resident of Mogoditshane, Ronald Molefe (39), who is accused of murdering...",https://dailynews.gov.bw/news-detail/87957,crime,Botswana DailyNews
06 Aug 2025,Court to deliver reasons behind application dismissal,"Gaborone High Court Judge, Justice Omphemetse Motumise will tomorrow deliver reasons behind...",https://dailynews.gov.bw/news-detail/87954,crime,Botswana DailyNews
06 Aug 2025,Kgomokasitwa triple murder case investigations complete,Investigations into the Kgomokasitwa triple murder case have been completed and prosecution...,https://dailynews.gov.bw/news-detail/87956,crime,Botswana DailyNews
06 Aug 2025,Mogoditshane Murder accused remanded in custody,"A resident of Mogoditshane, Ronald Molefe (39), who is accused of murdering...",https://dailynews.gov.bw/news-detail/87970,crime,Botswana DailyNews
06 Aug 2025,Presenter appeals to sponsors,"UB Radio FM presenter Kitso Phologa of Kanye, the host of the...",https://dailynews.gov.bw/news-detail/87964,art-culture,Botswana DailyNews
06 Aug 2025,Regions kickstart arts competitions,National Arts Council of Botswana over the weekend hosted a two-day performing...,https://dailynews.gov.bw/news-detail/87919,art-culture,Botswana DailyNews
06 Aug 2026,BHC invites investors for Bonno Housing programme,"The Ministry of Water and Human Settlement, through the Botswana Housing Corporation...",https://dailynews.gov.bw/news-detail/92592,parliament,Botswana DailyNews
06 Aug 2026,Ba rotloediwa go tsaya ditlankana tsa matsalo,Masea a dingwaga tse di kwa tlase ga dikgwedi tse di lesome...,https://dailynews.gov.bw/news-detail/92606,dikgang,Botswana DailyNews
06 Aug 2026,"Dikgafela, pinagare ya ngwao ya Batswana",Banni ba Mogoditshane ba tlaabo ba le kwa kgotleng kgolo ya motse...,https://dailynews.gov.bw/news-detail/92604,dikgang,Botswana DailyNews
06 Aug 2026,Financial constraints delay Act Implementation,"The Political Funding Act, passed by Parliament and assented to on October...",https://dailynews.gov.bw/news-detail/92598,parliament,Botswana DailyNews
06 Aug 2026,Govt to recruit caretakers for learners with high support,The Ministry of Child Welfare and Basic Education says it has put...,https://dailynews.gov.bw/news-detail/92593,parliament,Botswana DailyNews
06 Aug 2026,Ku Muzi BOMA aims for authentic cultural experience,Cresta Mowana Safari Resort & Spa has officially opened its new Ku...,https://dailynews.gov.bw/news-detail/92590,art-culture,Botswana DailyNews
06 Aug 2026,Lekoko le rola magosi kwa Ghanzi,"E ne e le semphete ke go fete, Labobedi kwa kgotleng kgolo...",https://dailynews.gov.bw/news-detail/92582,dikgang,Botswana DailyNews
06 Aug 2026,Loan constitutes corruption-Mubika,The state has submitted before court that a loan from Wise Creatives...,https://dailynews.gov.bw/news-detail/92603,crime,Botswana DailyNews
06 Aug 2026,Mapodisi a tshwere dikoloi tsa bogodu,"Mookamela mapodisi a Tshesebe, Superintendent Mothusi Phadi a re ofisi ya gagwe...",https://dailynews.gov.bw/news-detail/92583,dikgang,Botswana DailyNews
06 Aug 2026,Mayor implores creatives to be innovative,The creative industry has the potential to build sustainable economic diversification enterprises...,https://dailynews.gov.bw/news-detail/92589,art-culture,Botswana DailyNews
06 Aug 2026,No direct link found between medicine shortages and hospital,The Ministry of Health says it has not established a direct causal...,https://dailynews.gov.bw/news-detail/92591,parliament,Botswana DailyNews
06 Aug 2026,Rantao to launch Zambezi Soul,"Afro-Jazz and Soul singer Kearoma Rantao will tomorrow launch her latest album,...",https://dailynews.gov.bw/news-detail/92588,art-culture,Botswana DailyNews
06 Aug 2026,Teacher aides and caretakers roles differ-Hunyepa,Teacher aides and caretakers have distinct roles within the school system. Answering...,https://dailynews.gov.bw/news-detail/92600,parliament,Botswana DailyNews
06 Aug 2026,UNDOCUMENTED PATIENTS MUST GET MEDICAL TREATMENT ESPECIALLY IN EMERGENCIES-NYANGA,"Undocumented immigrants who require medical attention should be assisted at health facilities,...",https://dailynews.gov.bw/news-detail/92810,general,Botswana DailyNews
06 Feb 2026,Chinese-backed musical talent show unlocks creative genius of Kenyan,Fanuel Mulwa was over the moon after outperforming dozens of contestants to...,https://dailynews.gov.bw/news-detail/89847,art-culture,Botswana DailyNews
06 Jul 2015,SADC water project improves residents’ lives,Bokspits village royal Kgosi Serai Esterhuizen has expressed gratitude for the Southern...,https://dailynews.gov.bw/news-detail/21239,development,Botswana DailyNews
06 Jul 2026,Accused changes plea at eleventh hour,"A 32-year-old man of Mosarwa Ward in Lefoko, Kabo Kgaogano has somersaulted...",https://dailynews.gov.bw/news-detail/92113,crime,Botswana DailyNews
06 Jul 2026,Budding photographer showcases heritage,"From abandoned homesteads and flourishing flowers to fascinating wildlife and breathtaking sunsets,...",https://dailynews.gov.bw/news-detail/92116,art-culture,Botswana DailyNews
06 Jul 2026,Bus crash claims nine lives,Nine people died and 36 others were seriously injured after an NKK...,https://dailynews.gov.bw/news-detail/92097,crime,Botswana DailyNews
06 Jul 2026,Go pumpunyega ga metsi go ama kgoreletsa metsamao,Malwapa mangwe kwa Lecheng mo kgaolong ya Tswapong Bokone a tlhasetswe ke...,https://dailynews.gov.bw/news-detail/92099,dikgang,Botswana DailyNews
06 Jul 2026,Masole seeks court intervention to pursue complaint,"Shandulani Masole, who is awaiting trial after allegedly violating his bail conditions...",https://dailynews.gov.bw/news-detail/92112,crime,Botswana DailyNews
06 Jul 2026,Molengwa cashes in on childhood passion,What began as a childhood passion in Otse has blossomed into a...,https://dailynews.gov.bw/news-detail/92115,art-culture,Botswana DailyNews
06 Jul 2026,Theko ya diteemane e wetse tlase - Kelebeng,Tona wa Metshameko le Ngwao e bile e le mopalamente wa Takatokwane...,https://dailynews.gov.bw/news-detail/92098,dikgang,Botswana DailyNews
06 Jun 2024,Magistrate denies Oodi murder accused bail,"Magistrate Goratile Moremi-Ramakoloi of Broadhurst Magistrate Court on Tuesday denied murder accused,...",https://dailynews.gov.bw/news-detail/79975,crime,Botswana DailyNews
06 Jun 2024,Molepolole police investigates stabbing incident,Molepolole police are investigating a stabbing incident that occurred recently in the...,https://dailynews.gov.bw/news-detail/79972,crime,Botswana DailyNews
06 Jun 2024,Murder accused voluntarily gives confession,"Murder accused, Tumelo Gadilaolwe has voluntarily and freely made a confession statement...",https://dailynews.gov.bw/news-detail/79971,crime,Botswana DailyNews
06 Jun 2026,Sithole Defence Considers Subpoenaing State Witnesses,"The defence counsel in the Lovemore Sithole trial-within-a-trial, Mr Keoraopele Sambere, intends...",https://dailynews.gov.bw/news-detail/91740,crime,Botswana DailyNews
06 Mar 2025,BOTSAT-1 launch paves way for innovation,In its journey of many firsts as it navigates the diverse intricacies...,https://dailynews.gov.bw/news-detail/85032,politics,Botswana DailyNews
06 Mar 2025,Boko steadfast on change,Government is on course to transform the country in the next three...,https://dailynews.gov.bw/news-detail/85030,politics,Botswana DailyNews
06 Mar 2025,Experts gather for a healthier Africa,"Experts, policymakers and healthcare professionals from across Africa will gather to address...",https://dailynews.gov.bw/news-detail/85045,politics,Botswana DailyNews
06 Mar 2025,Maun police investigate murder incident,Maun police are investigating a murder and attempted murder incident involving a...,https://dailynews.gov.bw/news-detail/85034,crime,Botswana DailyNews
06 Mar 2026,Same-Sex Couple Pushes for Marriage,A same sex couple has approached the High Court challenging the constitutionality...,https://dailynews.gov.bw/news-detail/90421,crime,Botswana DailyNews
06 May 2015,Project to tackle water challenges,"The waste water project, which was done through a tripartite partnership between...",https://dailynews.gov.bw/news-detail/19926,development,Botswana DailyNews
06 May 2026,Ba Block 6 ba lela ka borukutlhi,Baagi ba kgaolwana ya Block 6 mo Gaborone ba re ba tshwentswe...,https://dailynews.gov.bw/news-detail/91298,dikgang,Botswana DailyNews
06 May 2026,Banni ba Goshwe ba ngongorega ka polao ya dikgomo,Barui ba Goshwe mo kgaolong ya Tutume ba ngongorega ka polao ya...,https://dailynews.gov.bw/news-detail/91300,dikgang,Botswana DailyNews
06 May 2026,Botswana and Rwanda strive for free travel movement,President Advocate Duma Boko has highlighted ongoing efforts to remove barriers and...,https://dailynews.gov.bw/news-detail/91307,politics,Botswana DailyNews
06 May 2026,Young entrepreneur weaves passion into purpose,"A us Lolah Crochet, a Kanye-based handcraft business, is steadily making its...",https://dailynews.gov.bw/news-detail/91302,art-culture,Botswana DailyNews
06 Nov 2014,"Palapye working on NDP 11, DDP 8","An official at the Palapye Administrative Authority, Mr Fernando Gabaitaole has called...",https://dailynews.gov.bw/news-detail/15620,development,Botswana DailyNews
06 Nov 2024,Accused appears for murder,Mpho Mosenya (19) of Mosaise Ward in Mabuo appeared before Senior Magistrate...,https://dailynews.gov.bw/news-detail/82988,crime,Botswana DailyNews
06 Nov 2024,Police search for rape suspect,Police in Letlhakane are in search of a rape suspect who has...,https://dailynews.gov.bw/news-detail/82989,crime,Botswana DailyNews
06 Nov 2024,UDC victory celebration Saturday,Umbrella for Democratic Change (UDC) will on Saturday host a victory celebration...,https://dailynews.gov.bw/news-detail/82987,politics,Botswana DailyNews
06 Nov 2025,Moroto wa esi ga o ele,Motswana o boletse a re moroto wa esi ga o ele. Se...,https://dailynews.gov.bw/news-detail/88994,dikgang,Botswana DailyNews
06 Oct 2024,Court postpones motor vehicle theft case,A trial in which four men face a charge of a spree...,https://dailynews.gov.bw/news-detail/82119,crime,Botswana DailyNews
06 Oct 2024,Magistrate commits Ramokweni case,"Murder accused, Edwin Ramokweni on Thursday had his case finally committed to...",https://dailynews.gov.bw/news-detail/82118,crime,Botswana DailyNews
06 Sep 2026,Asia-Pacific Media Forum | Foreign guests experience Guangzhou metro,"Fast, smart and clean — Guangzhou Metro Line 18 impressed foreign guests...",https://dailynews.gov.bw/news-detail/93120,general,Botswana DailyNews
06 Sep 2026,Asia-Pacific Media Forum | Nansha Port: How technology is,"At Nansha Port Phase IV, cutting-edge technologies — 5G, AI, BeiDou navigation,...",https://dailynews.gov.bw/news-detail/93121,general,Botswana DailyNews
06 Sep 2026,"Dongguan\'s smart evolution: beyond \""world\'s factory\"" label","Long known as the ""world's factory,"" south China's Dongguan is home to...",https://dailynews.gov.bw/news-detail/93122,general,Botswana DailyNews
07 Apr 2025,Argument over alcohol results in loss of life,Serowe Police are concerned by escalating number of murder cases in their...,https://dailynews.gov.bw/news-detail/85689,crime,Botswana DailyNews
07 Apr 2025,Body of teenager retrieve from Chobe River,The body of a 16-year-old boy who fell into Chobe River in...,https://dailynews.gov.bw/news-detail/85676,crime,Botswana DailyNews
07 Apr 2025,NDP 12 consultations start,The National Planning Commission (NPC) has officially launched preparations for the...,https://dailynews.gov.bw/news-detail/85683,politics,Botswana DailyNews
07 Apr 2025,Suspect shoots himself to death,A suspect in a threat to kill incident has shot himself to...,https://dailynews.gov.bw/news-detail/85688,crime,Botswana DailyNews
07 Aug 2024,Magistrate extend Selolwane remand Warrant,"Rape accused, Samuel Selolwane alongside his co-accused will appear again before Broadhurst...",https://dailynews.gov.bw/news-detail/81011,crime,Botswana DailyNews
07 Aug 2025,Skiddo drops EP iKwaitoLento,Botswana’s vibrant music scene is about to get louder with the anticipated...,https://dailynews.gov.bw/news-detail/87985,art-culture,Botswana DailyNews
07 Dec 2014,Molefhi tours Francistown stadium,"The Minister of Infrastructure, Science and Technology (MIST), Mr Nonofo Molefhi says...",https://dailynews.gov.bw/news-detail/16303,development,Botswana DailyNews
07 Dec 2024,Court sentences Morupisi to jail,The Court of Appeal has sentenced Carter Morupisi to a prison term...,https://dailynews.gov.bw/news-detail/83569,crime,Botswana DailyNews
07 Dec 2025,Solo impresses in Lyric Leap Competition,"Thoti Diketso, known her by stage name Solo, was crowned Lyric Leap...",https://dailynews.gov.bw/news-detail/89309,art-culture,Botswana DailyNews
07 Dec 2025,UDC wins Moreomaoto by-election,"Umbrella for Democratic Change, through Mr Mpaphi Dikaelo, has won the Moreomaoto...",https://dailynews.gov.bw/news-detail/89306,politics,Botswana DailyNews
07 Feb 2017,Duo hails bridge project,The on-going Kazungula bridge project is an example of strong bi-lateral relations...,https://dailynews.gov.bw/news-detail/33888,development,Botswana DailyNews
07 Feb 2026,Helper Accused of Toddler Abuse,"A 30-year-old house helper, Boitumelo Nchimako, appeared in Broadhurst Magistrate Court on...",https://dailynews.gov.bw/news-detail/89851,crime,Botswana DailyNews
07 Feb 2026,Mosesâ€™ crown without the catwalk,"“If for any reason the winner is unable to fulfil her duties,...",https://dailynews.gov.bw/news-detail/89848,art-culture,Botswana DailyNews
07 Jan 2015,Government owes Mosu road,President Lt Gen.Seretse Khama Ian Khama has told residents of Mosu that...,https://dailynews.gov.bw/news-detail/16783,development,Botswana DailyNews
07 Jan 2025,Xi stresses winning tough and protracted battle against corruption,"Xi Jinping, general secretary of the Communist Party of China (CPC) Central...",https://dailynews.gov.bw/news-detail/83916,politics,Botswana DailyNews
07 Jul 2015,Foreign Affairs opens office in Addis Ababa,Ministry of Foreign Affairs and International Cooperation is to construct a chancery...,https://dailynews.gov.bw/news-detail/21301,development,Botswana DailyNews
07 Jul 2015,MMEWR electrifies 10 villages,Gakgatla and Mmatseta in the Kweneng District are among 10 villages that...,https://dailynews.gov.bw/news-detail/21300,development,Botswana DailyNews
07 Jul 2015,MTC takes road network challenges head on,The bulk of the P1.8 billion development budget for the Ministry of...,https://dailynews.gov.bw/news-detail/21298,development,Botswana DailyNews
07 Jul 2025,Boko assures Malawi of support,President Advocate Duma Boko has assured Malawi of Botswana’s support as the...,https://dailynews.gov.bw/news-detail/87358,politics,Botswana DailyNews
07 Jul 2025,Chief magistrate denies murder accused bail,"Chief Magistrate, Ms Kamogelo Mmesi of Extension II Magistrate Court has refused...",https://dailynews.gov.bw/news-detail/87356,crime,Botswana DailyNews
07 Jul 2025,Constituency housing project launch tomorrow,President Advocate Duma Boko will tomorrow launch target 61 000 Constituency Housing...,https://dailynews.gov.bw/news-detail/87366,development,Botswana DailyNews
07 Jul 2025,Court grants Tshupetso bail,"Bame Tshupetso, an 18-year-old teenager charged with stabbing her 30-year-old boyfriend with...",https://dailynews.gov.bw/news-detail/87354,crime,Botswana DailyNews
07 Jul 2025,Democracy can flourish in Africa,Nigh on a decade after being elected as the Leader of Opposition...,https://dailynews.gov.bw/news-detail/87360,politics,Botswana DailyNews
07 Jul 2025,Malawi confers Boko with Freedom of the City,"The main streets of the Malawi capital, Lilongwe, over the weekend were...",https://dailynews.gov.bw/news-detail/87359,politics,Botswana DailyNews
07 Jul 2025,New hospital planned for Francistown,Government plans to construct a second hospital in Francistown to address the...,https://dailynews.gov.bw/news-detail/87364,development,Botswana DailyNews
07 Jul 2025,Taolo still acting Leader of opposition,"Bobirwa MP, Mr Taolo Lucas will continue in his appointment as acting...",https://dailynews.gov.bw/news-detail/87394,politics,Botswana DailyNews
07 Jul 2026,Ba le 71 ba bone tiro ya sennela ruri,Puso e kgonne go hira ba le masome a supa le bongwe...,https://dailynews.gov.bw/news-detail/92135,dikgang,Botswana DailyNews
07 Jul 2026,Kumako transforms paper into jewellery,"In the hands of 64-year-old Loaitsanye Kumako, paper is more than a...",https://dailynews.gov.bw/news-detail/92137,art-culture,Botswana DailyNews
07 Jul 2026,Molemi o itumelela go tshela ga noka,"Molemi mongwe wa masimo a Xhoko gaufi le Gumare, Mme Ranolang Boikhutso,...",https://dailynews.gov.bw/news-detail/92136,dikgang,Botswana DailyNews
07 Jul 2026,"Monna o atlhotswe P2,000 go tlola molao","Rre mongwe wa Motswana, yo o tshwerweng a leka go tlodisa ditlhogo...",https://dailynews.gov.bw/news-detail/92134,dikgang,Botswana DailyNews
07 Jun 2015,Aviation transport plays critical role in economy,"Minister of Transport and Communications, Mr Tshenolo Mabeo says aviation transport plays...",https://dailynews.gov.bw/news-detail/20607,development,Botswana DailyNews
07 Jun 2015,Palapye bus rank design impresses,The Assistant Minister of Local Government and Rural Development Mr Frans Van...,https://dailynews.gov.bw/news-detail/20605,development,Botswana DailyNews
07 Jun 2020,Mogalakwe appeal June 10,Mr Mogalakwe Mogalakwe of Alliance for Progressives (AP) on June 5 approached...,https://dailynews.gov.bw/news-detail/56536,elections,Botswana DailyNews
07 Jun 2025,Xi congratulates Nawrocki on election as Polish president,Chinese President Xi Jinping on Friday sent congratulations to Karol Nawrocki on...,https://dailynews.gov.bw/news-detail/86829,politics,Botswana DailyNews
07 Jun 2025,"Xi says dialogue, cooperation only correct choice for China,",Chinese President Xi Jinping said on Thursday that dialogue and cooperation are...,https://dailynews.gov.bw/news-detail/86830,politics,Botswana DailyNews
07 Mar 2024,Building community with shared future for mankind has become,"BEIJING, March 7 (Xinhua) -- The concept of building a community with...",https://dailynews.gov.bw/news-detail/78299,development,Botswana DailyNews
07 Mar 2026,Botswana honours fallen police officers,The INTERPOL International Day of Remembrance for Fallen Police Officers serves as...,https://dailynews.gov.bw/news-detail/90428,politics,Botswana DailyNews
07 Mar 2026,Government addresses fuel security concerns,Government is working round the clock to address the country's fuel security...,https://dailynews.gov.bw/news-detail/90430,politics,Botswana DailyNews
07 Mar 2026,Miss Millennium 2026 pageant called off due to bad,The much-anticipated Miss Millennium 2026 beauty pageant has been cancelled due to...,https://dailynews.gov.bw/news-detail/90423,art-culture,Botswana DailyNews
07 May 2014,Palapye awaits SHAA funding,The waiting list for Self Help Housing Agency (SHHA) under the Palapye...,https://dailynews.gov.bw/news-detail/11142,development,Botswana DailyNews
07 May 2025,Botswana backs tariffs exemption,Botswana is in full support of a universal exemption of tariffs on...,https://dailynews.gov.bw/news-detail/86203,politics,Botswana DailyNews
07 May 2025,Magistrate orders amendments to rape trial,Lobatse senior magistrate Tshoganetso Atamelang has ordered prosecution to amend court papers...,https://dailynews.gov.bw/news-detail/86218,crime,Botswana DailyNews
07 May 2026,Balemi ba tlhasetswe ke dipeba,Ka dipula tsa monongwaga e ne e le tse di namagadi e...,https://dailynews.gov.bw/news-detail/91317,dikgang,Botswana DailyNews
07 May 2026,Chakabuya collaborates with rhumba legends on new album,"Makaleng-born rhumba sensation, Oscar Chakabuya, has made a vibrant return to the...",https://dailynews.gov.bw/news-detail/91319,art-culture,Botswana DailyNews
07 May 2026,Modulasetilo o leboga komiti mo go lwantsheng tlhako le,"Modulasetilo wa Khansele ya Bokone Botlhaba, Rre Mbaakanyi Smart o lebogile komiti...",https://dailynews.gov.bw/news-detail/91316,dikgang,Botswana DailyNews
07 May 2026,North West District celebrates legacy of council secretary,"After 36 years of serving the public with honour and integrity, North...",https://dailynews.gov.bw/news-detail/91320,art-culture,Botswana DailyNews
07 Nov 2024,Boko inauguration tomorrow,"Newly elected Botswana President, Mr Duma Boko’s inauguration is tomorrow. The ceremony,...",https://dailynews.gov.bw/news-detail/82991,politics,Botswana DailyNews
07 Nov 2024,Exploring CIIE with Fortune 500 company: Medtech giant\'s innovation,What innovation drive have world medtech giants had for China's healthcare industry?...,https://dailynews.gov.bw/news-detail/82996,development,Botswana DailyNews
07 Nov 2024,How the CIIE is a catalyst for China-Africa synergy,This year marks a milestone in China-Africa relations. At the 2024...,https://dailynews.gov.bw/news-detail/82992,politics,Botswana DailyNews
07 Nov 2024,Xi sends congratulatory letter to inaugural World Conference of,Chinese President Xi Jinping sent a congratulatory letter on Thursday to the...,https://dailynews.gov.bw/news-detail/82995,politics,Botswana DailyNews
07 Nov 2024,Xi urges Hubei to write its own chapter in,Chinese President Xi Jinping has urged central China's Hubei Province to forge...,https://dailynews.gov.bw/news-detail/82994,politics,Botswana DailyNews
07 Oct 2019,Deliver quality project,Government will not tolerate any deviations from requirements set for the construction...,https://dailynews.gov.bw/news-detail/52232,development,Botswana DailyNews
07 Oct 2024,BPF presents Watshipi to Mmopane/Metsimotlhabe voters,"Botswana Patriotic Front (BPF) leader, Mr Mephato Reatile has appealed to Mmopane/Metsimotlhabe...",https://dailynews.gov.bw/news-detail/82153,elections,Botswana DailyNews
07 Oct 2024,Mmusi dedicated leader- Autlwetse,Gabane/Mmankgodi residents have been implored to give their full support to the...,https://dailynews.gov.bw/news-detail/82142,elections,Botswana DailyNews
07 Oct 2024,UDC fields Bogatsu in Lentsweletau/Lephepe,Lentsweletau/Lephepe residents have been urged to vote for the Umbrella for Democratic...,https://dailynews.gov.bw/news-detail/82151,elections,Botswana DailyNews
07 Oct 2024,Vote for BDP to secure future -Masisi,"President, Dr Mokgweetsi Masisi has urged Batswana to vote for Botswana Democratic...",https://dailynews.gov.bw/news-detail/82144,elections,Botswana DailyNews
07 Oct 2024,â€˜Mokgware ideal candidate for Gabane/Mmankgodiâ€™,"Botswana is a country blessed with abundant natural resources, from the intense...",https://dailynews.gov.bw/news-detail/82145,elections,Botswana DailyNews
07 Oct 2024,â€˜Pule re-election to ensure livelihoods improvementâ€™,Voters in Kgatleng East Constituency have been implored to give Botswana Democratic...,https://dailynews.gov.bw/news-detail/82150,elections,Botswana DailyNews
07 Oct 2025,Duo gains insight into kgotla system,"Kgosi Kgari Sechele III has emphasised the importance of the Kgotla, a...",https://dailynews.gov.bw/news-detail/88579,art-culture,Botswana DailyNews
07 Oct 2025,Elang tlhoko diphologolo,Mapodisi kwa Nata ba kopa setshaba go nna keletlhoko ka dinare di...,https://dailynews.gov.bw/news-detail/88584,dikgang,Botswana DailyNews
07 Oct 2025,"Festival promotes health, tourism",Ngamiland Eco Cultural Festival has been commended as an event that not...,https://dailynews.gov.bw/news-detail/88581,art-culture,Botswana DailyNews
07 Oct 2025,Khansele tsa Lobatse le Bollnas ba etela Kgari,"Ratoropo wa Lobatse le bodiredi go tswa kwa Bollnas, Sweden ba ne...",https://dailynews.gov.bw/news-detail/88586,dikgang,Botswana DailyNews
07 Oct 2025,Maitisong festival kicks off,"For its opening night, the Maitisong Festival treated attendees to a four-act...",https://dailynews.gov.bw/news-detail/88573,art-culture,Botswana DailyNews
07 Oct 2025,Maloko ga a kgore tsamaiso,"Go tsogile kgaruru kwa koporaseng ya mabogodika ya Moshupa, kgang kgolo e...",https://dailynews.gov.bw/news-detail/88587,dikgang,Botswana DailyNews
07 Oct 2025,Parakarungu monument cultural time capsule,Culture is a bridge that connects the past and the present and...,https://dailynews.gov.bw/news-detail/88572,art-culture,Botswana DailyNews
07 Sep 2026,Asia-Pacific Media Forum | Guests wowed by intelligent robot,https://english.news.cn/20260905/aad5074380d14682a4640c37b69d3db3/c.html...,https://dailynews.gov.bw/news-detail/93137,general,Botswana DailyNews
07 Sep 2026,"Asia-Pacific media voice support for stronger regional cooperation, shared",More than 400 representatives across the Asia-Pacific region and beyond have gathered...,https://dailynews.gov.bw/news-detail/93139,general,Botswana DailyNews
07 Sep 2026,Boko silences bureaucratic pushback with modern school,Critics said it was impossible to build a modern school in...,https://dailynews.gov.bw/news-detail/93136,general,Botswana DailyNews
07 Sep 2026,Botswana continues to register new HIV infections,"At least six new HIV infections are recorded per day across Botswana,...",https://dailynews.gov.bw/news-detail/93133,general,Botswana DailyNews
07 Sep 2026,Dithubaruba more than song and dance,Culture is the foundation upon which Batswana can build a dynamic creative...,https://dailynews.gov.bw/news-detail/93124,art-culture,Botswana DailyNews
07 Sep 2026,Karome refuses to be silenced by setbacks,More than two decades after he first stepped onto a stage as...,https://dailynews.gov.bw/news-detail/93126,art-culture,Botswana DailyNews
07 Sep 2026,Mohwasa urges Batswana to revive self-reliance,"As community members gathered in Moshupa to give thanks for the harvest,...",https://dailynews.gov.bw/news-detail/93123,art-culture,Botswana DailyNews
07 Sep 2026,Over 10 000 youth to receive training in technology,University of Botswana (UB) and Destination Imagination (DI) have collaborated through a...,https://dailynews.gov.bw/news-detail/93134,general,Botswana DailyNews
07 Sep 2026,Partnerships bring Duma Boko School to life,"The inaugural African Hero school, Duma Boko School in Gaborone...",https://dailynews.gov.bw/news-detail/93135,general,Botswana DailyNews
07 Sep 2026,Thomas closes Miss World journey with poise,"Opening with a public apology to the nation, Miss World Botswana, Ruth...",https://dailynews.gov.bw/news-detail/93125,art-culture,Botswana DailyNews
07 Sep 2026,Vlog | How media cooperation can foster shared prosperity,The Organizing Committee of the Asia-Pacific Media Partnership Program was jointly...,https://dailynews.gov.bw/news-detail/93138,general,Botswana DailyNews
08 Apr 2015,Council seeks to transform Francistown,Francistown City Council (FCC) has come up with Vision 2022 aimed at...,https://dailynews.gov.bw/news-detail/19267,development,Botswana DailyNews
08 Apr 2025,Attacks on taxi operators worry police,"Number 8 District traffic officer, Superintendent Bakani Taleyana has warned taxi operators...",https://dailynews.gov.bw/news-detail/85714,crime,Botswana DailyNews
08 Apr 2026,Bogosi pinagare ya setshaba,"Go tswa go Lowe, bogosi ke pinagare ya setshaba ka jaana le...",https://dailynews.gov.bw/news-detail/90903,dikgang,Botswana DailyNews
08 Apr 2026,Bonno housing programme takes shape in Shashe West,The long-anticipated delivery of 1 000 housing units under the Bonno National...,https://dailynews.gov.bw/news-detail/90916,parliament,Botswana DailyNews
08 Apr 2026,Govt to Address BPS stagnation,Government is committed to provide the Botswana Police Service (BPS) with new...,https://dailynews.gov.bw/news-detail/90918,parliament,Botswana DailyNews
08 Apr 2026,Informal traders to benefit from new tax system,Small businesses and informal traders are set to benefit from a smarter...,https://dailynews.gov.bw/news-detail/90913,parliament,Botswana DailyNews
08 Apr 2026,Ministry Aims to Promote Sustainable Phane Harvesting,Ministry of Environment and Tourism continues to implement initiatives to expand the...,https://dailynews.gov.bw/news-detail/90914,parliament,Botswana DailyNews
08 Apr 2026,Mohwasa explains Btvâ€™s France24 partnership,"Minister for State President, Defence and Security has informed Parliament that the...",https://dailynews.gov.bw/news-detail/90915,parliament,Botswana DailyNews
08 Apr 2026,New oversight structures under review,The Ministry of Local Government and Traditional Affairs is working in partnership...,https://dailynews.gov.bw/news-detail/90917,parliament,Botswana DailyNews
08 Apr 2026,Re imetswe: The hidden Weight Carried By Many,"In the bustling streets of Botswana’s cities, towns and villages, a phrase...",https://dailynews.gov.bw/news-detail/90911,art-culture,Botswana DailyNews
08 Apr 2026,Salakae acknowledges poor road conditions,"Infrastructure has acknowledged the deteriorating condition of national roads, including internal roads...",https://dailynews.gov.bw/news-detail/90912,parliament,Botswana DailyNews
08 Apr 2026,VAT Tax Bill to modernise digital economy and shield,Government is set to modernise the 24-year-old tax framework with the introduction...,https://dailynews.gov.bw/news-detail/90919,parliament,Botswana DailyNews
08 Aug 2022,Structural Development no longer requirement for land transfer,Structural development is no longer a requirement for transfer of land to...,https://dailynews.gov.bw/news-detail/68514,development,Botswana DailyNews
08 Aug 2022,Tsamayaâ€™s Mosadi Letlotlo Society sets milestone,Some ladies in Tsamaya have been commended for the formation of Mosadi...,https://dailynews.gov.bw/news-detail/68512,development,Botswana DailyNews
08 Aug 2025,Francistown Spin Show Saturday,The first edition of Francistown Spin Show will take place at the...,https://dailynews.gov.bw/news-detail/87984,art-culture,Botswana DailyNews
08 Dec 2020,Chairperson calls for investor-friendly regulations,Kgatleng District Council chairperson Mr Daniel Molokwe says the district did not...,https://dailynews.gov.bw/news-detail/60042,development,Botswana DailyNews
08 Dec 2020,School COVID-19 cases worry chairperson,"The South East District Council Chairperson, Mr Oshima Peloewetse says the increasing...",https://dailynews.gov.bw/news-detail/60044,development,Botswana DailyNews
08 Dec 2023,BRI agricultural cooperation help alleviate hunger in less developed,Through a decade of agricultural cooperation within the framework of Belt and...,https://dailynews.gov.bw/news-detail/76896,development,Botswana DailyNews
08 Dec 2025,Consultations to upgrade Palapye to city status ongoing,Consultations to upgrade Palapye from village to city status is ongoing. Speaking...,https://dailynews.gov.bw/news-detail/89317,development,Botswana DailyNews
08 Dec 2025,National Health Insurance bill coming,The National Health Insurance (NHI) bill will be tabled in Parliament February...,https://dailynews.gov.bw/news-detail/89315,parliament,Botswana DailyNews
08 Dec 2025,Ramogapi outlines five-pronged strategy,The Ministry of Water and Human Settlement is pursuing a five-fold strategy...,https://dailynews.gov.bw/news-detail/89312,parliament,Botswana DailyNews
08 Dec 2025,\'No legal framework for expungement of fingerprints\',"The Assistant Minister for State President, Ms Maipelo Mophuting says there is...",https://dailynews.gov.bw/news-detail/89314,parliament,Botswana DailyNews
08 Feb 2015,Molefhi hands over site to hospital contractor,"The Minister of Infrastructure, Science and Technology, Mr Nonofo Molefhi has handed...",https://dailynews.gov.bw/news-detail/17524,development,Botswana DailyNews
08 Feb 2026,"Speed skaters Ning, Zhang China\'s flagbearers for Milan-Cortina Winter",Speed skater Ning Zhongyan and short track speed skater Zhang Chutong will...,https://dailynews.gov.bw/news-detail/89856,crime,Botswana DailyNews
08 Jan 2020,Election appeals January 29,Justice Singh Walia of the Court of Appeal yesterday set January 29...,https://dailynews.gov.bw/news-detail/53672,elections,Botswana DailyNews
08 Jan 2025,Botswana and Eswatini value ties,"Botswana and eSwatini have a history of strong ties and relations, which...",https://dailynews.gov.bw/news-detail/83935,politics,Botswana DailyNews
08 Jan 2025,Garekwe to rule on recusal tomorrow,"Judgment in a matter in which former Permanent Secretary to the President,...",https://dailynews.gov.bw/news-detail/83928,crime,Botswana DailyNews
08 Jan 2026,Louis Collymore breaks through with War Cry,"Louis Dingalo, known to fans by his musical alter ego, Louis Collymore,...",https://dailynews.gov.bw/news-detail/89545,art-culture,Botswana DailyNews
08 Jan 2026,Mohurutshe ready to rule entrepreneurial space,"A strong commitment to his community in Thamaga, coupled with a bold...",https://dailynews.gov.bw/news-detail/89546,art-culture,Botswana DailyNews
08 Jan 2026,Road project to be implemented through public works,Following cancellation of tender for construction of a 30km Mathathane-Platjan border post...,https://dailynews.gov.bw/news-detail/89548,development,Botswana DailyNews
08 Jul 2024,Francistown police in search of a man alleged to,Police in Francistown are appealing to the public to help them in...,https://dailynews.gov.bw/news-detail/80475,crime,Botswana DailyNews
08 Jul 2024,Morupisi pleads with court to grant withdrawal,"Former Permanent Secretary to the President, , Carter Morupisi says his financial...",https://dailynews.gov.bw/news-detail/80490,crime,Botswana DailyNews
08 Jul 2024,Mother of children killed by their father safe,The mother of two children who were allegedly killed by their father...,https://dailynews.gov.bw/news-detail/80476,crime,Botswana DailyNews
08 Jul 2025,Death row inmate Mothokgo suffers setback,"Death row inmate, Mooketsi Mothokgo has faced a significant setback after the...",https://dailynews.gov.bw/news-detail/87406,crime,Botswana DailyNews
08 Jul 2025,Mojadigo trial set for August,The trial of Goitsekgosi Mojadigo on charges of rape and defilement is...,https://dailynews.gov.bw/news-detail/87405,crime,Botswana DailyNews
08 Jul 2026,Designer upcycles old denim into art,Art has always found a way to reinvent itself. From oil on...,https://dailynews.gov.bw/news-detail/92148,art-culture,Botswana DailyNews
08 Jul 2026,Finalists to battle for Red Bull Dance Your Style,"After qualifying through fiercely contested battles, Botswana’s best dancers will on July...",https://dailynews.gov.bw/news-detail/92149,art-culture,Botswana DailyNews
08 Jul 2026,Thuso ya dikhamphani e botlhokwa go ribolola talente,"Moeteledipele wa setlhopha sa mmino wa borankana sa Tauyasekgwa kwa Lobatse, Rre...",https://dailynews.gov.bw/news-detail/92146,dikgang,Botswana DailyNews
08 Jul 2026,Tshimo ya morafe e ntsha maduo,"Modulasetilo wa komiti ya ditlhabololo kwa motseng wa Kolonkwaneng, Rre Tumelo Matebele...",https://dailynews.gov.bw/news-detail/92147,dikgang,Botswana DailyNews
08 Jun 2014,Taks force seeks to rehabilitate school facilities,North West District Council (NWDC) is working round the clock to make...,https://dailynews.gov.bw/news-detail/11881,development,Botswana DailyNews
08 Jun 2015,Mahalapye to implement 171 ipelegeng projects,"The Mahalapye Sub-council's ipelegeng coordinator, Mr Kadimo Sephetsolo, says the council will...",https://dailynews.gov.bw/news-detail/20645,development,Botswana DailyNews
08 Jun 2024,Witness in murder case somersaults on promise,"Key witness in the 2017 murder of Thulaganyo Motlhobogwa at Unit 7,...",https://dailynews.gov.bw/news-detail/79988,crime,Botswana DailyNews
08 Jun 2025,Deal sets stage for innovative economy,A historic sales agreement signed in April by Botswana with its longtime...,https://dailynews.gov.bw/news-detail/86852,politics,Botswana DailyNews
08 Jun 2025,Masole new permanent representative to United Nations,President Advocate Duma Boko has appointed Mr Charles Masole Botswana’s ambassador and...,https://dailynews.gov.bw/news-detail/86853,politics,Botswana DailyNews
08 Jun 2025,Protect natural diamonds,"The advent of lab-grown diamonds, portrayed as a juggernaut that has been...",https://dailynews.gov.bw/news-detail/86850,politics,Botswana DailyNews
08 Mar 2015,Central District updates on projects,"Central District Council (CDC) chairperson, Mr Peter Williams says the council is...",https://dailynews.gov.bw/news-detail/18363,development,Botswana DailyNews
08 Mar 2015,Ghana president to open Dikgatlhong Dam,Preparations for the official opening of Dikgatlhong Dam on March 9 by...,https://dailynews.gov.bw/news-detail/18352,development,Botswana DailyNews
08 Mar 2015,Project causes Thapama circle closure,"The department of roads chief engineer, Mr Letlhogela Radipata says the Thapama...",https://dailynews.gov.bw/news-detail/18403,development,Botswana DailyNews
08 Mar 2023,"Xi stresses healthy, high-quality development of private sector","China President, Xi Jinping, also general secretary of the Communist Party of...",https://dailynews.gov.bw/news-detail/71877,development,Botswana DailyNews
08 Mar 2024,China\'s first government work report in Braille makes democracy,When the second session of the 14th National People's Congress (NPC) lifted...,https://dailynews.gov.bw/news-detail/78309,development,Botswana DailyNews
08 Mar 2026,Boko Refutes Death Penalty Opposition Allegations,President Advocate Duma Boko has refuted allegations that he opposes the death...,https://dailynews.gov.bw/news-detail/90434,politics,Botswana DailyNews
08 May 2025,Africa charts new course of unity - Gaolathe,"Vice President and Minister of Finance, Mr Ndaba Gaolathe has outlined a...",https://dailynews.gov.bw/news-detail/86246,politics,Botswana DailyNews
08 May 2025,China and UNFPA finalise health partnership,China and the United Nations Population Fund (UNFPA) have officially announced the...,https://dailynews.gov.bw/news-detail/86230,politics,Botswana DailyNews
08 May 2025,Forum embraces digital shift,A revolutionary moment! That is President Advocate Duma Boko’s description of Africa’s...,https://dailynews.gov.bw/news-detail/86247,politics,Botswana DailyNews
08 May 2025,Girlfriend denies killing boyfriend son,A woman charged for the killing of her boyfriend’ son almost nine...,https://dailynews.gov.bw/news-detail/86223,crime,Botswana DailyNews
08 May 2025,Molome prioritises unity,"The newly elected Botswana National Front Women’s League (BNFWL) president, Ms Monica...",https://dailynews.gov.bw/news-detail/86226,politics,Botswana DailyNews
08 Nov 2024,Boko promises brighter Botswana,"President Duma Boko has promised that his government will create the ""Botswana...",https://dailynews.gov.bw/news-detail/83011,politics,Botswana DailyNews
08 Oct 2024,BDP aims for clean sweep,Botswana Democratic Party (BDP) has its eyes set on winning all 61...,https://dailynews.gov.bw/news-detail/82166,elections,Botswana DailyNews
08 Oct 2024,Masisi launches Kwape for Kanye West,According the Botswana Democratic Party (BDP) the opportunity to govern for a...,https://dailynews.gov.bw/news-detail/82164,elections,Botswana DailyNews
08 Oct 2024,Segokgo perfect for Tlokweng - Autlwetse,"Botswana Democratic Party (BDP) parliamentary candidate for Tlokweng, Mr Thulagano Segokgo is ...",https://dailynews.gov.bw/news-detail/82162,elections,Botswana DailyNews
08 Oct 2024,Serame cut above the rest - Masisi,The President Dr Mokgweetsi Masisi has described the Botswana Democratic Party (BDP)...,https://dailynews.gov.bw/news-detail/82159,elections,Botswana DailyNews
08 Oct 2024,UDC promises better living wages,Botswana needs an economy that generates sustainable jobs for an increasingly youthful...,https://dailynews.gov.bw/news-detail/82160,elections,Botswana DailyNews
08 Oct 2025,Ba supa fa madi a bagodi a fetotse matshelo,Bangwe bagodi ba galaletsa koketso ya madi a bagodi go tswa mo...,https://dailynews.gov.bw/news-detail/88592,dikgang,Botswana DailyNews
08 Oct 2025,Content Monetisation Hub on cards,Government plans to establish a Content Monetisation Hub as part of a...,https://dailynews.gov.bw/news-detail/88589,art-culture,Botswana DailyNews
08 Sep 2014,BHC starts Chobe project,Botswana Housing Corporation (BHC) recently hosted a ground breaking ceremony to mark...,https://dailynews.gov.bw/news-detail/14290,development,Botswana DailyNews
08 Sep 2014,Governments seal bridge construction deal,The governments of Botswana and Zambia signed a contract for the construction...,https://dailynews.gov.bw/news-detail/14306,development,Botswana DailyNews
08 Sep 2024,Okavango District voter registration satisfying- Siamisang,The Independent Electoral Commission (IEC) has recorded a satisfying number of voters...,https://dailynews.gov.bw/news-detail/81618,elections,Botswana DailyNews
08 Sep 2026,"APEC \""Keywords\""","400+ representatives from 40+ countries and regions, along with UN agencies and...",https://dailynews.gov.bw/news-detail/93159,general,Botswana DailyNews
08 Sep 2026,Asia-Pacific Media Forum unveils consensus on shared prosperity,A consensus on jointly promoting the prosperity and development of the Asia-Pacific...,https://dailynews.gov.bw/news-detail/93148,general,Botswana DailyNews
08 Sep 2026,Banni ba kopa maranyane a smartbots,Banni ba Mokukgwane ba kopile go gokelwa maranyane a smartbots go tokafatsa...,https://dailynews.gov.bw/news-detail/93156,dikgang,Botswana DailyNews
08 Sep 2026,Botswana prepares National Health Insurance rollout,The proposed National Health Insurance (NHI) will run as a pilot project...,https://dailynews.gov.bw/news-detail/93152,general,Botswana DailyNews
08 Sep 2026,China Focus: Think tank report highlights value of China\'s,"New popular literature and art, characterized by broad public participation in the...",https://dailynews.gov.bw/news-detail/93158,general,Botswana DailyNews
08 Sep 2026,DCEC intensifies anti-corruption drive,Directorate on Corruption and Economic Crime (DCEC) has it intensifies efforts to...,https://dailynews.gov.bw/news-detail/93143,general,Botswana DailyNews
08 Sep 2026,Drug shortage eases,"Acting President, Mr Nelson Ramaotwana (right) being taken on a tour of...",https://dailynews.gov.bw/news-detail/93174,general,Botswana DailyNews
08 Sep 2026,Duo turns edu-tainment into livelihood,"Turning cultural heritage into electrifying “edu-tainment” for poetic duo Edwin Moroka, alias...",https://dailynews.gov.bw/news-detail/93173,art-culture,Botswana DailyNews
08 Sep 2026,Elders deserve recognition - MP,The elderly people deserve recognition and support as their efforts and energy...,https://dailynews.gov.bw/news-detail/93145,general,Botswana DailyNews
08 Sep 2026,Govt strengthens corporate governance,Government has as part of its mandate of public administration and efforts...,https://dailynews.gov.bw/news-detail/93149,general,Botswana DailyNews
08 Sep 2026,Kgalagadi north braces for dry season,"Kgalagadi North District is bracing for a difficult period of water shortage,...",https://dailynews.gov.bw/news-detail/93147,general,Botswana DailyNews
08 Sep 2026,Men account for 71 per cent of road crash,"Director in the Directorate of Public Prosecutions, Mr Kgosietsile Ngakaagae has expressed...",https://dailynews.gov.bw/news-detail/93164,general,Botswana DailyNews
08 Sep 2026,Mogoditshane to get new DRTS office,Residents of Mogoditshane are set to access Department of Road Transport Service...,https://dailynews.gov.bw/news-detail/93146,general,Botswana DailyNews
08 Sep 2026,"President Mnangagwa says food security, peace, trade key for","President Emmerson Mnangagwa has said promoting food security, peace, increased trade...",https://dailynews.gov.bw/news-detail/93160,general,Botswana DailyNews
08 Sep 2026,Residents and council team up to fix pothole,Residents of Francistown have joined the City Council in a 14- day...,https://dailynews.gov.bw/news-detail/93153,general,Botswana DailyNews
08 Sep 2026,Seemo sa itsholelo se a nametsa - Maele,"Mopalamente wa kgaolo ya Tswapong Bokone, Rre Prince Maele, o lekodisitse banni...",https://dailynews.gov.bw/news-detail/93154,dikgang,Botswana DailyNews
08 Sep 2026,Sefhophe by-election set for October 17,"Minister of Local Government and Traditional Affairs, Mr Ketlhalefile Motshegwa,...",https://dailynews.gov.bw/news-detail/93175,general,Botswana DailyNews
08 Sep 2026,THAPELO KE MATLA,Modulasetilo wa lekgotla la baruti mo Kgaolong ya Tsabong moruti Ruben Mosimenyane...,https://dailynews.gov.bw/news-detail/93171,dikgang,Botswana DailyNews
08 Sep 2026,Tsheka tsheko ya molao wa bana e tsweletse,Banni ba kgotlana ya Ikageleng kwa Selibe Phikwe ba rotloeditswe go tsaya...,https://dailynews.gov.bw/news-detail/93155,dikgang,Botswana DailyNews
08 Sep 2026,WHO reaffirms support for Botswana,The World Health Organization (WHO) has reaffirmed its readiness to support Botswana...,https://dailynews.gov.bw/news-detail/93144,general,Botswana DailyNews
08 Sep 2026,Youth crucial contributors to development,Minister of Youth and Gender Affairs has called on stakeholders and development...,https://dailynews.gov.bw/news-detail/93165,general,Botswana DailyNews
09 Apr 2025,Court finds Letsididi guilty of rape,A man who snatched an eight year-old child from her deep sleep...,https://dailynews.gov.bw/news-detail/85738,crime,Botswana DailyNews
09 Apr 2026,Fund Establishment On Track,"Minister for State President, Defence and Security, Mr Moeti Mohwasa, has informed...",https://dailynews.gov.bw/news-detail/90943,parliament,Botswana DailyNews
09 Apr 2026,Go Tshegetsa Ngwao Go Ne Go Thusa,"Go tswa goo lowe, Motswana e ne e le motho le temo...",https://dailynews.gov.bw/news-detail/90928,dikgang,Botswana DailyNews
09 Apr 2026,Govt commits to Pay P43m owed to veterinary employees,Government is committed to settling at least P43 million owed to low-ranking...,https://dailynews.gov.bw/news-detail/90929,parliament,Botswana DailyNews
09 Apr 2026,Leshibitse Groundwater and soil offer unique opportunities,Leshibitse area has unique opportunities due to the abundance of groundwater and...,https://dailynews.gov.bw/news-detail/90940,parliament,Botswana DailyNews
09 Apr 2026,Mmolotsi explains tourism sector user fees,The Ministry of Tourism and Environment has not increased any user fees...,https://dailynews.gov.bw/news-detail/90939,parliament,Botswana DailyNews
09 Apr 2026,No law On Dog Breed Ban - Minister,Parliament has been informed that the current laws relating to animal health...,https://dailynews.gov.bw/news-detail/90941,parliament,Botswana DailyNews
09 Apr 2026,Owa shares indigenous healing practice,"As the world commemorated the International women’s Day in March, to celebrate...",https://dailynews.gov.bw/news-detail/90930,art-culture,Botswana DailyNews
09 Apr 2026,Repatriated profit tax aims for parity between local and,Government is set to abolish the 30 per cent corporate tax...,https://dailynews.gov.bw/news-detail/90944,parliament,Botswana DailyNews
09 Apr 2026,Shamukuni burial Saturday,"Former Minister of Justice, Machana Ronald Shamukuni, who passed on April 3,...",https://dailynews.gov.bw/news-detail/90926,politics,Botswana DailyNews
09 Dec 2021,Botswana makes anti-corruption strides,Botswana continues to make strides in the fight against corruption as evidenced...,https://dailynews.gov.bw/news-detail/64729,development,Botswana DailyNews
09 Dec 2024,Two men appear for armed robbery,Two men appeared before Serowe Magistrate Court on a single count of...,https://dailynews.gov.bw/news-detail/83609,crime,Botswana DailyNews
09 Dec 2025,Acquistion of citizenship by settlement provision available,"In terms of catering for someone who has been identified as stateless,...",https://dailynews.gov.bw/news-detail/89332,parliament,Botswana DailyNews
09 Dec 2025,BPC stabilises operations,The Botswana Power Corporation (BPC) has recently experienced delays in settling payments...,https://dailynews.gov.bw/news-detail/89331,parliament,Botswana DailyNews
09 Dec 2025,Mahogany Restaurant diners spoilt for choice,"This festive season, diners can look forward to a fresh burst of...",https://dailynews.gov.bw/news-detail/89327,art-culture,Botswana DailyNews
09 Dec 2025,Selebi Phikwe Citrus Project to train pickers,Out of the 696 farm workers currently employed by the Selebi Phikwe...,https://dailynews.gov.bw/news-detail/89333,parliament,Botswana DailyNews
09 Dec 2025,Solo wins big at Lyric Leap show,"Who says a mom-to-be cannot be a champion? Naledi Diketso, better known...",https://dailynews.gov.bw/news-detail/89328,art-culture,Botswana DailyNews
09 Feb 2025,Francistown magistrate denies Holland bail,"British national, David Holland’s second attempt to get bail was recently denied...",https://dailynews.gov.bw/news-detail/84457,crime,Botswana DailyNews
09 Feb 2025,Jwaneng magistrate denies murder accused bail,"Jwaneng magistrate, Kelebogile Molapo recently ruled against a bail application for murder...",https://dailynews.gov.bw/news-detail/84456,crime,Botswana DailyNews
09 Feb 2025,Morupisi loses twice and back in court Tuesday,The Court of Appeal on Thursday dismissed two applications by former Permanent...,https://dailynews.gov.bw/news-detail/84458,crime,Botswana DailyNews
09 Feb 2026,A re adimaneng didirisiwa- Peloetletse,Mokwaledi mogolo wa ga Tautona Mme Emma Peloetletse o kopile badirelapuso go...,https://dailynews.gov.bw/news-detail/89861,dikgang,Botswana DailyNews
09 Feb 2026,Ba Nokaneng ba re puso e dire tshekatsheko ya,Bontsi jwa banni ba motse wa Nokaneng ba gakolotse gore puso e...,https://dailynews.gov.bw/news-detail/89862,dikgang,Botswana DailyNews
09 Feb 2026,Lekwete Captain Rebrands To Mark New Chapter,"Masaka Masaka, formerly known as Lekwete Captain in the entertainment industry has...",https://dailynews.gov.bw/news-detail/89873,art-culture,Botswana DailyNews
09 Feb 2026,Phatlalatso Ya Melemo E Bonya - Mmolotsi,Tona wa tikologo le bojanala Rre Wynter Mmolotsi o supile ka monwana...,https://dailynews.gov.bw/news-detail/89863,dikgang,Botswana DailyNews
09 Feb 2026,Sekgwa Clarifies Appointment of New Queen,The new Queen’s reign is not a replacement of the now former...,https://dailynews.gov.bw/news-detail/89872,art-culture,Botswana DailyNews
09 Jan 2025,CoA rules to expedite Morupisiâ€™s case,An appeal against a High Court judgment which freed former Permanent Secretary...,https://dailynews.gov.bw/news-detail/83943,crime,Botswana DailyNews
09 Jan 2026,Koma burial Saturday,When the opposition forces that coalesced into the Umbrella for Democratic Change...,https://dailynews.gov.bw/news-detail/89550,politics,Botswana DailyNews
09 Jan 2026,Mapodise Ba Ganetsa Magatwe a Facebook,"Mookamela mapodisi kwa Middlepits, Superintendent Kebadire Mmopi o gakolotse setshaba go ikgapha...",https://dailynews.gov.bw/news-detail/89551,dikgang,Botswana DailyNews
09 Jan 2026,Matlolapata maphutha ditshaba,Le fa metshameko ya kgwele ya dinao ya Matlolapata e kgaoganya Mogoditshane...,https://dailynews.gov.bw/news-detail/89552,dikgang,Botswana DailyNews
09 Jul 2024,Double Murder Suspect To Appear In Court,"A Matobo man, Unangoni Salathi who is alleged to have killed his...",https://dailynews.gov.bw/news-detail/80520,crime,Botswana DailyNews
09 Jul 2024,Police hopeful to make arrest soon,Francistown police are hopeful that they will arrest the man who is...,https://dailynews.gov.bw/news-detail/80504,crime,Botswana DailyNews
09 Jul 2026,Anafiki life story comes to big screen,"Renowned musician Anafiki Ditau, best known for her iconic hit Mpolelele Re...",https://dailynews.gov.bw/news-detail/92173,art-culture,Botswana DailyNews
09 Jul 2026,Dikgang tsa go ikgapela botshelo di a gola,Mapodisi a Gumare a tlhotlhomisa tiragalo e rre mongwe wa dingwaga tse...,https://dailynews.gov.bw/news-detail/92176,dikgang,Botswana DailyNews
09 Jul 2026,Mosele-wa-pula o epiwa go sale gale,"Boeteledipele, barutabana le batsadi ba baithuti ba sekole sa Pandagala kwa Tutume...",https://dailynews.gov.bw/news-detail/92177,dikgang,Botswana DailyNews
09 Jul 2026,Tapyowa NG32 experience celebrate culture,"The quiet and remote tourism island of Mmamokhutshwane, situated right in the...",https://dailynews.gov.bw/news-detail/92174,art-culture,Botswana DailyNews
09 Jun 2014,Extension 11 servicing ongoing,"Infrastructure development at Palapye’s Extension 11 has kick-started and after completion, it...",https://dailynews.gov.bw/news-detail/11932,development,Botswana DailyNews
09 Jun 2014,Project to sustain water supply for 20 years,The communities of villages in Boteti North and some parts of North...,https://dailynews.gov.bw/news-detail/11920,development,Botswana DailyNews
09 Jun 2014,Water project excludes Xhana,Xhana settlement in the North West District will not be covered by...,https://dailynews.gov.bw/news-detail/11931,development,Botswana DailyNews
09 Jun 2025,Court remands Tshupetso in custody,An eighteen-year-old girl who is accused of stabbing her boyfriend three times...,https://dailynews.gov.bw/news-detail/86860,crime,Botswana DailyNews
09 Jun 2025,Infrastructure ministry prepares for NDP 12,The Ministry of Transport and Infrastructure is in the process of identifying...,https://dailynews.gov.bw/news-detail/86868,development,Botswana DailyNews
09 Jun 2025,Residents decry dilapidated road,Gumare residents have expressed growing concern over the deteriorating condition of Nokaneg-Gumare...,https://dailynews.gov.bw/news-detail/86858,development,Botswana DailyNews
09 Jun 2025,SADC lauds Lungu for contribution to regional integration,"Former Zambia president, Edgar Lungu has been lauded for serving the country...",https://dailynews.gov.bw/news-detail/86869,politics,Botswana DailyNews
09 Jun 2026,Batawana celebrate 30 years of cultural heritage,"Dressed in vibrant array of traditional attire, the Ngamiland community from all...",https://dailynews.gov.bw/news-detail/91760,art-culture,Botswana DailyNews
09 Jun 2026,Malope names new regiment Maisantwa III,Kgosi Malope II of Bangwaketse has officially bestowed the prestigious name Maisantwa...,https://dailynews.gov.bw/news-detail/91763,art-culture,Botswana DailyNews
09 Jun 2026,Miss Entrepreneur World pageant in offing,A great movement begins with a great dream–a dream that refuses to...,https://dailynews.gov.bw/news-detail/91759,art-culture,Botswana DailyNews
09 Mar 2025,BOTSAT - 1 launch postponed,The Botswana International University of Science and Technology (BIUST) and the BOTSAT...,https://dailynews.gov.bw/news-detail/85083,politics,Botswana DailyNews
09 Mar 2025,Boko wraps USA visit,The working visit to USA by President Adv Duma Boko ended on...,https://dailynews.gov.bw/news-detail/85078,politics,Botswana DailyNews
09 Mar 2025,Botswana safe for investment,President Advocate Duma Boko has affirmed Botswana’s position as a haven for...,https://dailynews.gov.bw/news-detail/85085,politics,Botswana DailyNews
09 Mar 2025,Economic revitalisation priority - Gaolathe,"Acting President, Mr Ndaba Gaolathe says the new government is committed to...",https://dailynews.gov.bw/news-detail/85084,politics,Botswana DailyNews
09 Mar 2025,Government prioritises critical roads,"Assistant Minister of Transport and Infrastructure, Mr Keoagile Atamelang recently embarked on...",https://dailynews.gov.bw/news-detail/85077,development,Botswana DailyNews
09 Mar 2025,Minister briefs on plans to review labour laws,"In a recent address to residents of Block 7, in Francistown Minister...",https://dailynews.gov.bw/news-detail/85075,politics,Botswana DailyNews
09 Mar 2025,P900 millon for Letlhakeng to Kaudwane road,Funds for the construction of the Letlhakeng/Kaudwane 95-kilometre road to bitumen status...,https://dailynews.gov.bw/news-detail/85076,development,Botswana DailyNews
09 Mar 2026,Boko clarifies position on death penalty,President Advocate Duma Boko has refuted allegations that he opposes the death...,https://dailynews.gov.bw/news-detail/90460,politics,Botswana DailyNews
09 Mar 2026,Bopelotelele bo a busetsa - modulasetilo,"Maloko a mokgatlho wa Mosadi o Ruta Mosadi, o o simologileng ka...",https://dailynews.gov.bw/news-detail/90457,dikgang,Botswana DailyNews
09 Mar 2026,Dikole di mo seemong se sa itumediseng,Dingwe dikole kwa kgaolong ya bokone bophirima di mo seemong se se...,https://dailynews.gov.bw/news-detail/90458,dikgang,Botswana DailyNews
09 Mar 2026,Gaolathe rules out GEMVAS expansion,"Vice President and Minister of Finance, Mr Ndaba Gaolathe, has ruled out...",https://dailynews.gov.bw/news-detail/90444,parliament,Botswana DailyNews
09 Mar 2026,Govt sets aside P2.9m for locust control campaign,Government has committed P2.9 million to a control campaign against African Migratory...,https://dailynews.gov.bw/news-detail/90441,parliament,Botswana DailyNews
09 Mar 2026,Mining wealth hinges on innovation,"Botswana remains attracting for investors in the mining sector, recently ranked first...",https://dailynews.gov.bw/news-detail/90442,parliament,Botswana DailyNews
09 Mar 2026,Ministry requests P8.7bn to revatilise healthcare,The Ministry of Health’s 2026/27 budget prioritises some reform programmes aimed at...,https://dailynews.gov.bw/news-detail/90443,parliament,Botswana DailyNews
09 Mar 2026,Ministry to establish child support centres in districts,The Ministry of Child Welfare and Basic Education plans to establish Multi-disciplinary...,https://dailynews.gov.bw/news-detail/90449,parliament,Botswana DailyNews
09 Mar 2026,Opposition leader warns against electricity tariff hike,"The Leader of the Opposition and Maun North MP, Mr Dumelang Saleshando,...",https://dailynews.gov.bw/news-detail/90445,parliament,Botswana DailyNews
09 Mar 2026,Ragontse conquers adversities,"Former RB2 presenter, Tebogo ‘Lady of Soul’ Ragontse has emphasised the power...",https://dailynews.gov.bw/news-detail/90456,art-culture,Botswana DailyNews
09 Mar 2026,Same-sex couple challenges Marriage Act,"A same sex couple, Bonolo Selelo and Tsholofelo Kumile, has approached the...",https://dailynews.gov.bw/news-detail/90440,crime,Botswana DailyNews
09 May 2016,Kutamogoree welcomes developments,Residents of Kutamogoree in Nata/Gweta constituency have commended government for development projects...,https://dailynews.gov.bw/news-detail/28112,development,Botswana DailyNews
09 May 2025,"China, Russia pledge to join forces against bullying, power",China will work with Russia to shoulder the special responsibilities entrusted by...,https://dailynews.gov.bw/news-detail/86251,politics,Botswana DailyNews
09 May 2025,"China, Russia should make new, greater contributions to national",Chinese President Xi Jinping said Thursday that China and Russia should take...,https://dailynews.gov.bw/news-detail/86250,politics,Botswana DailyNews
09 May 2025,"China, Russia to shoulder special responsibility as major countries",In face of the countercurrent of unilateralism and the act of power...,https://dailynews.gov.bw/news-detail/86248,politics,Botswana DailyNews
09 May 2025,"Xi calls on China, Russia to maintain strategic resolve,",Chinese President Xi Jinping said Thursday that China and Russia should maintain...,https://dailynews.gov.bw/news-detail/86249,politics,Botswana DailyNews
09 May 2026,India and Africa Partner In Shaping Global Order,"A decade later, African leaders, will on May 28 to 31 converge...",https://dailynews.gov.bw/news-detail/91335,politics,Botswana DailyNews
09 May 2026,More Batswana To Benefit From ICCR Scholarships,"Due to India’s benevolence, 75 Batswana will this year have an opportunity...",https://dailynews.gov.bw/news-detail/91336,politics,Botswana DailyNews
09 Nov 2024,Magistrate commits defilement case to High Court,A case in which a man has been convicted of defiling his...,https://dailynews.gov.bw/news-detail/83012,crime,Botswana DailyNews
09 Oct 2014,Middlepits cluster receive water project,"The Middlepits cluster which comprises of Gakhibana, Bogogobo, Middlepits, Khuis and Kolonkwaneng...",https://dailynews.gov.bw/news-detail/15031,development,Botswana DailyNews
09 Oct 2023,"Chinese initiatives promote development, peace worldwide - AL official","The global initiatives launched by China over the past decade, including the...",https://dailynews.gov.bw/news-detail/75641,development,Botswana DailyNews
09 Oct 2024,Candidates reveal plans for Mmopane/Metsimotlhabe,Parliamentary candidates in Mmopane/Metsimotlhabe Constituency have said the quest to improve the...,https://dailynews.gov.bw/news-detail/82189,elections,Botswana DailyNews
09 Oct 2024,No case for my recusal - Gabanagae,Gaborone High Court has dismissed an application for Justice Chris Gabanagae to...,https://dailynews.gov.bw/news-detail/82175,elections,Botswana DailyNews
09 Oct 2024,Saleshando ready to be next president,"The Botswana Congress Party (BCP) leader Mr Dumelang Saleshando, says he is...",https://dailynews.gov.bw/news-detail/82176,elections,Botswana DailyNews
09 Oct 2024,"\'Gare, BDP ahead of competitors\'","The Botswana Democratic Party (BDP) leader, President Dr Mokgweetsi Masisi, says the...",https://dailynews.gov.bw/news-detail/82188,elections,Botswana DailyNews
09 Oct 2025,Basotho re-unite in Tlhareseleele,A group of Basotho from Botswana and Lesotho have organised a re-union...,https://dailynews.gov.bw/news-detail/88611,art-culture,Botswana DailyNews
09 Oct 2025,Gaseitsewe trial set for next year,Trial has been set for next year in a case in which...,https://dailynews.gov.bw/news-detail/88604,crime,Botswana DailyNews
09 Sep 2024,Cross-border theft growing sophisticated,Cross-border thieves are reportedly employing advanced measures to evade detection and arrest...,https://dailynews.gov.bw/news-detail/81653,crime,Botswana DailyNews
09 Sep 2024,Robbery accused not coerced to confess,The sole survivor of a fire exchange between police and robbers in...,https://dailynews.gov.bw/news-detail/81651,crime,Botswana DailyNews
09 Sep 2026,Bobirwa health journey at crossroadsâ€™,Critical leadership and specialist vacancies continue to stretch the capacity of healthcare...,https://dailynews.gov.bw/news-detail/93177,general,Botswana DailyNews
09 Sep 2026,Building the China-Kyrgyzstan-Uzbekistan Railway Together,"Tunnels through mountains, bridges across valleys. The Kyrgyz section of the China-Kyrgyzstan-Uzbekistan...",https://dailynews.gov.bw/news-detail/93182,general,Botswana DailyNews
09 Sep 2026,Go ema kgosi nokeng ke go aga morafe,Tirisano fa gare ga kgosi le morafe ke motheo wa go aga...,https://dailynews.gov.bw/news-detail/93188,dikgang,Botswana DailyNews
09 Sep 2026,Kgatleng targets 55 000 cattle in mass vaccination,Authorities will today launch a mass vaccination campaign targeting about 55...,https://dailynews.gov.bw/news-detail/93186,general,Botswana DailyNews
09 Sep 2026,Mental health education core,First Lady Kaone Boko has called for public education on mental health...,https://dailynews.gov.bw/news-detail/93176,general,Botswana DailyNews
09 Sep 2026,National Health Insurance to bridge gaps,The National Health Insurance Policy is expected to improve access to quality...,https://dailynews.gov.bw/news-detail/93180,general,Botswana DailyNews
09 Sep 2026,New Life on the Nile,"How have Egypt and China built seven decades of trust, and what...",https://dailynews.gov.bw/news-detail/93192,general,Botswana DailyNews
09 Sep 2026,North West records 98 per cent ARV suppression,The North West region has recorded an impressive 98 per cent HIV...,https://dailynews.gov.bw/news-detail/93183,general,Botswana DailyNews
09 Sep 2026,Relief imminent for Bokamoso JSS and community,Change is impending for Bokamoso Junior Secondary School and for learners and...,https://dailynews.gov.bw/news-detail/93185,general,Botswana DailyNews
09 Sep 2026,Swaabe Cultural Day celebrates heritage,"The rhythmic beat of drums, traditional dances and the rich aroma of...",https://dailynews.gov.bw/news-detail/93181,art-culture,Botswana DailyNews
10 Aug 2022,Tati Land Board resorts to in-fills,"To help speed up land allocation, Tati Land Board, which is faced...",https://dailynews.gov.bw/news-detail/68554,development,Botswana DailyNews
10 Aug 2025,Hukuntsi restores Dikgafela,The people of Hukuntsi have revived the rhythm of the rains and...,https://dailynews.gov.bw/news-detail/88005,art-culture,Botswana DailyNews
10 Aug 2026,Book born from reflection on faith and resilience,"For author Penny Mogami, her newly launched memoir Like a Dream is...",https://dailynews.gov.bw/news-detail/92621,art-culture,Botswana DailyNews
10 Aug 2026,Botsogo jwa matlho konokono,"Mopalamente wa Lobatse, Rre Kamal Jacobs, o abetse banni ba Peleng digalase...",https://dailynews.gov.bw/news-detail/92625,dikgang,Botswana DailyNews
10 Aug 2026,Botswana prepares for FATF mutual evaluation,Botswana is preparing for the 2027 Financial Action Task Force FATF mutual...,https://dailynews.gov.bw/news-detail/92631,parliament,Botswana DailyNews
10 Aug 2026,El NiÃ±o poses threat to economic activities - Mmolotsi,The onset of El Niño phenomena poses an immediate threat to Botswana’s...,https://dailynews.gov.bw/news-detail/92632,parliament,Botswana DailyNews
10 Aug 2026,First Lady urges support for teenage mothers,"First Lady Ms Kaone Boko has called for greater health care, counselling...",https://dailynews.gov.bw/news-detail/92646,general,Botswana DailyNews
10 Aug 2026,Gaolathe hails partnership for HIV response,After 30 years of transforming the Botswana’s response to Human Immunodeficiency Virus...,https://dailynews.gov.bw/news-detail/92647,general,Botswana DailyNews
10 Aug 2026,Govt aligns with ADB for viable investments,The African Development Bank’s 2026 Botswana Country Focus Report has called for...,https://dailynews.gov.bw/news-detail/92649,general,Botswana DailyNews
10 Aug 2026,Govt moves to document Botswana cultures,"Government is working towards documenting Botswana’s diverse cultures, traditions and family lineages...",https://dailynews.gov.bw/news-detail/92645,general,Botswana DailyNews
10 Aug 2026,Hukuntsi celebrates culture through Dikgafela,"Long before speeches filled the Hukuntsi main kgotla last Friday, culture spoke...",https://dailynews.gov.bw/news-detail/92623,art-culture,Botswana DailyNews
10 Aug 2026,Kgosi and Jone lead first poet circle,"Poetry felt the heartbeat. Philosophy directed the mind. And on Friday night,...",https://dailynews.gov.bw/news-detail/92622,art-culture,Botswana DailyNews
10 Aug 2026,MoU to drive innovation and investment,"Digital transformation and ICT present opportunities to diversify beyond traditional natural-resource sectors,...",https://dailynews.gov.bw/news-detail/92648,general,Botswana DailyNews
10 Aug 2026,Parliament approves Bill to amend Married Persons Property Act,Parliament has passed a Bill to amend the Married Persons Property Act. ...,https://dailynews.gov.bw/news-detail/92630,parliament,Botswana DailyNews
10 Aug 2026,Sosologang go amusa ka lebele,Go amusa ka lebele ke mpho le kgodiso e e lolameng e...,https://dailynews.gov.bw/news-detail/92624,dikgang,Botswana DailyNews
10 Aug 2026,Thomas flies Botswana flag high at 73rd Miss World,Miss Botswana 2026 Ruth Thomas has departed for Vietnam to represent Botswana...,https://dailynews.gov.bw/news-detail/92619,art-culture,Botswana DailyNews
10 Aug 2026,"Zim\'s lithium beneficiation to increase export earnings to US$3,2","Zimbabwe's lithium beneficiation drive is set to boost annual export earnings to US$3,2...",https://dailynews.gov.bw/news-detail/92644,general,Botswana DailyNews
10 Dec 2015,Village development should be priority,"Moshupa deputy district commissioner, Ms Berenice Berman-Mosime says the Moshupa Sub-district leadership...",https://dailynews.gov.bw/news-detail/25150,development,Botswana DailyNews
10 Dec 2024,"Mother, son in police custody to aid investigation",Police are investigating an incident in which a 64-year-old mother is suspected...,https://dailynews.gov.bw/news-detail/83642,crime,Botswana DailyNews
10 Dec 2025,Ba tlaa tswelela la leina la Tumasera,"Dikgotlana tsa Tupya, Malete le Rasesa mo Tswapong South di tla nna...",https://dailynews.gov.bw/news-detail/89342,dikgang,Botswana DailyNews
10 Dec 2025,Dipalo tsa ba ba belegelang kwa malwapeng di a,Dipalo tsa bomme ba ba belegelang kwa malwapeng kgotsa pele ba goroga...,https://dailynews.gov.bw/news-detail/89343,dikgang,Botswana DailyNews
10 Dec 2025,Domestic beef consumption surges,Botswana is a net exporter of beef and produces more than is...,https://dailynews.gov.bw/news-detail/89346,parliament,Botswana DailyNews
10 Dec 2025,Government to increase school enrolment,"In line with the Botswana Economic Transformation Programme (BETP), government intends to...",https://dailynews.gov.bw/news-detail/89348,parliament,Botswana DailyNews
10 Dec 2025,Shortage of boarding space challenge for Mokoboxane learners,The current provision to admit learners from Mokobaxane into boarding is on...,https://dailynews.gov.bw/news-detail/89347,parliament,Botswana DailyNews
10 Dec 2025,Tshwaragano ya banni konokono,Banni ba Tatisiding ba supile fa tshwaragano ya boeteledipele jwa motse jaaka...,https://dailynews.gov.bw/news-detail/89341,dikgang,Botswana DailyNews
10 Feb 2015,Mabeo forewarns contractor,"Minister of Transport and Communications, Mr Tshenolo Mabeo has emphasised the need...",https://dailynews.gov.bw/news-detail/17606,development,Botswana DailyNews
10 Feb 2026,BVI sets up lab to scale up production,"In an effort to address ageing infrastructure and unlock additional capacity, a...",https://dailynews.gov.bw/news-detail/89895,parliament,Botswana DailyNews
10 Feb 2026,Court Remands Kgoro Gang Rape Accused in Custody,‎The trio accused of gang raping a 13-year-old minor at Kgoro in...,https://dailynews.gov.bw/news-detail/89886,crime,Botswana DailyNews
10 Feb 2026,Go Tsibogela Tlhako Le Molomo Go Mosola,Go botlhokwa go tsibogela go lwantsha bolwetse jwa tlhako le molomo go...,https://dailynews.gov.bw/news-detail/89898,dikgang,Botswana DailyNews
10 Feb 2026,Govt Launches Strategic Policy Instrument,Government will launch the Botswana Mercantile Exchange (BMX) as a strategic policy...,https://dailynews.gov.bw/news-detail/89894,parliament,Botswana DailyNews
10 Feb 2026,Itireleng JSS E Tokafatsa Maduo,Sekole se segolwane sa Itireleng kwa Lobatse se akgoletswe go itlhoma kwa...,https://dailynews.gov.bw/news-detail/89897,dikgang,Botswana DailyNews
10 Feb 2026,NARDI Laboratories To Undergo Upgrading,"Government will upgrade NARDI’s laboratories towards accreditation, expand testing capabilities and modernise...",https://dailynews.gov.bw/news-detail/89896,parliament,Botswana DailyNews
10 Jul 2014,Tsabong to have multi-species abattoir,Government has decided to construct a state of the art multi-species abattoir...,https://dailynews.gov.bw/news-detail/12794,development,Botswana DailyNews
10 Jul 2024,Court remands double murder accused,"Double murder accused, Unangoni Salathi of Makobo will appear for another mention...",https://dailynews.gov.bw/news-detail/80532,crime,Botswana DailyNews
10 Jul 2025,Bonno programme offers dignity,The Bonno National Housing Programme is set to revolutionise access to affordable...,https://dailynews.gov.bw/news-detail/87447,development,Botswana DailyNews
10 Jul 2025,Rape convict to serve 15 years,"Senior Magistrate of Letlhakane Magistrate Court, Ms Atlanang Manchwe has sentenced Onneile...",https://dailynews.gov.bw/news-detail/87453,crime,Botswana DailyNews
10 Jun 2025,Bonno Housing hope for low income earners,Just a year shy of retirement from his job as a driver...,https://dailynews.gov.bw/news-detail/86880,development,Botswana DailyNews
10 Jun 2025,Council to undertake projects amid challenges,"Despite financial constraints, Serowe District Council will proceed with some of development...",https://dailynews.gov.bw/news-detail/86901,development,Botswana DailyNews
10 Jun 2025,Police recover cash and valuables from tricksters,In a case which involves a Letlhakane woman who was tricked and...,https://dailynews.gov.bw/news-detail/86895,crime,Botswana DailyNews
10 Jun 2026,Ba Gabamochaa ba itela mo go mopalamente,"Mopalamente wa Maun North, Rre Dumelang Saleshando, o solofeditse banni ba Gabamochaa...",https://dailynews.gov.bw/news-detail/91787,dikgang,Botswana DailyNews
10 Jun 2026,Bodutu commits to culture preservation through art,"Wame Bodutu, popularly known as Art by Wame, is challenging the notion...",https://dailynews.gov.bw/news-detail/91781,art-culture,Botswana DailyNews
10 Jun 2026,Tona o kopa banni go ithaopa,Tona wa lefatshe le temo-thuo Dr Edwin Dikoloti o kopile banni ba...,https://dailynews.gov.bw/news-detail/91788,dikgang,Botswana DailyNews
10 Mar 2015,Mahama commissions Dikgatlhong Dam,"Projects such as Dikgatlhong Dam, which is the biggest dam in Botswana,...",https://dailynews.gov.bw/news-detail/18498,development,Botswana DailyNews
10 Mar 2015,Project delay worrisome- Van Der Westhuizen,Delay in the completion of the P115 million Molepolole bus rank project...,https://dailynews.gov.bw/news-detail/18463,development,Botswana DailyNews
10 Mar 2025,Lawyer educates on Domestic Violence Act,"Lawyer and founder of Mbewe Legal Practice, Ms Njiramanda Mbewe-Boatey, has taken...",https://dailynews.gov.bw/news-detail/85091,crime,Botswana DailyNews
10 Mar 2026,Ba Mogobewakgomo ba tlhopha Sebetlela kgosi,Banni ba Mogobewakgomo mo kgaolong ya Goodhope/ Mmathethe ba tlhophile Rre John...,https://dailynews.gov.bw/news-detail/90470,dikgang,Botswana DailyNews
10 Mar 2026,Case disposal rate increases across judicial system,Minister of Justice and Correctional Services has reported a significant increase in...,https://dailynews.gov.bw/news-detail/90479,parliament,Botswana DailyNews
10 Mar 2026,Government on path to restore public health,Government has implemented a comprehensive package of corrective measures to restore stability...,https://dailynews.gov.bw/news-detail/90472,parliament,Botswana DailyNews
10 Mar 2026,Government targets equitable housing distribution countrywide,Government continues to engage with potential investors to promote balanced development across...,https://dailynews.gov.bw/news-detail/90480,parliament,Botswana DailyNews
10 Mar 2026,Magistrate grants Bluthorn Fund executives bail,Two South African nationals and four Batswana appeared before Broadhurst Regional Magistrate...,https://dailynews.gov.bw/news-detail/90481,crime,Botswana DailyNews
10 Mar 2026,Ministry unveils strategy to tackle midwives shortage,The Ministry of Health has launched some targeted interventions to address shortage...,https://dailynews.gov.bw/news-detail/90478,parliament,Botswana DailyNews
10 Mar 2026,Mohwasa clarifies eligibility for RASA allowance,The Remote Area Service Allowance (RASA) is paid as an inducement for...,https://dailynews.gov.bw/news-detail/90477,parliament,Botswana DailyNews
10 Mar 2026,Moruti o rotloetsa bomme go ineela mo Modimong,Bomme ba thapelo ba lekgotla la Batswana Christians Women Fellowship (BCWF) ba...,https://dailynews.gov.bw/news-detail/90471,dikgang,Botswana DailyNews
10 Mar 2026,NHI to expand health services,"Assistant Minister of Health, Mr Lawrence Ookeditse, has called on Members of...",https://dailynews.gov.bw/news-detail/90473,parliament,Botswana DailyNews
10 May 2016,Ministry consults on NDP 11,"Minister of Finance and Development Planning, Mr Kenneth Matambo says projections indicate...",https://dailynews.gov.bw/news-detail/28142,development,Botswana DailyNews
10 Nov 2014,Letshabo envies industrialised Molapowabojang,"Molapowabojang senior chief representative, Kgosi Kedirile Letshabo says although he is happy...",https://dailynews.gov.bw/news-detail/15665,development,Botswana DailyNews
10 Nov 2024,Court orders submission of accused medical records,"Chief Magistrate, Mr Daniel Nkau of Village Magistrate Court has ordered that...",https://dailynews.gov.bw/news-detail/83025,crime,Botswana DailyNews
10 Nov 2024,"Masisi accepts defeat, engages in recuperating strategy","Following its first and historic defeat during the recent past general elections,...",https://dailynews.gov.bw/news-detail/83040,politics,Botswana DailyNews
10 Nov 2025,Government signs deal to boost energy security,Government has signed a strategic partnership with international investors to boost energy...,https://dailynews.gov.bw/news-detail/89017,development,Botswana DailyNews
10 Nov 2025,Lekgotla le thusa badiri ba pele,Babereki ba pele ba meepo ya gauta kwa Afrika Borwa ba ba...,https://dailynews.gov.bw/news-detail/89009,dikgang,Botswana DailyNews
10 Oct 2024,Magistrate condemns torture,"The Principal Magistrate at Village Magistrate’s Court, Mr Daniel Nkau on Wednesday...",https://dailynews.gov.bw/news-detail/82201,crime,Botswana DailyNews
10 Oct 2024,Moeladilotlhoko case goes to high court,"Village Magistrate Court Chief Magistrate, Mr Daniel Nkau has referred to the...",https://dailynews.gov.bw/news-detail/82198,crime,Botswana DailyNews
10 Oct 2024,Police search for three suspects,Police in Ghanzi are appealing to the community to assist them with...,https://dailynews.gov.bw/news-detail/82200,crime,Botswana DailyNews
10 Oct 2024,\'Peaceful elections everybodyâ€™s responsibilityâ€™,It is the responsibility of political parties contesting in the elections and...,https://dailynews.gov.bw/news-detail/82207,elections,Botswana DailyNews
10 Oct 2025,Ba tshwentswe ke ka fa go latlhwang matlakala ka,Komiti ya ditlhabololo tsa motse ya kgotla ya Magapatona kwa Tutume ba...,https://dailynews.gov.bw/news-detail/88622,dikgang,Botswana DailyNews
10 Oct 2025,Chiepe to showcase latest collection in Zimbabwe,"Koketso Chiepe, founder and creative director of luxury brand, Koki Kamala will...",https://dailynews.gov.bw/news-detail/88628,art-culture,Botswana DailyNews
10 Oct 2025,Mabifhi in US for dance competition,"Malebogo ‘Lebo M’ Mabifhi is in Los Angeles, United States of America...",https://dailynews.gov.bw/news-detail/88624,art-culture,Botswana DailyNews
10 Oct 2025,Madziba o itshetsa ka dikiriba,"E re le ntswa didirisiwa tsa kago di le dintsi, Mme Sithembinkosi...",https://dailynews.gov.bw/news-detail/88621,dikgang,Botswana DailyNews
10 Oct 2025,No bail for Makobo murder accused,The Francistown Magistrates Court has denied bail to Ruth Fana and Onalenna...,https://dailynews.gov.bw/news-detail/88629,crime,Botswana DailyNews
10 Oct 2025,Young creator pushes boundaries and earns recognition,Taboka Tshane’s animé Legend of the Cursed Knight has earned international recognition...,https://dailynews.gov.bw/news-detail/88623,art-culture,Botswana DailyNews
10 Sep 2014,Mahalapye names streets,"Mahalapye will soon have street names. Speaking during Mahalapye Sub-council meeting recently,...",https://dailynews.gov.bw/news-detail/14380,development,Botswana DailyNews
10 Sep 2017,"CDC twinning, partnership committee off to China",Central District Council twinning and partnerships committee left for China on a...,https://dailynews.gov.bw/news-detail/38344,development,Botswana DailyNews
10 Sep 2024,Selolwane approaches High Court to appeal bail ruling,"Samuel Selolwane,59, who is accused of raping a 13-year-old girl in Oodi...",https://dailynews.gov.bw/news-detail/81681,crime,Botswana DailyNews
10 Sep 2026,Boko o thologa ba Sbrana mokgosi,"Mohumagadi wa ga Tautona, Mme Kaone Boko ga a jesiwe diwelang ke...",https://dailynews.gov.bw/news-detail/93199,dikgang,Botswana DailyNews
10 Sep 2026,Borobadilepe-Hebron-Mokatako Road Project behind schedule,"The tarring of the 52-kilometre road linking the villages of Borobadilepe, Hebron...",https://dailynews.gov.bw/news-detail/93195,general,Botswana DailyNews
10 Sep 2026,Council chairperson proposes closure of Thamaga Junior Secondary School,"Mogoditshane/Thamaga District Council chairperson, Mr Molatedi Selala, has proposed the immediate closure...",https://dailynews.gov.bw/news-detail/93201,general,Botswana DailyNews
10 Sep 2026,Council rehabilitation programme success,The North East District Council (NEDC) provides comprehensive rehabilitation programmes through multiple...,https://dailynews.gov.bw/news-detail/93198,general,Botswana DailyNews
10 Sep 2026,Diamond jubilee: Celebration like no other,"In less than 20 days, Botswana will celebrate 60 years of Independence,...",https://dailynews.gov.bw/news-detail/93193,general,Botswana DailyNews
10 Sep 2026,Letshego Holdings extends support to Phatsimo JSS,Letshego Holdings has reaffirmed its commitment to supporting education and nurturing young...,https://dailynews.gov.bw/news-detail/93200,general,Botswana DailyNews
10 Sep 2026,New Act replaces three laws,The Botswana's Employment and Labour Relations Act of 2025 came into effect...,https://dailynews.gov.bw/news-detail/93207,general,Botswana DailyNews
10 Sep 2026,Residents endorse health insurance policy,"Some Selebi Phikwe residents have welcomed the proposed National Health Insurance policy,...",https://dailynews.gov.bw/news-detail/93196,general,Botswana DailyNews
10 Sep 2026,Smallstock surge offset cattle decline,"The livestock sector is undergoing structural transformation, defined by a surging commercial...",https://dailynews.gov.bw/news-detail/93205,general,Botswana DailyNews
10 Sep 2026,Zimbabwe to take part in the Russia-Africa Summit,President Emmerson Mnangagwawill lead Zimbabwe's delegation to the third Russia-Africa Summit in...,https://dailynews.gov.bw/news-detail/93194,general,Botswana DailyNews
11 Apr 2026,Lobatse Launches Heritage Hiking Trail,The historic Lobatse Heritage Hiking Trail which highlights the historic sites in...,https://dailynews.gov.bw/news-detail/90947,art-culture,Botswana DailyNews
11 Aug 2025,Bangologa celebrates culture,The long-awaited Masaseng Cultural Festival made its return this year after decades...,https://dailynews.gov.bw/news-detail/88024,art-culture,Botswana DailyNews
11 Aug 2025,Boko offers condolences to Ghana,President Advocate Duma Boko has extended message of condolences to Ghana following...,https://dailynews.gov.bw/news-detail/88046,politics,Botswana DailyNews
11 Aug 2025,Heaven on Earth steals spotlight,"Style met soul this past weekend as socialite and businessman, Ndinaye Chengeta...",https://dailynews.gov.bw/news-detail/88025,art-culture,Botswana DailyNews
11 Aug 2025,Young queens off to world pageants,Seven young beauty queens aged between eight and 16 years have travelled...,https://dailynews.gov.bw/news-detail/88018,art-culture,Botswana DailyNews
11 Aug 2026,Boko calls for radical reforms in public service,President Advocate Duma Boko has urged public service leadership to inject agility...,https://dailynews.gov.bw/news-detail/92670,general,Botswana DailyNews
11 Aug 2026,Botswana and US commit to global peace,The Botswana Defence Force (BDF) and the United States army have reaffirmed...,https://dailynews.gov.bw/news-detail/92668,general,Botswana DailyNews
11 Aug 2026,"China Focus: Scrolls, stages and pixels: Chinese performing arts","The curtain rises, but the applause comes from audiences far beyond the...",https://dailynews.gov.bw/news-detail/92667,general,Botswana DailyNews
11 Aug 2026,Chobe district receives malaria drugs,A donation of 1 500 first-line malaria treatments worth P75 000 is...,https://dailynews.gov.bw/news-detail/92669,general,Botswana DailyNews
11 Aug 2026,Court admits confession in murder case,Gaborone High Court judge has admitted into evidence the confession of a...,https://dailynews.gov.bw/news-detail/92659,crime,Botswana DailyNews
11 Aug 2026,Gaolathe commends MPs for cross-partisan debate,Members of Parliament have been commended for their patriotism and commitment to...,https://dailynews.gov.bw/news-detail/92662,parliament,Botswana DailyNews
11 Aug 2026,Gaolathe visit leaves learners with memorable assembly,Protocol took a back seat on Friday morning when Vice President Ndaba...,https://dailynews.gov.bw/news-detail/92671,general,Botswana DailyNews
11 Aug 2026,Green Climate Fund project targets investment in livestock industry,The Green Climate Fund project is strategically aligned with the National Development...,https://dailynews.gov.bw/news-detail/92661,parliament,Botswana DailyNews
11 Aug 2026,Kuru dance culture faces extinction,Ghanzi District Deputy Council Chairperson Xukuri Xukuri has appealed for the revival...,https://dailynews.gov.bw/news-detail/92656,art-culture,Botswana DailyNews
11 Aug 2026,Letsholo refuses court appearance,"First accused in the Kopong murder case, Moagi Letsholo, has refused to...",https://dailynews.gov.bw/news-detail/92658,crime,Botswana DailyNews
11 Aug 2026,Magistrate Orders State to Hand Over More Statements in,Extension II Chief Magistrate Ms Kamogelo Mmesi has ordered the state to...,https://dailynews.gov.bw/news-detail/92651,crime,Botswana DailyNews
11 Aug 2026,New house brings relief to fire victim,In the wake of a devastating fire that gutted Ms Khumo Kgosimotho’s...,https://dailynews.gov.bw/news-detail/92660,general,Botswana DailyNews
11 Aug 2026,Parliament rejects motion on allocation of unserviced plots,Parliament has rejected a motion that advocated for allocation of unserviced land...,https://dailynews.gov.bw/news-detail/92665,parliament,Botswana DailyNews
11 Aug 2026,Plot allocation requires adequate budget - Dikoloti,It is not practical and realistic for government to commit to allocate...,https://dailynews.gov.bw/news-detail/92664,parliament,Botswana DailyNews
11 Aug 2026,Surprising China | Why Young Chinese are drawn to,Non-player character (NPC) interactions are wildly popular among young visitors across China....,https://dailynews.gov.bw/news-detail/92650,general,Botswana DailyNews
11 Aug 2026,Thomas in Vietnam for 73rd Miss World,"Miss World Botswana, Ruth Thomas is in Vietnam for the first time...",https://dailynews.gov.bw/news-detail/92657,art-culture,Botswana DailyNews
11 Aug 2026,Xiplomacy: A journey of dialogue among civilizations,"At Mexico's ancient Maya archaeological site of Chichen Itza, the stone pyramids...",https://dailynews.gov.bw/news-detail/92666,general,Botswana DailyNews
11 Dec 2025,Arts expo signals festival rebirth,"Maun, recently, witnessed the birth of a refreshed cultural celebration at Cresta...",https://dailynews.gov.bw/news-detail/89369,art-culture,Botswana DailyNews
11 Dec 2025,Book tackles hidden traumas,"Behind every woman who appears unshaken, there is often a story she...",https://dailynews.gov.bw/news-detail/89368,art-culture,Botswana DailyNews
11 Dec 2025,Child-friendly environment key to healing process,Sekgoma Memorial Hospital Advisory Committee in Serowe has refurbished children’s playground to...,https://dailynews.gov.bw/news-detail/89357,development,Botswana DailyNews
11 Dec 2025,Constitutional Amendment Bill passes Committee Stage,Parliament on Tuesday voted in favour of passing the Constitutional Amendment Bill...,https://dailynews.gov.bw/news-detail/89364,parliament,Botswana DailyNews
11 Dec 2025,District to spend over P21.3m for internal roads projects,"Moshupa District Council has been allocated P21, 330 000 from the Road...",https://dailynews.gov.bw/news-detail/89356,development,Botswana DailyNews
11 Dec 2025,Khansele e atla tshutiso ya go emisa metsoko,Khansele ya Lobatse e amogetse tshutiso ya gore go emisiwe tiriso ya...,https://dailynews.gov.bw/news-detail/89371,dikgang,Botswana DailyNews
11 Dec 2025,Moshupa A10 Bridge remain closed until 2027,"Moshupa A10 Bridge, a vital transport link in southern Botswana, will remain...",https://dailynews.gov.bw/news-detail/89362,development,Botswana DailyNews
11 Dec 2025,No waiver for fingerprint - Mohwasa,Parliament has learnt that there is currently no waiver for offenders for...,https://dailynews.gov.bw/news-detail/89363,parliament,Botswana DailyNews
11 Dec 2025,Over 900 foreigners apply for naturalisation,"The Ministry of Labour and Home Affairs has, for the past five...",https://dailynews.gov.bw/news-detail/89365,parliament,Botswana DailyNews
11 Dec 2025,Puso ga e dumalane le kopo ya banni,"Tona wa dikgaolo le merero ya tsa Ngwao, Rre Ketlhalefile Motshegwa a...",https://dailynews.gov.bw/news-detail/89370,dikgang,Botswana DailyNews
11 Feb 2015,Japan funds Hunhukwe pre-school construction,The Japanese government has donated US$73 047 (about P700 000) to Hukuntsi...,https://dailynews.gov.bw/news-detail/17632,development,Botswana DailyNews
11 Feb 2026,A35 road under construction,Parliament has been informed that the construction of the A35 Gumare-Sepopa Road...,https://dailynews.gov.bw/news-detail/89914,parliament,Botswana DailyNews
11 Feb 2026,BDF gets P5bn to settle pension matters,Government has allocated P5 billion for the next financial year to settle...,https://dailynews.gov.bw/news-detail/89911,parliament,Botswana DailyNews
11 Feb 2026,Ba Legal Aid Botswana Ba Ditirelo Tsa Bone,Bana ba ba dingwaga tse di lesome le bosupa go ya kwa...,https://dailynews.gov.bw/news-detail/89917,dikgang,Botswana DailyNews
11 Feb 2026,Find alternative transport for learners,Local authorities have been instructed to find alternative modes of transport following...,https://dailynews.gov.bw/news-detail/89910,parliament,Botswana DailyNews
11 Feb 2026,Govt Reviews BDF Retirement Age and Pension Disparities,Government is currently consulting on the minimum compulsory retirement age of 45...,https://dailynews.gov.bw/news-detail/89915,parliament,Botswana DailyNews
11 Feb 2026,Kebogane carves niche in art world,"Born 42 years ago in Masilwana ward, Molepolole, Tshepo Kebogane’s path to...",https://dailynews.gov.bw/news-detail/89916,art-culture,Botswana DailyNews
11 Feb 2026,Komiti e tsibogela bana ba ba tshabang sekole,"Modulasetilo wa komiti ya ditlhabololo kwa kgotleng ya Boseja South, Mme Kegomoditswe...",https://dailynews.gov.bw/news-detail/89918,dikgang,Botswana DailyNews
11 Feb 2026,Ministry plans to close and rehabilitate landfill,The Ministry of Local Government and Traditional Affairs is planning to close...,https://dailynews.gov.bw/news-detail/89912,parliament,Botswana DailyNews
11 Feb 2026,Siviya Health Post Projects Depends On Funds Availability,The upgrading of Siviya Health Post will be considered alongside other facilities...,https://dailynews.gov.bw/news-detail/89913,parliament,Botswana DailyNews
11 Jan 2015,Project on track – director,The construction of a new junior secondary school at Disaneng ward is...,https://dailynews.gov.bw/news-detail/16826,development,Botswana DailyNews
11 Jan 2023,Gare urges Machana residents to up game,"Moshupa/Manyana MP, Mr Karabo Gare, has implored residents of Machana to utilise...",https://dailynews.gov.bw/news-detail/70905,development,Botswana DailyNews
11 Jul 2024,Court sentences Ndaba to 30 years for murder,"Gaborone High Court has sentenced James Ndaba, a Zimbabwe national, to 30...",https://dailynews.gov.bw/news-detail/80554,crime,Botswana DailyNews
11 Jun 2024,Accused in tight corner after police amends offence to,Police have upgraded to murder an offence in which one Onthaletse Selaelo...,https://dailynews.gov.bw/news-detail/80029,crime,Botswana DailyNews
11 Jun 2025,Bail hearing for arson accused June 16,A bail hearing for the accused person linked to setting Mmathubudukwane Police...,https://dailynews.gov.bw/news-detail/86927,crime,Botswana DailyNews
11 Jun 2025,Francistown - Nata road project ongoing,"Reconstruction of the 200-kilometre Francistown-Nata A3 road, which is being implemented through...",https://dailynews.gov.bw/news-detail/86920,development,Botswana DailyNews
11 Jun 2025,Ramotswa council embarks on solar energy,The Ramotswa District Council is planning to venture into a multi-million Pula...,https://dailynews.gov.bw/news-detail/86929,development,Botswana DailyNews
11 Jun 2025,Search intensifies for Mochudi missing woman,Police in Mochudi have pulled all resources for the search of a...,https://dailynews.gov.bw/news-detail/86910,crime,Botswana DailyNews
11 Jun 2026,April showcases multifaceted talents,"A multidisciplinary artiste, Louisa April, recently launched her debut poetry collection, Before...",https://dailynews.gov.bw/news-detail/91824,art-culture,Botswana DailyNews
11 Jun 2026,Molotsi reflects through Lessons and Letters,"For Keabetswe Molotsi, writing has always been more than a hobby. It...",https://dailynews.gov.bw/news-detail/91823,art-culture,Botswana DailyNews
11 Mar 2025,Court remands Zimbabwe man in custody,"Letlhakane magistrate court yesterday, remanded Charles Diamond of Zimbabwe origin in custody...",https://dailynews.gov.bw/news-detail/85118,crime,Botswana DailyNews
11 Mar 2026,Dipolao di ile magoletsa kwa Mahalapye,Kgaolo ya Mahalapye East e setse e gatisitse dikgetse tsa dipolao di...,https://dailynews.gov.bw/news-detail/90489,dikgang,Botswana DailyNews
11 Mar 2026,Govt aligns education system with global trends,Parliament has been informed that the entire education system has been reviewed...,https://dailynews.gov.bw/news-detail/90498,parliament,Botswana DailyNews
11 Mar 2026,Govt suspends 132 DM model projects,Government has initially planned to implement 148 projects under the Development Manager...,https://dailynews.gov.bw/news-detail/90500,parliament,Botswana DailyNews
11 Mar 2026,Kavuna sees future in applied arts,"Twenty-seven years ago, in the quiet village of Kachikau, Selelo Kavuna was...",https://dailynews.gov.bw/news-detail/90495,art-culture,Botswana DailyNews
11 Mar 2026,Ministry commits to competitive and inclusive tourism,"The Ministry of Environment and Tourism continues to exemplify commitment to diversification,...",https://dailynews.gov.bw/news-detail/90497,parliament,Botswana DailyNews
11 Mar 2026,Mogokgo o tshwenngwa ke tshenyo ya didirisiwa mo sekoleng,"Mogokgo wa sekole se segolwane sa Lotsane kwa Palapye, Rre Watson Basoli...",https://dailynews.gov.bw/news-detail/90490,dikgang,Botswana DailyNews
11 Mar 2026,Salakae defines DRTS and police roles in road regulation,The Department of Road Transport Services and the Botswana Police Service play...,https://dailynews.gov.bw/news-detail/90499,parliament,Botswana DailyNews
11 May 2014,Rainfall affects Molepolole project,The excessive rainfall early this year stalled progress of the construction of...,https://dailynews.gov.bw/news-detail/11220,development,Botswana DailyNews
11 May 2016,P8.7 million for ESP projects in Tonota,"The Minister of Lands and Housing, Mr Prince Maele has informed the...",https://dailynews.gov.bw/news-detail/28204,development,Botswana DailyNews
11 May 2016,Quality projects essential,Contractors engaged in projects done through the Economic Stimulus Programme (ESP) have...,https://dailynews.gov.bw/news-detail/28185,development,Botswana DailyNews
11 May 2016,Ramotswa hopeful about ESP,Ramotswa constituency will benefit from the Economic Stimulus Programme (ESP) Among the...,https://dailynews.gov.bw/news-detail/28178,development,Botswana DailyNews
11 May 2025,Defilement lands boyfriend in 10-year prison term,A 25-year-old boyfriend whose school-going underage girlfriend tried to shield from the...,https://dailynews.gov.bw/news-detail/86265,crime,Botswana DailyNews
11 May 2025,Eliminate bureaucracies-Boko,Gross bureaucracies that continue to impede development and deny Africans well-deserved livelihoods...,https://dailynews.gov.bw/news-detail/86276,politics,Botswana DailyNews
11 May 2025,Letsididi gets 15 years for rape,"Thirty-seven-year-old Tshepiso Letsididi, who pounced on a 15-year-old student to rape her...",https://dailynews.gov.bw/news-detail/86264,crime,Botswana DailyNews
11 May 2025,Modise attends Malaria conference,"The Minister of Health, Dr Stephen Modise is in United Kingdom (UK)...",https://dailynews.gov.bw/news-detail/86262,politics,Botswana DailyNews
11 May 2026,Banni ga ba Jesiwa Diwelang ke Borukutlhi,Kgosi Kedirile Letshabo wa Molapowabojang o kopile mopalamente wa kgaolo ya Kanye...,https://dailynews.gov.bw/news-detail/91360,dikgang,Botswana DailyNews
11 May 2026,Batalaote pay tribute to Mogae,A day after the news broke of the passing of Botswana’s third...,https://dailynews.gov.bw/news-detail/91364,politics,Botswana DailyNews
11 May 2026,Cultural Festival returns for 7th edition,"The 7th Edition of the Kwa Isong Cultural Festival, which aims to...",https://dailynews.gov.bw/news-detail/91354,art-culture,Botswana DailyNews
11 May 2026,Mogae Burial Saturday,The late Former President Festus Mogae will be laid to rest in...,https://dailynews.gov.bw/news-detail/91343,politics,Botswana DailyNews
11 May 2026,National Prayers for Mogae Starts,"Former First Lady, Ms Barbara Mogae (left), daughter Boikaego Mogae and Kgosi...",https://dailynews.gov.bw/news-detail/91341,politics,Botswana DailyNews
11 May 2026,Public expectations for Parliament high,Public expectations are high for Parliament and other government institutions to...,https://dailynews.gov.bw/news-detail/91353,politics,Botswana DailyNews
11 May 2026,Tumelo E Seka Ya Kgoreletsa bana Go Fiwa Lerotlhodi,E re jaaka letsholo la go nosa bana lerothodi la go thibela...,https://dailynews.gov.bw/news-detail/91362,dikgang,Botswana DailyNews
11 May 2026,YOKI fashion show drives empowerment,Initiatives focused on creativity and hands-on learning such as the Youth and...,https://dailynews.gov.bw/news-detail/91355,art-culture,Botswana DailyNews
11 Nov 2024,Boko announces ministers,President Duma Boko has announced six cabinet ministers and two deputies. Mr...,https://dailynews.gov.bw/news-detail/83055,politics,Botswana DailyNews
11 Nov 2024,President Boko announces Gaolathe as Finance minister,Vice President Mr Ndaba Gaolathe has been appointed the new minister of...,https://dailynews.gov.bw/news-detail/83041,politics,Botswana DailyNews
11 Nov 2024,President envisions agile government,In a bid to align government operations with the aspirations of the...,https://dailynews.gov.bw/news-detail/83056,politics,Botswana DailyNews
11 Nov 2025,Agriculture pivotal in economic transformation,Government aims to raise agriculture’s contribution to the Gross Domestic Product (GDP)...,https://dailynews.gov.bw/news-detail/89030,parliament,Botswana DailyNews
11 Nov 2025,Ba Farmers Field School ba tlhatlhelela balemi,"Molemi wa masimo a Beyanga kwa Tutume, Mme Chikadzi Rodger a re...",https://dailynews.gov.bw/news-detail/89043,dikgang,Botswana DailyNews
11 Nov 2025,Botsogo konokono ya botshelo,Banni ba Maun le metse e e mabapi ba akgoletswe go tsaya...,https://dailynews.gov.bw/news-detail/89044,dikgang,Botswana DailyNews
11 Nov 2025,Botswana positions itself as trade and connectivity hub,Government intends to improve the national roads network through high quality tolled...,https://dailynews.gov.bw/news-detail/89027,parliament,Botswana DailyNews
11 Nov 2025,Botswana transformation nigh,"Botswana stands at the threshold of a bold transformation, reforming governance, modernising...",https://dailynews.gov.bw/news-detail/89029,parliament,Botswana DailyNews
11 Nov 2025,CMS transformation strategic priority,Government has prioritised transformation of the Central Medical Stores (CMS) and medicines...,https://dailynews.gov.bw/news-detail/89047,parliament,Botswana DailyNews
11 Nov 2025,Candidates reach out to voters,The Radio Botswana debate brought together five candidates eyeing the Kgalagadi South...,https://dailynews.gov.bw/news-detail/89036,politics,Botswana DailyNews
11 Nov 2025,Crochet designer ventures into sustainable fashion,"As the world grapples with waste and unemployment, one woman’s hands are...",https://dailynews.gov.bw/news-detail/89040,art-culture,Botswana DailyNews
11 Nov 2025,Gaolathe hails Modise as worthy successor,"The Umbrella for Democratic Change (UDC) has launched Mr Tokyo Modise, as...",https://dailynews.gov.bw/news-detail/89035,politics,Botswana DailyNews
11 Nov 2025,Government presses hard on corruption,"The ongoing forensic audit on government expenditure, functional efficacy of existing systems...",https://dailynews.gov.bw/news-detail/89031,parliament,Botswana DailyNews
11 Nov 2025,Government to revamp higher education,Government is set to comprehensively transform higher education and prioritise Technical Vocational...,https://dailynews.gov.bw/news-detail/89028,parliament,Botswana DailyNews
11 Nov 2025,Government to start clean-up initiative,President Advocate Duma Boko has announced the start of a national clean-up...,https://dailynews.gov.bw/news-detail/89048,parliament,Botswana DailyNews
11 Nov 2025,Govt makes progress in fulfilling commitments,Government has made significant strides in fulfilling its non-financial commitments outlined in...,https://dailynews.gov.bw/news-detail/89037,parliament,Botswana DailyNews
11 Nov 2025,Govt overhauls social protection system,The government is undertaking a comprehensive overhaul of the social protection system...,https://dailynews.gov.bw/news-detail/89025,parliament,Botswana DailyNews
11 Nov 2025,India President jets in for historic visit,"President Advocate Duma Boko (right) welcoming India President, Ms Droupadi Murmu at...",https://dailynews.gov.bw/news-detail/89049,politics,Botswana DailyNews
11 Nov 2025,Kgosi Dithapo o tlogela tiro,Dikgosi di rotloediwa go tsepama mo tirong ya bone gona le go...,https://dailynews.gov.bw/news-detail/89045,dikgang,Botswana DailyNews
11 Nov 2025,Ministry unveils 10 Bonno project investors in Kgatleng,Ministry of Water and Human Settlement on Friday unveiled 10 investors who...,https://dailynews.gov.bw/news-detail/89038,development,Botswana DailyNews
11 Nov 2025,New strategic minerals enter fold,Botswana’s mining sector is evolving rapidly with new strategic minerals entering the...,https://dailynews.gov.bw/news-detail/89026,parliament,Botswana DailyNews
11 Nov 2025,SONA ignites citizen-centric agenda,"President Advocate Duma Boko’s 2025 State-of-the-Nation Address (SONA), his second as head...",https://dailynews.gov.bw/news-detail/89032,parliament,Botswana DailyNews
11 Oct 2015,President sets target for poverty projects,President Lt Gen. Seretse Khama Ian Khama has set a three-year target...,https://dailynews.gov.bw/news-detail/23628,development,Botswana DailyNews
11 Oct 2015,State of old hospital worry residents,Residents of Maun West constituency have complained about the poor state of...,https://dailynews.gov.bw/news-detail/23633,development,Botswana DailyNews
11 Oct 2024,Serowe police investigate suspected suicide incident,Serowe police are investigating a suspected suicide incident involving a 49-year-old man....,https://dailynews.gov.bw/news-detail/82216,crime,Botswana DailyNews
11 Sep 2014,Kazungula can reap from bridge project,"Residents of Kazungula have been advised to come up with business ideas,...",https://dailynews.gov.bw/news-detail/14463,development,Botswana DailyNews
11 Sep 2024,Moatlhodi commends pastors for elections prayer,Pastors have been commended for the good work they are doing for...,https://dailynews.gov.bw/news-detail/81690,elections,Botswana DailyNews
11 Sep 2026,BA Sesung ba tlhomamisa Kgosi,Morale wa Sesung o tlaa tshwara moletlo wa tlhomamiso ya ga Kgosi...,https://dailynews.gov.bw/news-detail/93209,dikgang,Botswana DailyNews
11 Sep 2026,Bakaa ba kgobokanyetsa kago ya leobo,Badiragatsi ba tsibogetse mokgosi wa ga Mohumagadi Mmasetshwano Mosinyi ka go dira...,https://dailynews.gov.bw/news-detail/93211,dikgang,Botswana DailyNews
11 Sep 2026,Beyond Uâ€™S set to elevate Botswana Afrotech Saturday,Beyond U’S Afrotech event is positioning Botswana’s electronic music scene for greater...,https://dailynews.gov.bw/news-detail/93215,art-culture,Botswana DailyNews
11 Sep 2026,"China, India are making arrangements for Xi-Modi meeting, says",China and India are making arrangements for a meeting between President Xi...,https://dailynews.gov.bw/news-detail/93228,general,Botswana DailyNews
11 Sep 2026,Drone spectacle celebrates China-Botswana Ties,A spectacular display of 500 drones lit up the Gaborone night sky...,https://dailynews.gov.bw/news-detail/93216,art-culture,Botswana DailyNews
11 Sep 2026,Francistown teacher launches practical handbook,Ms Sithabisiwe Makgoeng has marked thousands of English essays. But the paper...,https://dailynews.gov.bw/news-detail/93224,art-culture,Botswana DailyNews
11 Sep 2026,"From Bishkek to New Delhi, Xi advocates Global South",Chinese President Xi Jinping is heading to New Delhi for this year's...,https://dailynews.gov.bw/news-detail/93223,general,Botswana DailyNews
11 Sep 2026,Hunyepa o akgola barutabana,"Mopalamente wa Tati West, Rre Justine Hunyepa a re barutabana ba tshwanelwa...",https://dailynews.gov.bw/news-detail/93210,dikgang,Botswana DailyNews
11 Sep 2026,Kgale JSS celebrates excellence,"Kgale Hill Community Junior Secondary School, today, celebrated 30th anniversary and prize...",https://dailynews.gov.bw/news-detail/93226,general,Botswana DailyNews
11 Sep 2026,Mochudi community joins hands for clean-up campaign,"As part of the Independence build-up activities, community members in Mochudi came...",https://dailynews.gov.bw/news-detail/93221,general,Botswana DailyNews
11 Sep 2026,Sanctuary Gathering to tackle GBV in churches,The Dorcus Oboetswe Foundation will on Saturday host The Sanctuary Gathering at...,https://dailynews.gov.bw/news-detail/93225,general,Botswana DailyNews
11 Sep 2026,Veteran cllr Naledi Akambakamba is late,"Specially Nominated councillor Ms Naledi Akambakamba has passed away on Monday, September...",https://dailynews.gov.bw/news-detail/93218,general,Botswana DailyNews
11 Sep 2026,Xinhua Headlines: Xi to attend New Delhi summit to,Chinese President Xi Jinping will attend the 18th BRICS Summit in New...,https://dailynews.gov.bw/news-detail/93222,general,Botswana DailyNews
12 Apr 2015,Palapye Extension II servicing on course,Significant progress has been achieved in the servicing of land at Extension...,https://dailynews.gov.bw/news-detail/19368,development,Botswana DailyNews
12 Apr 2020,Company pledges borehole,Advanced Global Business has pledged a borehole with a capacity of five...,https://dailynews.gov.bw/news-detail/55583,development,Botswana DailyNews
12 Aug 2019,Pudulogong renovates centre,Pudulogong Rehabilitation and Development Trust of the Blind board chairperson says almost...,https://dailynews.gov.bw/news-detail/50991,development,Botswana DailyNews
12 Aug 2025,16 learners in custody for assault,Sixteen male learners of Letlhakane Senior Secondary School have been remanded in...,https://dailynews.gov.bw/news-detail/88072,crime,Botswana DailyNews
12 Aug 2025,Court remands two pending investigations,"Senior Magistrate, Mpho Molema of Ghanzi Magistrates Court has remanded in custody...",https://dailynews.gov.bw/news-detail/88048,crime,Botswana DailyNews
12 Aug 2025,Mmadinare gears up for cultural event,"Mmadinare community will hold a cultural event on August 15 to revive,...",https://dailynews.gov.bw/news-detail/88059,art-culture,Botswana DailyNews
12 Aug 2026,Adopt modern and flexible public service,Botswana’s public service should modernise its workplaces to accommodate employees’ family responsibilities...,https://dailynews.gov.bw/news-detail/92698,general,Botswana DailyNews
12 Aug 2026,African exporters reap early benefits of China\'s zero-tariff treatment,The steady hum of automated production lines echoes through a Chinese-invested avocado...,https://dailynews.gov.bw/news-detail/92674,general,Botswana DailyNews
12 Aug 2026,Author turns pain into purpose,Life will throw everyone off balance at some point. What sets people...,https://dailynews.gov.bw/news-detail/92689,art-culture,Botswana DailyNews
12 Aug 2026,Awards drive success in South East Region,"Education has long been dubbed humanity’s great equaliser, but in the South...",https://dailynews.gov.bw/news-detail/92683,general,Botswana DailyNews
12 Aug 2026,Bana ba rotloediwa go ikaga,"Baithuti ba rotloediwa go nna le ditoro tse dikgolo, go ithuta ka...",https://dailynews.gov.bw/news-detail/92695,dikgang,Botswana DailyNews
12 Aug 2026,Borre ba rotloediwa go etleetsa kamuso ka lebele,Go botlhokwa gore borre ba rotloetse bomme ba ba tshotseng bana le...,https://dailynews.gov.bw/news-detail/92672,dikgang,Botswana DailyNews
12 Aug 2026,Chombo appeals fair youth treatment,"Minister of Youth and Gender Affairs, Ms Lesego Chombo says government must...",https://dailynews.gov.bw/news-detail/92687,general,Botswana DailyNews
12 Aug 2026,FMD vaccination drive yields positive,The mass vaccination programme has suppressed the Foot and Mouth Disease (FMD)...,https://dailynews.gov.bw/news-detail/92681,parliament,Botswana DailyNews
12 Aug 2026,Gopolang ba ba tlhokang,"Kgosi Tebogo Kemoabe wa kgotla ya Peleng kwa Lobatse, a re toropo...",https://dailynews.gov.bw/news-detail/92694,dikgang,Botswana DailyNews
12 Aug 2026,Gotsang o tlhomilwe moruti wa UCCSA,Reverend Pono Gakekgonwe wa UCCSA kwa kgaolo ya Kolobeng /Lesoso a re...,https://dailynews.gov.bw/news-detail/92673,dikgang,Botswana DailyNews
12 Aug 2026,Govt reviews Bogosi Act to address structural gap,The Ministry of Local Government and Traditional Affairs is reviewing the Bogosi...,https://dailynews.gov.bw/news-detail/92677,parliament,Botswana DailyNews
12 Aug 2026,Increasing defilement cases spark alarm,The rise in defilement cases calls for society to acknowledge the societal...,https://dailynews.gov.bw/news-detail/92682,general,Botswana DailyNews
12 Aug 2026,Kanye Prison congestion at 37 per cent above capacity,"The Minister of Justice and Correctional Services, Mr Nelson Ramaotwana says he...",https://dailynews.gov.bw/news-detail/92679,parliament,Botswana DailyNews
12 Aug 2026,Letsema Horticulture Market operates as Special Purpose Vehicle,Government acknowledges that the original design and conceptual framework underlying the Letsema...,https://dailynews.gov.bw/news-detail/92675,parliament,Botswana DailyNews
12 Aug 2026,Mapodisi a tlhotlhomiso polao,Rre wa dingwaga tse di masome mabedi le bobedi o ikgapetse botshelo...,https://dailynews.gov.bw/news-detail/92693,dikgang,Botswana DailyNews
12 Aug 2026,Ministry and De Beers partnership yields fruit,The partnership between the Ministry of Higher Education and De Beers Group...,https://dailynews.gov.bw/news-detail/92697,general,Botswana DailyNews
12 Aug 2026,Plans for border patrol authority progressing well,Government is considering establishment of a Border Patrol Management Authority with implementation...,https://dailynews.gov.bw/news-detail/92676,parliament,Botswana DailyNews
12 Aug 2026,Shashe West land allocation subject to surveyed layout,Land allocation in Shashe West will be carried out when the surveyed...,https://dailynews.gov.bw/news-detail/92680,parliament,Botswana DailyNews
12 Aug 2026,Thirty-two students opt to remain at DDT College,The Ministry of Higher Education has engaged DDT College of Medicine and...,https://dailynews.gov.bw/news-detail/92678,parliament,Botswana DailyNews
12 Aug 2026,Traditional knowledge potential for economic transformation,Government recognises indigenous knowledge as it holds immense potential to anchor Botswana’s...,https://dailynews.gov.bw/news-detail/92686,general,Botswana DailyNews
12 Aug 2026,Tsabong adopts China model to fight poverty,Tsabong District is set to roll out a localised agricultural overhaul inspired...,https://dailynews.gov.bw/news-detail/92684,general,Botswana DailyNews
12 Aug 2026,Work hard and start now - Gaolathe,Vice President Mr Gaolathe urged pupils at Maikano Junior Secondary School to...,https://dailynews.gov.bw/news-detail/92696,general,Botswana DailyNews
12 Aug 2026,Xiplomacy: From promise to progress,"On a crisp autumn day in Beijing, a clear blue sky stretched...",https://dailynews.gov.bw/news-detail/92685,general,Botswana DailyNews
12 Aug 2026,Zambezi Soul bridges generations,Music has a strange ability to fold time. One minute you are...,https://dailynews.gov.bw/news-detail/92690,art-culture,Botswana DailyNews
12 Dec 2025,Remains of crocodile attack confirmed,Police have confirmed that the human remains recovered along the Thamalakane River...,https://dailynews.gov.bw/news-detail/89379,crime,Botswana DailyNews
12 Dec 2025,WHEN MUSIC BECOMES A DECLARATION,"Most gospel songs arrive as gentle reminders of God’s comfort, but rising...",https://dailynews.gov.bw/news-detail/89381,art-culture,Botswana DailyNews
12 Feb 2020,Mogalakwe loses petition case with costs,Mogalakwe loses petition case with costs The High Court of Botswana in...,https://dailynews.gov.bw/news-detail/54313,elections,Botswana DailyNews
12 Feb 2025,Court remands Ramagapu in custody for murder,A 22-year-old Kaone Ramagapu of Masololo Ward in Serowe appeared before Senior...,https://dailynews.gov.bw/news-detail/84551,crime,Botswana DailyNews
12 Feb 2025,Morupisi to know fate February 21,"Court of Appeal (CoA) will on February 21, deliver judgment on former...",https://dailynews.gov.bw/news-detail/84553,crime,Botswana DailyNews
12 Feb 2025,Robbers terrorise Mahalapye residents,Crime continues to increase at an alarming rate in Mahalapye District as...,https://dailynews.gov.bw/news-detail/84552,crime,Botswana DailyNews
12 Feb 2025,Two men die after allegedly drinking concoction,Shakawe police are investigating an incident in which two men of Kaputura...,https://dailynews.gov.bw/news-detail/84550,crime,Botswana DailyNews
12 Feb 2026,Government plans to increase district councils,Parliament has heard that consultations are ongoing to create additional District Councils...,https://dailynews.gov.bw/news-detail/89955,parliament,Botswana DailyNews
12 Feb 2026,MPs Divided Over Healthcare Solutions And Economic Reforms,"The 2026/27 budget deliberations in Parliament have revealed a division among lawmakers,...",https://dailynews.gov.bw/news-detail/89969,parliament,Botswana DailyNews
12 Feb 2026,MPs Urges Job Creation And Fiscal Discipline,The ongoing parliamentary debate on the 2026/27 Budget has highlighted a significant...,https://dailynews.gov.bw/news-detail/89953,parliament,Botswana DailyNews
12 Feb 2026,Ministry to address overpopulation in schools,The Ministry of Local Government and Traditional Affairs is in the process...,https://dailynews.gov.bw/news-detail/89956,parliament,Botswana DailyNews
12 Feb 2026,Mmurubele Trascends Modern Space,"The Molepolole-based traditional ensemble, Mmurubele has made a comeback with a latest...",https://dailynews.gov.bw/news-detail/89974,art-culture,Botswana DailyNews
12 Feb 2026,Mohwasa Highlights Unity At Spring Festival Celebrations,"The Spring Festival or the Chinese New Year as commonly known, denotes...",https://dailynews.gov.bw/news-detail/89975,art-culture,Botswana DailyNews
12 Feb 2026,Ookeditse Gives Clarity On COVID-19 Vaccines,The Ministry of Health has confirmed that while over 1.9 million vaccine...,https://dailynews.gov.bw/news-detail/89967,parliament,Botswana DailyNews
12 Feb 2026,Saleshando Calls For Bold Financial Reform,"Leader of the Opposition and MP for Maun North, Mr Dumelang Saleshando,...",https://dailynews.gov.bw/news-detail/89954,parliament,Botswana DailyNews
12 Jan 2025,Crime wave hits Kanye,Sejelo Police Station in Kanye has reported a series of concerning crimes...,https://dailynews.gov.bw/news-detail/83955,crime,Botswana DailyNews
12 Jan 2026,Ba Eletsa Botswana Yo Montle,"Ngwaga wa 2026 ke oo haphegileng mo Batswaneng, ka lefatshe leno le...",https://dailynews.gov.bw/news-detail/89560,dikgang,Botswana DailyNews
12 Jan 2026,EU Funds Tuli Block Access Roads Project,"Minister for State President, Defence and Security, Mr Moeti Mohwasa says the...",https://dailynews.gov.bw/news-detail/89557,development,Botswana DailyNews
12 Jun 2025,Hungary to sponsor more Botswana students,"Hungary, which has been offering the support of 10 scholarships to Botswana...",https://dailynews.gov.bw/news-detail/86930,politics,Botswana DailyNews
12 Jun 2025,Khan commits to address Molepolole water woes,Member of Parliament for Molepolole North Mr Arafat Khan has encouraged Lesunyane...,https://dailynews.gov.bw/news-detail/86943,development,Botswana DailyNews
12 Jun 2025,"Xi urges China, S. Korea to lift strategic cooperative",Chinese President Xi Jinping said Tuesday that China and South Korea should...,https://dailynews.gov.bw/news-detail/86947,development,Botswana DailyNews
12 Mar 2018,Project management key,Stringent monitoring and mentoring of government developmental projects is critical in ensuring...,https://dailynews.gov.bw/news-detail/41399,development,Botswana DailyNews
12 Mar 2026,Borre ba rotloediwa go tsaya dikgato tse di siameng,"Borre kwa Taupye le Shakwe, mo kgaolong ya Mahalapye botlhaba ba rotloeditswe...",https://dailynews.gov.bw/news-detail/90515,dikgang,Botswana DailyNews
12 Mar 2026,Charity festival to aid Pudulogong rehabilitation Centre,"The Association of Schools Performing Arts (ABOSPA), in partnership with the University...",https://dailynews.gov.bw/news-detail/90521,art-culture,Botswana DailyNews
12 Mar 2026,IEC replaces old system with high-tech,The Independent Electoral Commission (IEC) has successfully designed and installed a new...,https://dailynews.gov.bw/news-detail/90518,parliament,Botswana DailyNews
12 Mar 2026,Legislators emphasise need to strengthen Auditor General autonomy,"Members of Parliament have called for the autonomy of the Auditor General,...",https://dailynews.gov.bw/news-detail/90520,parliament,Botswana DailyNews
12 Mar 2026,Letsatsi le tlhabetse bomme ba Sepako,Mokgatlho wa Dingaka tsa Malapa (Botswana Association of Family Physicians) o tlaa...,https://dailynews.gov.bw/news-detail/90514,dikgang,Botswana DailyNews
12 Mar 2026,MPs demand results from transport ministry,Legislators across the political divide have demanded that the approved P5.8 billion...,https://dailynews.gov.bw/news-detail/90511,parliament,Botswana DailyNews
12 Mar 2026,Mapodisi a boloditse letsholo la ipabalelo tseleng,Lekalana la pharakano la sepodise sa Tsabong le simolodisitse letsholo la ipabalelo...,https://dailynews.gov.bw/news-detail/90513,dikgang,Botswana DailyNews
12 Mar 2026,Mathiba - Living bridge between old and modern Botswana,"Born before the invention of sliced bread, 104-year-old Mr Okanokile Mathiba is...",https://dailynews.gov.bw/news-detail/90509,art-culture,Botswana DailyNews
12 Mar 2026,Ministry resolves to phase out ageing X-ray machines,The Ministry of Health has resolved to phase out and replace aging...,https://dailynews.gov.bw/news-detail/90517,parliament,Botswana DailyNews
12 Mar 2026,Mohwasa cofirms legality of 2011 public service strike,"Minister for State President, Defence and Security Mr Moeti Mohwasa has told...",https://dailynews.gov.bw/news-detail/90512,parliament,Botswana DailyNews
12 Mar 2026,Motswana songwriter reaches for stars,"After successfully landing songwriting credits with a K-Pop boy band, idntt, on...",https://dailynews.gov.bw/news-detail/90510,art-culture,Botswana DailyNews
12 May 2015,Project delay worries Van Der Westhuizen,"Local government and rural development assistant minister, Mr Frans Van Der Westhuizen,...",https://dailynews.gov.bw/news-detail/20020,development,Botswana DailyNews
12 May 2016,ESP effect reaches Francistown,"The Minister of Lands and Housing, Mr Prince Maele has informed the...",https://dailynews.gov.bw/news-detail/28221,development,Botswana DailyNews
12 May 2016,ESP to deliver 37 000 serviced plots,"By end of the three-year Economic Stimulus Programme (ESP), 37 000 plots...",https://dailynews.gov.bw/news-detail/28224,development,Botswana DailyNews
12 May 2025,BDP new president promises a united force,In order to take the Botswana Democratic Party (BDP) back to its...,https://dailynews.gov.bw/news-detail/86299,politics,Botswana DailyNews
12 May 2025,Government mitigates climate change effects,Building climate resilience particularly in rural farming communities can help Botswana attain...,https://dailynews.gov.bw/news-detail/86301,politics,Botswana DailyNews
12 May 2026,Gaolathe Leads Nation in Mourning,Acting President Ndaba Gaolathe was among the first senior leaders to sign...,https://dailynews.gov.bw/news-detail/91368,politics,Botswana DailyNews
12 May 2026,LeFesto Newsboy Cap Look,While many will remember former president Dr Festus Mogae for his economic...,https://dailynews.gov.bw/news-detail/91372,art-culture,Botswana DailyNews
12 May 2026,Nation Signs Condolence Book,Members of the Diplomatic Corp and the public visited Parliament Buildings to...,https://dailynews.gov.bw/news-detail/91376,politics,Botswana DailyNews
12 May 2026,Robala Ka Kagiso Motalaote,Motswana o a tle a supe fa leso le sa tlwaelwe. Se...,https://dailynews.gov.bw/news-detail/91375,dikgang,Botswana DailyNews
12 Nov 2014,Mokgosi wants more Batswana in bridge project,"Balete deputy chief Kgosi Tsimane Mokgosi, has expressed disappointment over the number of...",https://dailynews.gov.bw/news-detail/15711,development,Botswana DailyNews
12 Nov 2023,NAHPA extends strategic framework for HIV/AIDS,The third National Strategic Framework (NSF III) for HIV/AIDS has been extended...,https://dailynews.gov.bw/news-detail/76320,development,Botswana DailyNews
12 Nov 2024,Early childhood learning for all - Boko,"Early childhood learning will be available to every child in the country,...",https://dailynews.gov.bw/news-detail/83068,politics,Botswana DailyNews
12 Nov 2024,"Lankao, where barren dunes become expansive greenery","Xi has made multiple visits to Lankao in Henan, C China, promoting...",https://dailynews.gov.bw/news-detail/83072,politics,Botswana DailyNews
12 Nov 2024,Maun police investigate death incident,Police in Maun are investigating an incident in which a decomposed body...,https://dailynews.gov.bw/news-detail/83063,crime,Botswana DailyNews
12 Nov 2024,Motswagole to rule on Ellis application,Justice Tshepo Motswagole of Gaborone High Court will on November 13 deliver...,https://dailynews.gov.bw/news-detail/83062,crime,Botswana DailyNews
12 Nov 2024,Theme resonates with govt changeover,More than 100 delegates from Sub-Saharan African countries and abroad have convened...,https://dailynews.gov.bw/news-detail/83065,politics,Botswana DailyNews
12 Nov 2024,Xi extends congratulations to Global South Media and Think,Chinese President Xi Jinping on Monday sent a congratulatory message to the...,https://dailynews.gov.bw/news-detail/83070,politics,Botswana DailyNews
12 Nov 2024,Xi sends congratulatory message on centennial of Sun Yat-sen,Chinese President Xi Jinping on Tuesday sent a congratulatory letter to Sun...,https://dailynews.gov.bw/news-detail/83071,politics,Botswana DailyNews
12 Nov 2024,â€˜Universal Health Care top priorityâ€™,"In a significant move toward improving health care quality, President Mr Duma...",https://dailynews.gov.bw/news-detail/83066,politics,Botswana DailyNews
12 Nov 2025,168 relocated residents await compensation,The Minister of Transport and Infrastructure Mr Noah Salakae has informed Parliament...,https://dailynews.gov.bw/news-detail/89053,parliament,Botswana DailyNews
12 Nov 2025,ATIs black,"In Lephoi, directed and shot by Cyc Jouzy the late lyricist ATI...",https://dailynews.gov.bw/news-detail/89061,art-culture,Botswana DailyNews
12 Nov 2025,Ba rotloetswa go tsibogela botsogo,Maphata a puso ka go farologana mo kgaolong ya Bokone Bophirima a...,https://dailynews.gov.bw/news-detail/89066,dikgang,Botswana DailyNews
12 Nov 2025,Gang rape accused demand presence of victim in court,"Wabile Mohlomi (30), one of the three men accused of rape says...",https://dailynews.gov.bw/news-detail/89060,crime,Botswana DailyNews
12 Nov 2025,India to donate ARV to Botswana,President Advocate Duma Boko has announced that India has made a...,https://dailynews.gov.bw/news-detail/89057,politics,Botswana DailyNews
12 Nov 2025,Kriste play to inspire faith,"Actor Maxwell Dichi’s upcoming play Kriste, set to be staged on December...",https://dailynews.gov.bw/news-detail/89041,art-culture,Botswana DailyNews
12 Nov 2025,Local films to play on Mzansi magic,"Three local films, Route 2, Abashwe, and Moporofete: The Prophet are set...",https://dailynews.gov.bw/news-detail/89051,art-culture,Botswana DailyNews
12 Nov 2025,Makhura aspires for greatness,"A rising star in the realm of mental health and youth empowerment,...",https://dailynews.gov.bw/news-detail/89052,art-culture,Botswana DailyNews
12 Nov 2025,Mapodisi a mo patlong ya monna,Mapodisi a Lobatse a mo patlong ya monna mongwe wa motse wa...,https://dailynews.gov.bw/news-detail/89064,dikgang,Botswana DailyNews
12 Nov 2025,Ministry sources funds from EU for road project,"The Ministry of Investment, Trade and Entrepreneurship in its endeavour to provide...",https://dailynews.gov.bw/news-detail/89055,parliament,Botswana DailyNews
12 Nov 2025,Modipane - Mabalane Road Project behind schedule,"Modipane-Mabalane Road project is expected to continue experiencing delays, Minister of Transport...",https://dailynews.gov.bw/news-detail/89056,parliament,Botswana DailyNews
12 Nov 2025,Motshegwa apprises Parliament on RADP review,The Remote Area Development Programme (RADP) is a rural development strategy aimed...,https://dailynews.gov.bw/news-detail/89054,parliament,Botswana DailyNews
12 Nov 2025,Tshwaragano ya mapodisi le morafe e tswa tema,"Motshwarelela mookamela mapodisi a kampa ya Masunga, Assistant Superintendent, Saaka Nsimbi o...",https://dailynews.gov.bw/news-detail/89065,dikgang,Botswana DailyNews
12 Oct 2014,Gopong school officially opens,The P4.2 million two-teacher primary school constructed through Ipelegeng programme at Gopong...,https://dailynews.gov.bw/news-detail/15055,development,Botswana DailyNews
12 Sep 2024,Court slaps accused with additional charge,Six men accused of a robbery involving gadgets such as laptops and...,https://dailynews.gov.bw/news-detail/81713,crime,Botswana DailyNews
12 Sep 2026,BRICS: the Essentials,"Initially a shorthand for major emerging markets with considerable economic potential, BRICS...",https://dailynews.gov.bw/news-detail/93232,general,Botswana DailyNews
12 Sep 2026,China willing to work with BRICS partners to advance,China is ready to work with all BRICS partners to help greater...,https://dailynews.gov.bw/news-detail/93230,general,Botswana DailyNews
12 Sep 2026,Four battle for glory tonight,Four Botswana elite athletes will tonight battle for glory in the inaugural...,https://dailynews.gov.bw/news-detail/93229,general,Botswana DailyNews
12 Sep 2026,"Interview: BRICS features more prominently in Global South development,",The BRICS is playing an increasingly important role in promoting global economic...,https://dailynews.gov.bw/news-detail/93231,general,Botswana DailyNews
13 Apr 2014,Dry port development nears completion,"Botswana Railways corporate communications and public relations manager, Ms Kefilwe Batsalelwang says...",https://dailynews.gov.bw/news-detail/10623,development,Botswana DailyNews
13 Apr 2025,Court remands rape accused,"A 39-year-old teacher at Ditsweletse Junior Secondary School in Letlhakane, Mbaakanyi Gonde...",https://dailynews.gov.bw/news-detail/85796,crime,Botswana DailyNews
13 Apr 2025,Gaolathe urges youth to join GBV fight,Vice President has urged youth to rise and lead in the fight...,https://dailynews.gov.bw/news-detail/85782,politics,Botswana DailyNews
13 Apr 2026,Banni ba Tobera ba ikuela,Banni ba Tobera ba ikuetse mo go Mothusa Tautona Rre Ndaba Gaolathe...,https://dailynews.gov.bw/news-detail/90964,dikgang,Botswana DailyNews
13 Apr 2026,Batlokwa Kgosi encourages open dialogue,A consultative meeting on the proposed establishment of a Constitutional Court (ConCourt)...,https://dailynews.gov.bw/news-detail/90969,politics,Botswana DailyNews
13 Apr 2026,CEDA Spends P696m into over 1 000 businesses,The Citizen Entrepreneurial Development Agency (CEDA) continues to serve as Botswana’s key...,https://dailynews.gov.bw/news-detail/90955,parliament,Botswana DailyNews
13 Apr 2026,Government pumps over P70m into World Athletics Relays,Government has committed over P70 million towards hosting the 2026 World Athletics...,https://dailynews.gov.bw/news-detail/90954,parliament,Botswana DailyNews
13 Apr 2026,Hosanna Gospel Singers shine at music awards,"The 6th edition of the Gospel Music Awards, held over the weekend...",https://dailynews.gov.bw/news-detail/90972,art-culture,Botswana DailyNews
13 Apr 2026,Ipeleng aims to elevate music producers vision,"Behind each track hit, captivating melody and enduring rhythm lies the skills...",https://dailynews.gov.bw/news-detail/90974,art-culture,Botswana DailyNews
13 Apr 2026,Lawmakers call for merit in proposed Public Service reform,Lawmakers have warned that the Public Service Act will remain ineffective unless...,https://dailynews.gov.bw/news-detail/90950,parliament,Botswana DailyNews
13 Apr 2026,MPs thumb up Bill to harmonise labour relations,"Members of Parliament have welcomed the Public Service Bill of 2026, which...",https://dailynews.gov.bw/news-detail/90953,parliament,Botswana DailyNews
13 Apr 2026,Masole a kgwathisa ba mmadikolo,Mo metseletseleng ya metshameko ya liki ya softball e e neng e...,https://dailynews.gov.bw/news-detail/90966,dikgang,Botswana DailyNews
13 Apr 2026,Mpalaâ€™s Leaâ€™s Secret exposes childhood trauma,"Winnie Mpala’s autobiography, Lea’s Secret, is a poignant tale of childhood trauma,...",https://dailynews.gov.bw/news-detail/90973,art-culture,Botswana DailyNews
13 Apr 2026,Promotional policy drives district council recruitment,Majority of vacancies in district councils are filled through internal advertisements because...,https://dailynews.gov.bw/news-detail/90956,parliament,Botswana DailyNews
13 Apr 2026,Public Service Bill to guarantee rights for casual and,A new era for public officers is imminent as the proposed Public...,https://dailynews.gov.bw/news-detail/90952,parliament,Botswana DailyNews
13 Apr 2026,Thololwane o kopa gore dikgomo di tlhatlhelwe,Mookamedi wa twantsho bolwetsi jwa tlhako le molomo e bile e le...,https://dailynews.gov.bw/news-detail/90963,dikgang,Botswana DailyNews
13 Aug 2014,Minister announces geological surveys transformation,The Department of Geological Surveys will be transformed to a parastatal organisation...,https://dailynews.gov.bw/news-detail/13670,development,Botswana DailyNews
13 Aug 2024,Serowe police investigate murder incident,Serowe police are investigating an incident in which a 27-year-old Zimbabwean national...,https://dailynews.gov.bw/news-detail/81096,crime,Botswana DailyNews
13 Aug 2025,Attorney calls for prompt assessments,A defence attorney says prolonged psychological assessments are causing psychological stress on...,https://dailynews.gov.bw/news-detail/88093,crime,Botswana DailyNews
13 Aug 2025,BDP initiates reconciliation efforts,"The Botswana Democratic Party (BDP) has launched a reconciliation initiative, which on...",https://dailynews.gov.bw/news-detail/88096,politics,Botswana DailyNews
13 Aug 2025,Court convicts cash-in-transit robbers,Four men charged with robbing a G4S Security cash-in-transit van at Turnrite...,https://dailynews.gov.bw/news-detail/88094,crime,Botswana DailyNews
13 Aug 2025,DJ Flames album hits radio charts,"Kabo Thaelo's new offering, Pela Tulo has been positively received by music supporters...",https://dailynews.gov.bw/news-detail/88081,art-culture,Botswana DailyNews
13 Aug 2025,Leteisi festival aims to celebrate cultural heritage,Mmathethe is set to come alive on the September 27 with the...,https://dailynews.gov.bw/news-detail/88079,art-culture,Botswana DailyNews
13 Aug 2025,Red Bull dance your style returns,Botswana is gearing up for the highly anticipated second annual edition of...,https://dailynews.gov.bw/news-detail/88080,art-culture,Botswana DailyNews
13 Aug 2026,Balemi ba akola thobo,Dipula tse di namagadi tse di neleng mo pakeng ya temo e...,https://dailynews.gov.bw/news-detail/92713,dikgang,Botswana DailyNews
13 Aug 2026,Botswana and South Africa reaffirm cooperation,Botswana and South Africa have reaffirmed commitment to strengthening defence and security...,https://dailynews.gov.bw/news-detail/92728,general,Botswana DailyNews
13 Aug 2026,Botswana not in debt crisis - Gaolathe,Botswana is not in a debt crisis as its debt-to-Gross Domestic Product...,https://dailynews.gov.bw/news-detail/92706,parliament,Botswana DailyNews
13 Aug 2026,Chombo applauds elders for laying Botswana foundation,"Minister of Youth and Gender Affairs, Ms Lesego Chombo, has paid tribute...",https://dailynews.gov.bw/news-detail/92729,general,Botswana DailyNews
13 Aug 2026,Govt considers permit framework for seven seaters,Government has proposed the amendment of the Road Traffic Act to accommodate...,https://dailynews.gov.bw/news-detail/92724,parliament,Botswana DailyNews
13 Aug 2026,Madzibakufa Trust aims to drive rural development,The idea to safeguard the historic Madzibakufa Hills and uplift surrounding rural...,https://dailynews.gov.bw/news-detail/92718,art-culture,Botswana DailyNews
13 Aug 2026,Mantenge Hill: Kalakamati heritage and conservation hub,"A short walk from Kalakamati stands Mantenge Hill, a natural landmark adorned...",https://dailynews.gov.bw/news-detail/92719,art-culture,Botswana DailyNews
13 Aug 2026,Ministry adopts interim measures to service roads,The Ministry of Transport and Infrastructure implements spot improvements on critical sections...,https://dailynews.gov.bw/news-detail/92723,parliament,Botswana DailyNews
13 Aug 2026,Modise warns of el NiÃ±o impact,The high probability of prolonged periods of above-normal temperatures due to the...,https://dailynews.gov.bw/news-detail/92725,parliament,Botswana DailyNews
13 Aug 2026,More bodies pulled from capsised boat in Lake Kariba,"Rescuers recovered more bodies from a capsised boat on Lake Kariba on Wednesday,...",https://dailynews.gov.bw/news-detail/92703,general,Botswana DailyNews
13 Aug 2026,NHI requires legislative and governance reforms,Minister of Health Dr Stephen Modise has called on Members of Parliament...,https://dailynews.gov.bw/news-detail/92727,general,Botswana DailyNews
13 Aug 2026,Nagqu Horse Racing Festival 2026 kicks off in China\'s,...,https://dailynews.gov.bw/news-detail/92705,general,Botswana DailyNews
13 Aug 2026,Parliament backs FATF compliance efforts,Legislators have a duty to ensure that the integrity of the country...,https://dailynews.gov.bw/news-detail/92722,parliament,Botswana DailyNews
13 Aug 2026,Phokojwe go tshela yo dithetsenyana,E re ka letlhoko la ditiro le le lentsi bogolo jang mo...,https://dailynews.gov.bw/news-detail/92712,dikgang,Botswana DailyNews
13 Aug 2026,Proceeds of crime Bill passes second reading,The Proceeds and Instruments of Crime Amendment Bill has passed the second...,https://dailynews.gov.bw/news-detail/92721,parliament,Botswana DailyNews
13 Aug 2026,Retired officers association to support veterans,A group of former police officers has formed the Botswana Retired Police...,https://dailynews.gov.bw/news-detail/92732,general,Botswana DailyNews
13 Aug 2026,SADC Council meetsÂ ahead of summit,Botswana reaffirms its commitment to regional integration as the Southern African Development...,https://dailynews.gov.bw/news-detail/92726,general,Botswana DailyNews
13 Aug 2026,SADC power generating capacity rises,The Southern African Development Community (SADC) recorded a significant increase in electricity generating capacity...,https://dailynews.gov.bw/news-detail/92704,general,Botswana DailyNews
13 Aug 2026,Six decades of judicial growth,"When Botswana lowered the Union Jack on September 30, 1966, the new...",https://dailynews.gov.bw/news-detail/92714,general,Botswana DailyNews
13 Aug 2026,Talks to revamp monument underway,Botswana and South Africa are in talks to revamp and preserve historic...,https://dailynews.gov.bw/news-detail/92717,art-culture,Botswana DailyNews
13 Aug 2026,"Traditional Shoton Festival celebrated in Lhasa, China\'s Xizang",...,https://dailynews.gov.bw/news-detail/92716,general,Botswana DailyNews
13 Aug 2026,Unions decry lack of consultation,Public service unions have raised concerns over the consultative process surrounding the...,https://dailynews.gov.bw/news-detail/92730,general,Botswana DailyNews
13 Aug 2026,"Xi Story: The rain, the caves and the quest","In Dunhuang, an ancient Silk Road city in northwest China, even rain...",https://dailynews.gov.bw/news-detail/92720,general,Botswana DailyNews
13 Feb 2015,Salt project to transform Zutshwa,"The Vice President, Mr Mokgweetsi Masisi, says resuscitation of the Zutshwa salt...",https://dailynews.gov.bw/news-detail/17710,development,Botswana DailyNews
13 Feb 2020,Officer explains how disabled got help,"A presiding officer for Mosolotshane/Moralane ward during the 2019 general elections, Ms...",https://dailynews.gov.bw/news-detail/54327,elections,Botswana DailyNews
13 Feb 2025,Chancery in Ethiopia to save funds,The successful completion of the state of the art Botswana chancery in...,https://dailynews.gov.bw/news-detail/84589,politics,Botswana DailyNews
13 Feb 2025,Former Serowe council chair dies,"Former Serowe Administrative Authority chairperson, Mr Mpho ‘Dunga’ Kooreme died on Tuesday...",https://dailynews.gov.bw/news-detail/84573,crime,Botswana DailyNews
13 Jan 2025,Operation Pabalesego successful,"The joint festive season initiative, Operation Pabalesego, aimed at ensuring public safety...",https://dailynews.gov.bw/news-detail/83987,politics,Botswana DailyNews
13 Jan 2026,Dikhwaere - Rhythm of the countryside,"For the thousands congregated on a farming field along the Mochudi-Sikwane road,...",https://dailynews.gov.bw/news-detail/89567,art-culture,Botswana DailyNews
13 Jan 2026,Letlhoko la madi le ama lenaneo la NDP 12,Banni ba Masunga ba tlhaloseditswe fa dingwe ditlhabololo di sa akarediwa mo...,https://dailynews.gov.bw/news-detail/89581,dikgang,Botswana DailyNews
13 Jan 2026,Smith explores Botswana wilderness in Pole to Pole docuseries,Botswana has emerged as a sanctuary for many celebrities seeking refuge from...,https://dailynews.gov.bw/news-detail/89566,art-culture,Botswana DailyNews
13 Jan 2026,Tiriso Botlhaswa Ya Bana E A Tshwenya - Maele,Dikgang tsa thubetso le tiriso botlhaswa ya bana le ditagi di a...,https://dailynews.gov.bw/news-detail/89579,dikgang,Botswana DailyNews
13 Jan 2026,Tsayang Karolo Mo Go Oketseng Palo Ya Dikgomo,Mopalamente wa Tswapong North o kopile banni ba Manaledi go tsaya karolo...,https://dailynews.gov.bw/news-detail/89580,dikgang,Botswana DailyNews
13 Jul 2025,Kgosimore remanded further to allow for investigations,"Chief Magistrate, Ms Kamogelo Mmesi of Extension II Magistrate Court has extended...",https://dailynews.gov.bw/news-detail/87480,crime,Botswana DailyNews
13 Jul 2025,Mokibe Remands Robbery accused,"Outgoing chief magistrate, Ms Linah Mokibe has remanded in custody a 24-year-old...",https://dailynews.gov.bw/news-detail/87485,crime,Botswana DailyNews
13 Jul 2026,Ba NMG ba kgothatsa badirelapuso,Ba khampane ya NMG Administrator Botswana ba ba okametseng madi a polokelo...,https://dailynews.gov.bw/news-detail/92215,dikgang,Botswana DailyNews
13 Jul 2026,Bale Merges Fine Art and Eco-Conservation,"At just eight-years-old, Kenneth Bale discovered that a pencil and sketchpad could...",https://dailynews.gov.bw/news-detail/92207,art-culture,Botswana DailyNews
13 Jul 2026,Bimbo passion for music continues to inspire,"For many artists, music begins as a hobby. For Thabo Bimbo, also...",https://dailynews.gov.bw/news-detail/92208,art-culture,Botswana DailyNews
13 Jul 2026,Bole o Itshetsa Ka Go Rekisa Borotho,Mme Maipelo Bole wa dingwaga tse masome mabedi le boraro wa Makuta...,https://dailynews.gov.bw/news-detail/92216,dikgang,Botswana DailyNews
13 Jul 2026,Mogwanto O Kgobokanya P50 000,Mogwanto wa ngwaga le ngwaga wa ga Kgosi Malope II o o...,https://dailynews.gov.bw/news-detail/92214,dikgang,Botswana DailyNews
13 Jul 2026,Osego earns slot in Britainâ€™s Got Talent,"Guided by a relentless drive, sharp problem-solving skills, and deep emotional intelligence,...",https://dailynews.gov.bw/news-detail/92206,art-culture,Botswana DailyNews
13 Jun 2024,Court reschedules trial after accused files sick note,The trial of a Mochudi based police officer accused of raping a...,https://dailynews.gov.bw/news-detail/80072,crime,Botswana DailyNews
13 Jun 2024,Magistrate remands duo pending bail finalisation,Two men accused of being found in possession of goods stolen outside...,https://dailynews.gov.bw/news-detail/80071,crime,Botswana DailyNews
13 Jun 2024,Old age works for rape accused,Principal Magistrate Queen Moanga of Mochudi Magistrate’s Court on Wednesday granted bail...,https://dailynews.gov.bw/news-detail/80081,crime,Botswana DailyNews
13 Jun 2025,"President Boko holds official talks with Hungarian president, PM",President Advocate Duma Boko this morning held official talks with Hungarian President...,https://dailynews.gov.bw/news-detail/86958,politics,Botswana DailyNews
13 Jun 2025,Trade and job creation on Boko agenda,Creating a mutually beneficial partnership with a view to lure investment and...,https://dailynews.gov.bw/news-detail/86954,politics,Botswana DailyNews
13 May 2025,Goodhope development projects on track - Nkwane,The Output and Performance Based Road Contract package 2 project which consists...,https://dailynews.gov.bw/news-detail/86315,development,Botswana DailyNews
13 May 2025,Ministries rationalisation meant to improve effeciency,The rationalisation of government ministries done in 2018 was to create synergy...,https://dailynews.gov.bw/news-detail/86313,politics,Botswana DailyNews
13 May 2025,Tautona Lodge owned by DIS - Magosi,The Director General of the Directorate of Intelligence and Security (DIS) Brigadier...,https://dailynews.gov.bw/news-detail/86314,politics,Botswana DailyNews
13 May 2026,1939-2026,...,https://dailynews.gov.bw/news-detail/91385,politics,Botswana DailyNews
13 May 2026,FESTUS MOGAE: Pragmatic Patriot and Global Statesman,"As an economist, politician, and, perhaps most instrumentally, in his temperament, the...",https://dailynews.gov.bw/news-detail/91379,politics,Botswana DailyNews
13 May 2026,From the Trenches to Reflection: Honouring Festus Mogae Beyond,There was a time in Botswana politics when Festus Gontebanye Mogae was...,https://dailynews.gov.bw/news-detail/91394,politics,Botswana DailyNews
13 May 2026,Mogae was a Rare Find,A great light has gone out in Botswana and the nation’s response...,https://dailynews.gov.bw/news-detail/91380,politics,Botswana DailyNews
13 May 2026,Public Bids Mogae Adieu,"Braving the early morning winter frosty conditions, hundreds of Batswana on Wednesday...",https://dailynews.gov.bw/news-detail/91386,politics,Botswana DailyNews
13 Nov 2024,Ellis loses with costs,The founding chief executive officer of the National Arts Council of Botswana...,https://dailynews.gov.bw/news-detail/83076,crime,Botswana DailyNews
13 Nov 2025,AOJ assesses magistracy structure,The Administration of Justice (AOJ) is currently looking into and assessing the...,https://dailynews.gov.bw/news-detail/89074,parliament,Botswana DailyNews
13 Nov 2025,Balopi o kopela Kaartze tlhopho,Batlhophi ba kgaolo ya Kgalagadi Borwa ba kopilwe go tlhopha moemedi wa...,https://dailynews.gov.bw/news-detail/89082,dikgang,Botswana DailyNews
13 Nov 2025,Consultations on VAT Amendmend Bill ongoing,"Vice President also Minister of Finance, Mr Ndaba Gaolathe says consultations with...",https://dailynews.gov.bw/news-detail/89078,parliament,Botswana DailyNews
13 Nov 2025,Ditsela tsa toropo ya Selebi Phikwe ga di itumedise,Bakgweetsi ba dikoloi tse di pegang setshaba ba re ga ba itumedisiwe...,https://dailynews.gov.bw/news-detail/89081,dikgang,Botswana DailyNews
13 Nov 2025,Explore unconventional approaches- Saleshando,Botswana’s current economic situation requires government to think outside the box and...,https://dailynews.gov.bw/news-detail/89080,parliament,Botswana DailyNews
13 Nov 2025,Government makes strides in transforming tourism,"Botswana’s tourism sector is undergoing transformation to be people-centric, says the Minister...",https://dailynews.gov.bw/news-detail/89079,parliament,Botswana DailyNews
13 Nov 2025,Increase women representation in Parliament,"Botswana, a country held in reverence globally as a virtuous exemplar of...",https://dailynews.gov.bw/news-detail/89084,parliament,Botswana DailyNews
13 Nov 2025,India resilience impresses Boko,President Advocate Duma Boko has called for stronger economic and technological collaboration...,https://dailynews.gov.bw/news-detail/89089,politics,Botswana DailyNews
13 Nov 2025,Mogapi shares views on SONA,"Former journalist and communications consultant, Mr Spencer Mogapi, has emphasised the need...",https://dailynews.gov.bw/news-detail/89077,parliament,Botswana DailyNews
13 Nov 2025,Partial pensions withdrawal strives for balance,Any consideration of allowing partial access to pension funds during active service...,https://dailynews.gov.bw/news-detail/89075,parliament,Botswana DailyNews
13 Nov 2025,Rescued women back home and receive counselling,The Botswana Police Service have confirmed that the three women who recently...,https://dailynews.gov.bw/news-detail/89076,crime,Botswana DailyNews
13 Oct 2014,Kajaja Primary School opens,"Acting Minister of Education and Skills Development, Mr Mokgweetsi Masisi, says the...",https://dailynews.gov.bw/news-detail/15068,development,Botswana DailyNews
13 Oct 2024,"BoFiNet: 10 years, still counting","Botswana Fibre Network (BoFiNet) the mainstay of the local telecommunications infrastructure, has...",https://dailynews.gov.bw/news-detail/82244,development,Botswana DailyNews
13 Oct 2024,Brainstream empowers schools step by step,"BrainStream, a local institution that offers Science, Technology, Engineering and Mathematics (STEM)...",https://dailynews.gov.bw/news-detail/82245,development,Botswana DailyNews
13 Oct 2024,Court postpones Kopong murder case to January,"Broadhurst Magistrate Court has set January 21, 2025 for status update in...",https://dailynews.gov.bw/news-detail/82225,crime,Botswana DailyNews
13 Oct 2024,Gaborone South hopefuls promise developments,The six parliamentary candidates vying for Gaborone South have decried lack of...,https://dailynews.gov.bw/news-detail/82234,elections,Botswana DailyNews
13 Oct 2024,Hotspots grow in popularity,"As dawn cracks, the number of people leaning on the fence of...",https://dailynews.gov.bw/news-detail/82240,development,Botswana DailyNews
13 Oct 2024,Keorapetse seeks re-election,"Umbrella for Democratic Change’s (UDC) parliamentary candidate for Selebi Phikwe West, Mr...",https://dailynews.gov.bw/news-detail/82238,elections,Botswana DailyNews
13 Oct 2024,"Kopo APP links service providers, customers","Mr Again Oabile, a 31-year-old Motswana entrepreneur with a background in Telecommunications...",https://dailynews.gov.bw/news-detail/82241,development,Botswana DailyNews
13 Oct 2024,Masisi launches Mahalapye West candidate,President Dr Mokgweetsi Masisi has urged electorate across the country to re-elect...,https://dailynews.gov.bw/news-detail/82236,elections,Botswana DailyNews
13 Oct 2024,Mpatlise new frontier in Botswana agric. landscape,"In the world of modern farming, technology is often the gateway to...",https://dailynews.gov.bw/news-detail/82243,development,Botswana DailyNews
13 Oct 2024,Quintet square up for Bonnington South,A quintet of Gaborone Bonnington South candidates on Friday took to the...,https://dailynews.gov.bw/news-detail/82235,elections,Botswana DailyNews
13 Oct 2024,Tech company tightens screws in laptop use at schools,While government has taken a giant stem to enable technological advancement in...,https://dailynews.gov.bw/news-detail/82242,development,Botswana DailyNews
13 Oct 2024,Telemedicine: Promise fulfilled,"In recent years, telemedicine has emerged as a transformative solution for healthcare...",https://dailynews.gov.bw/news-detail/82239,development,Botswana DailyNews
13 Oct 2024,Tsogwane urges voters to shun tribalism,Botswana Democratic Party (BDP) members have been urged to shun tribalism and...,https://dailynews.gov.bw/news-detail/82237,elections,Botswana DailyNews
13 Oct 2024,inDrive game changer in public transport,Gone are the days when people only relied on traditional public transport...,https://dailynews.gov.bw/news-detail/82246,development,Botswana DailyNews
13 Oct 2025,BCP announces constitutional review,"The main opposition, Botswana Congress Party (BCP) has embarked on a significant...",https://dailynews.gov.bw/news-detail/88642,politics,Botswana DailyNews
13 Oct 2025,Bakalanga safeguard Hosana rainmaking ritual,The Bakalanga community in the North East and areas along the Botswana...,https://dailynews.gov.bw/news-detail/88644,art-culture,Botswana DailyNews
13 Oct 2025,Mopamente o aba ntlo,"Mopamente wa kgaolo ya Takatokwane, Rre Jacob Kelebeng o tsweletse ka maikaelelo...",https://dailynews.gov.bw/news-detail/88639,dikgang,Botswana DailyNews
13 Oct 2025,New funding approach crucial,Botswana’s creative sector needs a radical shift in financing approaches and infrastructure...,https://dailynews.gov.bw/news-detail/88645,art-culture,Botswana DailyNews
13 Oct 2025,\'Dikhwaere di aga setshaba\',Moopelo o dira dilo tse di ntsi mo botshelong tse di ka...,https://dailynews.gov.bw/news-detail/88640,dikgang,Botswana DailyNews
13 Sep 2024,Ghanzi Police probe double murder,- Ghanzi police are investigation an incident in which a 32-year-old man...,https://dailynews.gov.bw/news-detail/81728,crime,Botswana DailyNews
13 Sep 2024,Maun court orders remand of robbery accused,The investigating officer in the P365 000 armed robbery incident at Matlapana...,https://dailynews.gov.bw/news-detail/81729,crime,Botswana DailyNews
13 Sep 2026,Moments in Motion | Xi Jinping at BRICS summits,Chinese President Xi Jinping will attend the 18th BRICS Summit in New...,https://dailynews.gov.bw/news-detail/93235,general,Botswana DailyNews
13 Sep 2026,"News Analysis: Africa redraws its place on the map,",How big is Africa? The answer can differ strikingly from one world...,https://dailynews.gov.bw/news-detail/93233,general,Botswana DailyNews
13 Sep 2026,On-Site @BRICS | A Greater Voice for the Global,"For much of the modern era, the table of global affairs has...",https://dailynews.gov.bw/news-detail/93234,general,Botswana DailyNews
14 Apr 2025,Burkina Faso draws lessons from Botswana,"Special Advisor to the President of Burkina Faso on Natural Resources, Mr...",https://dailynews.gov.bw/news-detail/85848,politics,Botswana DailyNews
14 Apr 2025,Ramaotwana appeals for party unity,"Botswana National Front (BNF) deputy secretary general, Mr Nelson Ramaotwana has implored...",https://dailynews.gov.bw/news-detail/85836,politics,Botswana DailyNews
14 Apr 2025,Zambia solicits support for AfDB presidency,Zambia is seeking support from Botswana for the upcoming presidency of the...,https://dailynews.gov.bw/news-detail/85846,politics,Botswana DailyNews
14 Apr 2026,Assistant Minister apprises Parliament on police savings and loan,The Botswana Police Savings and Loan Guarantee Scheme was established in 1999...,https://dailynews.gov.bw/news-detail/90991,parliament,Botswana DailyNews
14 Apr 2026,Dj LATTY Leap oF Faith Yields Rewards,Moving to a new country in pursuit of better opportunities is a...,https://dailynews.gov.bw/news-detail/91001,art-culture,Botswana DailyNews
14 Apr 2026,Gobotswang urges govt to invest in rural agro industries,"Tswapong South legislator, Dr Kesitegile Gobotswang, has requested government to invest in...",https://dailynews.gov.bw/news-detail/90989,parliament,Botswana DailyNews
14 Apr 2026,Mathoothe advises Lobatse leadership to apply for special economic,"Assistant Minister of Trade and Entrepreneurship, Mr Baratiwa Mathoothe has advised the...",https://dailynews.gov.bw/news-detail/90990,parliament,Botswana DailyNews
14 Apr 2026,New labour law mandates employers to transport night shift,Night-shift workers will no longer have to navigate the challenges of unavailable...,https://dailynews.gov.bw/news-detail/90993,parliament,Botswana DailyNews
14 Apr 2026,Policy aims to turn villages into engines of prosperity,The Revised National Policy for Rural Development 2025 marks a bold policy...,https://dailynews.gov.bw/news-detail/90994,parliament,Botswana DailyNews
14 Apr 2026,Rural industrialisation key to development,Rural industrialisation holds significant potential for both economic development and poverty reduction...,https://dailynews.gov.bw/news-detail/90995,parliament,Botswana DailyNews
14 Apr 2026,Somelo settlement established to bring services to remote areas,Parliament has been informed that Somelo settlement was established in 1998 under...,https://dailynews.gov.bw/news-detail/90992,parliament,Botswana DailyNews
14 Aug 2021,Rainbow circle inner lanes close,The scheduled construction of new overpass (bridge) at Rainbow circle (intersection of...,https://dailynews.gov.bw/news-detail/63646,development,Botswana DailyNews
14 Aug 2024,Court discharges traditional doctor,"Progressive Ministry Apostolic Faith Healing Church pastor, Bantshuti Nkgarapi sighed with relief...",https://dailynews.gov.bw/news-detail/81131,crime,Botswana DailyNews
14 Aug 2024,Witness confirm undertaking own investigations,A state witnesses in a case in which Bhekizwe Nkomazana alias Khaya...,https://dailynews.gov.bw/news-detail/81132,crime,Botswana DailyNews
14 Aug 2025,Prayer group commits to build strong and resilient women,"An inspiring all-female prayer group, the 3AM Prayer Warriors, is dedicated to...",https://dailynews.gov.bw/news-detail/88112,art-culture,Botswana DailyNews
14 Aug 2025,Ranama: From church band to stardom,"In the music landscape, where mastery of the saxophone is often seen...",https://dailynews.gov.bw/news-detail/88108,art-culture,Botswana DailyNews
14 Aug 2026,Concourt debate reveals need for delicate balance,"As Botswana navigates a critical moment in its judicial evolution, a recent...",https://dailynews.gov.bw/news-detail/92736,general,Botswana DailyNews
14 Aug 2026,"Hainan steps up efforts to build world-class tourism, consumption",...,https://dailynews.gov.bw/news-detail/92738,general,Botswana DailyNews
14 Aug 2026,More bodies retrieved from sunken Lake Kariba ship,"More bodies have been retrieved from a sunken ship in Lake Kariba, and...",https://dailynews.gov.bw/news-detail/92739,general,Botswana DailyNews
14 Feb 2017,Kgathi applauds police,"Minister of Defence, Justice and Security Mr Shaw Kgathi has commended Botswana...",https://dailynews.gov.bw/news-detail/34025,development,Botswana DailyNews
14 Feb 2026,IOC President Kirsty Coventry sends New Year greetings to,IOC President Kirsty Coventry sent New Year greetings to the Chinese people...,https://dailynews.gov.bw/news-detail/89999,art-culture,Botswana DailyNews
14 Feb 2026,Xi extends Chinese New Year greetings to ring in,Chinese President Xi Jinping on Saturday extended Spring Festival greetings at a...,https://dailynews.gov.bw/news-detail/90001,art-culture,Botswana DailyNews
14 Feb 2026,Xi sends congratulatory message to 39th African Union Summit,Chinese President Xi Jinping on Saturday sent a congratulatory message to Joao...,https://dailynews.gov.bw/news-detail/90000,politics,Botswana DailyNews
14 Jan 2015,Investor boom to address unemployment in Lobatse,The anticipated investor boom in Lobatse is expected to curb the high...,https://dailynews.gov.bw/news-detail/16907,development,Botswana DailyNews
14 Jan 2026,Court Postpones Mzwinila Asset Freeze Application,The case in which the Directorate of Public Prosecutions (DPP) is seeking...,https://dailynews.gov.bw/news-detail/89589,crime,Botswana DailyNews
14 Jan 2026,Gaseitsewe - Strong Willed Beauty Queen,"The first Botswana beauty queen, Ms Serwalo Gaseitsiwe who passed away recently...",https://dailynews.gov.bw/news-detail/89590,art-culture,Botswana DailyNews
14 Jan 2026,Melao E Mesha E Tsisa Ledula Le Tsosoloso Itsholelo,Goromente o tla dira tshutiso ya melao mengwe e ntseng e beile...,https://dailynews.gov.bw/news-detail/89586,dikgang,Botswana DailyNews
14 Jan 2026,Puso E Tlaa Duela Badiri Ba Pele Ba BCL,Puso e tsere tshwetso ya go duela badiri ba pele ba moepo...,https://dailynews.gov.bw/news-detail/89587,dikgang,Botswana DailyNews
14 Jan 2026,Tema e le nngwe e ka ntsha mo go,"Mopalamente wa Tswapong North, Rre Prince Maele a re tema e le...",https://dailynews.gov.bw/news-detail/89585,dikgang,Botswana DailyNews
14 Jul 2025,Ministry to turn Trans Kalahari into smart corridor,"In the rapidly evolving digital landscape, advanced digital network infrastructure is pivotal...",https://dailynews.gov.bw/news-detail/87522,development,Botswana DailyNews
14 Jul 2026,Debswana invests P1.7 million on Mmalekwa Trust,"Debswana has invested P1.7 million at Mmalekwa Cultural Heritage Site, through the...",https://dailynews.gov.bw/news-detail/92228,art-culture,Botswana DailyNews
14 Jul 2026,Go fudusa leruo go anamisa bolwetse - Motsamai,"Mothusa tona wa temo-thuo le lefatshe, Rre Motsamai Motsamai o tsibositse barui...",https://dailynews.gov.bw/news-detail/92237,dikgang,Botswana DailyNews
14 Jul 2026,"Khakhea mother cites poverty, distress in baby abandonment case",A 46-year-old mother of 10 from Khakhea has told the High Court...,https://dailynews.gov.bw/news-detail/92226,crime,Botswana DailyNews
14 Jul 2026,Mohwasa Advocates For Constructive Debates,A high performing Parliament is not simply measured by the bills it...,https://dailynews.gov.bw/news-detail/92238,politics,Botswana DailyNews
14 Jul 2026,Okere dance moves take him to Zurich,"Alvan-Michael Okere, has earned a right to represent Botswana at the global...",https://dailynews.gov.bw/news-detail/92229,art-culture,Botswana DailyNews
14 Jul 2026,Parliament under -resourced,"Parliament of Botswana operates under financial constraints, which limit Members of Parliament...",https://dailynews.gov.bw/news-detail/92240,politics,Botswana DailyNews
14 Jul 2026,Puso e Itlama O Rarabolola Kgang Ya Bogosi,Mothusa tona wa lephata la dikgaolo le tsa ngwao o kopile banni...,https://dailynews.gov.bw/news-detail/92236,dikgang,Botswana DailyNews
14 Jul 2026,Saleshando calls for inclusive Parliament,"The Leader of Opposition (LOO), Mr Dumelang Saleshando has called for strengthening...",https://dailynews.gov.bw/news-detail/92239,politics,Botswana DailyNews
14 Jul 2026,Speaker urges MPs to rise above partisanship,Speaker of the National Assembly has urged Members of Parliament (MPs) to...,https://dailynews.gov.bw/news-detail/92241,politics,Botswana DailyNews
14 Jun 2018,‘Teachers welfare priority’,Kgosi Gomolemo Molebatsi of Majwaneng says teachers are the backbone of the...,https://dailynews.gov.bw/news-detail/43346,development,Botswana DailyNews
14 Jun 2023,China\'s poverty eradication and its implications on global human,"With more than 40 years of reform and opening-up, China has eradicated...",https://dailynews.gov.bw/news-detail/73534,development,Botswana DailyNews
14 Mar 2017,Monitoring of projects bears fruits,There has been a significant improvement of project implementation in the Boteti...,https://dailynews.gov.bw/news-detail/34647,development,Botswana DailyNews
14 Mar 2026,Khama o amogela thobo,Jaaka ene ele ngwao ya Batswana go isa ditswa-temong fa pele ga...,https://dailynews.gov.bw/news-detail/90530,dikgang,Botswana DailyNews
14 May 2025,Avail land for development - Moswaane,"Land is key in driving various development initiatives and facilitating economic growth,...",https://dailynews.gov.bw/news-detail/86336,development,Botswana DailyNews
14 May 2025,Botswana seeks to deepen diplomatic ties with Bulgaria,"Botswana seeks to strengthen diplomatic relations with Bulgaria, a member of the...",https://dailynews.gov.bw/news-detail/86326,politics,Botswana DailyNews
14 May 2025,Court remands Mathangwane murder accused,Gomotsang Maluke of Mmopi ward in Mathangwane has been remanded in custody...,https://dailynews.gov.bw/news-detail/86339,crime,Botswana DailyNews
14 May 2025,Court sentences Letsididi to extra 25 years,"A serial rapist, Tshepiso Letsididi has been sentenced to a cumulative 25...",https://dailynews.gov.bw/news-detail/86324,crime,Botswana DailyNews
14 May 2025,President pleads for patience and understanding,Public officers have been implored to exercise patience and accord government time...,https://dailynews.gov.bw/news-detail/86327,politics,Botswana DailyNews
14 May 2025,Woman swindled P845 000,Letlhakane police have appealed to the public to assist with information that...,https://dailynews.gov.bw/news-detail/86330,crime,Botswana DailyNews
14 May 2026,Xi and Trump visit The Temple of Heaven 1,Chinese President Xi Jinping and U.S. President Donald Trump visited the Temple...,https://dailynews.gov.bw/news-detail/91403,art-culture,Botswana DailyNews
14 Nov 2016,Rising numbers of diabetes worrisome,Rising numbers of Diabetes and other non-communicable diseases in Botswana worries the...,https://dailynews.gov.bw/news-detail/32299,development,Botswana DailyNews
14 Nov 2023,"Xi inspects post-flood reconstruction in Beijing, Hebei",Chinese President Xi Jinping on Friday visited the areas affected by floods...,https://dailynews.gov.bw/news-detail/76377,development,Botswana DailyNews
14 Nov 2025,Mojadigo sentenced to 20 years for rape,"Senior Magistrate Queen Moanga of Mochudi Magistrate Court has sentenced Goitsekgosi Mojadigo,...",https://dailynews.gov.bw/news-detail/89093,crime,Botswana DailyNews
14 Oct 2014,Stefanutti Stocks takes over SSKIA completion,Completion contract for the Sir Seretse Khama International Airport (SSKIA) has been...,https://dailynews.gov.bw/news-detail/15110,development,Botswana DailyNews
14 Oct 2023,Gift from China to global development,When the seedlings of a 'magic grass' were first introduced to Papua...,https://dailynews.gov.bw/news-detail/75715,development,Botswana DailyNews
14 Oct 2023,XI AVIC Changhe Aircraft Industry IN EAST CHINA\'S JIANGXI,"Xi Jinping, general secretary of the Communist Party of China Central Committee,...",https://dailynews.gov.bw/news-detail/75718,development,Botswana DailyNews
14 Oct 2023,"Xi inspects Jingdezhen, Shangrao in east China\'s Jiangxi Province","Xi Jinping, general secretary of the Communist Party of China Central Committee,...",https://dailynews.gov.bw/news-detail/75717,development,Botswana DailyNews
14 Oct 2023,Xi stresses high-quality development of Yangtze River Economic Belt,"Xi Jinping, general secretary of the Communist Party of China (CPC) Central...",https://dailynews.gov.bw/news-detail/75716,development,Botswana DailyNews
14 Oct 2024,Boko launches Kgalagadi South candidates,"Leader of Umbrella for Democratic Change (UDC), Advocate Duma Boko, officially launched...",https://dailynews.gov.bw/news-detail/82251,elections,Botswana DailyNews
14 Oct 2024,"Molebatsi endorses Mzwinila, dispels untruths","The outgoing Mmadinare MP, Mr Molebatsi Molebatsi, has thrown his weight behind...",https://dailynews.gov.bw/news-detail/82262,elections,Botswana DailyNews
14 Oct 2024,UDC leader calls for change,"The Umbrella for Democratic Change (UDC) leader, Advocate Duma Boko, has appealed...",https://dailynews.gov.bw/news-detail/82261,elections,Botswana DailyNews
14 Oct 2024,VP canvasses votes for Kebaitse,Botswana Democratic Party (BDP) is a party that believes in an inclusive...,https://dailynews.gov.bw/news-detail/82260,elections,Botswana DailyNews
14 Oct 2025,Banni ba kopa go bewa ditsha,Banni ba metse ya Pilikwe le Mhalapitsa ba supile matshwenyego ka ditirelo...,https://dailynews.gov.bw/news-detail/88660,dikgang,Botswana DailyNews
14 Oct 2025,Dikgwebo potlana di thusa go aga itsholelo ya Selebi,Mothusa mokwaledi wa khansele ya toropo ya Selebi Phikwe Rre Scotch Matsaunyana...,https://dailynews.gov.bw/news-detail/88667,dikgang,Botswana DailyNews
14 Oct 2025,Double rape convict sentencing Wednesday,Chief Magistrate Rebecca Motsamai of Lobatse Magistrate Court will on October 15...,https://dailynews.gov.bw/news-detail/88668,crime,Botswana DailyNews
14 Oct 2025,Kgosi Tshipe o bolotsa letsema,"Motshwarelela kgosi yo mogolwane wa Mahalapye, Kgosi Tshipe Tshipe o boloditse letsema...",https://dailynews.gov.bw/news-detail/88662,dikgang,Botswana DailyNews
14 Oct 2025,Kike festival highlights Ntlhantlhe history,The forefathers of Balete and Bangwaketse have established a foundation of a...,https://dailynews.gov.bw/news-detail/88659,art-culture,Botswana DailyNews
14 Oct 2025,Kookilwe vows to rebrand Molepolole image,"Miss Tourism World finalist, Girly Kookilwe has vowed to use her beauty...",https://dailynews.gov.bw/news-detail/88657,art-culture,Botswana DailyNews
14 Oct 2025,Lebone La Tsosoloso serves as blueprint,Member of Parliament for Good Hope/ Mmathethe Dr Edwin Dikoloti has implored...,https://dailynews.gov.bw/news-detail/88658,art-culture,Botswana DailyNews
14 Oct 2025,Voters demand concrete transformation from winner,"Kgalagadi South is gearing for a by-election, but voter sentiment across the...",https://dailynews.gov.bw/news-detail/88671,politics,Botswana DailyNews
14 Sep 2026,BRICS opens up new possibilities for more dynamic Global,"When the BRICS cooperation mechanism was formally launched in 2006, it opened...",https://dailynews.gov.bw/news-detail/93238,general,Botswana DailyNews
14 Sep 2026,BTC funds six community projects,"The Botswana Telecommunications Corporation’s (BTC), on September 11 donated P600,000 to be...",https://dailynews.gov.bw/news-detail/93236,general,Botswana DailyNews
14 Sep 2026,ConCourt to level justice playing field,Panellists discussing the Constitutional Court in Kgatleng Central on Thursday agreed about...,https://dailynews.gov.bw/news-detail/93248,general,Botswana DailyNews
14 Sep 2026,Factual reporting boosts investor confidence,"Factual and principled journalism, when reporting on the country’s economic story, is...",https://dailynews.gov.bw/news-detail/93256,general,Botswana DailyNews
14 Sep 2026,Mapanzure solar park takes shape,Zimbabwe's US$100 million Mapanzure Solar Park in Zvishavane is taking shape as...,https://dailynews.gov.bw/news-detail/93237,general,Botswana DailyNews
14 Sep 2026,Motshegwa calls for results-driven solutions,"Africa must focus on implementation, execution and results in addressing the health...",https://dailynews.gov.bw/news-detail/93252,general,Botswana DailyNews
14 Sep 2026,Primary health care reforms empower communities,Botswana’s reconfiguration of primary health care under the Ministry of Local Government...,https://dailynews.gov.bw/news-detail/93247,general,Botswana DailyNews
14 Sep 2026,Puso ga e tlhome Kgosi,"Go tlhongwa ga Kgosi mo motseng, ke boikarabelo jwa ba ntlo ya...",https://dailynews.gov.bw/news-detail/93240,dikgang,Botswana DailyNews
14 Sep 2026,Turn knowledge into enterprise - Boko,Government is committed to creating opportunities and opening doors for citizens by...,https://dailynews.gov.bw/news-detail/93255,general,Botswana DailyNews
14 Sep 2026,Twantsho Tshenyetso Setshaba e Tlhoka boeteledipele,Baeteledipele ba na le boikarabelo jo bo tona jwa go netefatsa gore...,https://dailynews.gov.bw/news-detail/93241,dikgang,Botswana DailyNews
15 Apr 2025,Government defers Kokong road,Construction of the 20 kilometres Kokong access road from the A2 junction...,https://dailynews.gov.bw/news-detail/85864,development,Botswana DailyNews
15 Apr 2025,Letlhakane artiste Smarh gets bail,"Gibson Matlakala, popularly known as Smarh in the music circles, was yesterday...",https://dailynews.gov.bw/news-detail/85850,crime,Botswana DailyNews
15 Apr 2025,Letâ€™s put aside political differences,Political differences must not cloud the contributions of leaders in the formation...,https://dailynews.gov.bw/news-detail/85872,politics,Botswana DailyNews
15 Apr 2025,Residents welcome restoration of land ownership,Residents of Kgagodi are filled with excitement following the restoration of a...,https://dailynews.gov.bw/news-detail/85873,politics,Botswana DailyNews
15 Apr 2025,Tonota police charge pedestrian for road traffic violation,A pedestrian was fined P100 for failure to walk on the side...,https://dailynews.gov.bw/news-detail/85849,crime,Botswana DailyNews
15 Apr 2025,Wilderness Safaris builds classrooms for Eretsha school,Okavango Wilderness Safaris (OWS) has handed over two classroom blocks constructed at...,https://dailynews.gov.bw/news-detail/85865,development,Botswana DailyNews
15 Apr 2026,Abolishment of bank cheques disrupts govt vehicle auctions,Minister of Transport and Infrastructure has acknowledged that the abolishment of bank-guaranteed...,https://dailynews.gov.bw/news-detail/91011,parliament,Botswana DailyNews
15 Apr 2026,All 17 foreign sport coaches fully qualified - Kelebeng,There are set minimum requirements to coach at national team level and...,https://dailynews.gov.bw/news-detail/91008,parliament,Botswana DailyNews
15 Apr 2026,Court Postpones Tati Town Robbery Case To April 21,The Tatitown Post Office robbery case has been postponed to April 21...,https://dailynews.gov.bw/news-detail/91006,crime,Botswana DailyNews
15 Apr 2026,Deeds Registry amendment to tackle land registration backlog,Batswana are a step closer to transforming their land into liquid capital...,https://dailynews.gov.bw/news-detail/91012,parliament,Botswana DailyNews
15 Apr 2026,Gen Z ready to make a mark,Stories abound from many adults who speak of a childhood defined by...,https://dailynews.gov.bw/news-detail/91017,art-culture,Botswana DailyNews
15 Apr 2026,Govt commits to increasing student allowances,The Ministry of Higher Education is still committed to increasing student’s living...,https://dailynews.gov.bw/news-detail/91014,parliament,Botswana DailyNews
15 Apr 2026,National Youth Policy presents glimmer of hope,The revised National Youth Policy 2026 marks a pivotal moment in government’s...,https://dailynews.gov.bw/news-detail/91013,parliament,Botswana DailyNews
15 Apr 2026,Nightlife industry halts petition over liquor hours,"Nightclub and bar owners, led by Gilbert Seagile, have put on hold...",https://dailynews.gov.bw/news-detail/91007,art-culture,Botswana DailyNews
15 Apr 2026,Presidency houses Wealth Fund to leverage convening power,The decision to house the new Botswana Sovereign Wealth Fund (BSWF) under...,https://dailynews.gov.bw/news-detail/91009,parliament,Botswana DailyNews
15 Apr 2026,Tlhanolo ya Baebele ya Setswapong e simolotse go dirwa,Lekgotla Bible Society of Botswana le tsweletse ka maiteko a go ranolela...,https://dailynews.gov.bw/news-detail/91020,dikgang,Botswana DailyNews
15 Apr 2026,Various factors delay Mmokolodi Road project completion,Parliament has been informed that construction of the Mmokolodi Kgotla access road...,https://dailynews.gov.bw/news-detail/91010,parliament,Botswana DailyNews
15 Aug 2024,"NTSUAPE GETS TWO LIFE SENTENCES, 60 YEARS JAIL TERM",Justice Barnabas Nyamadzabo of the Gaborone High Court has on August 15...,https://dailynews.gov.bw/news-detail/81145,crime,Botswana DailyNews
15 Aug 2026,Eco-conservation at both ends of the Yellow River,"The Yellow River, known as the mother river of the Chinese nation,...",https://dailynews.gov.bw/news-detail/92741,general,Botswana DailyNews
15 Aug 2026,Pursuing the Larger Interests of All Countries,"""On the path to modernization, no one, and no country, should be...",https://dailynews.gov.bw/news-detail/92743,general,Botswana DailyNews
15 Aug 2026,Xi Focus: Charting a green path to development,"China's landmark Ecological and Environmental Code, which for the first time enshrines...",https://dailynews.gov.bw/news-detail/92742,general,Botswana DailyNews
15 Dec 2014,Kudos to stakeholders for developing Palapye,"Palapye sub-council chairperson, Mr Lesedi Phuthego, has commended stakeholders for partnering with...",https://dailynews.gov.bw/news-detail/16539,development,Botswana DailyNews
15 Dec 2024,Botswana and Germany look to for tangible outcomes,The already firm bilateral relationship between Botswana and the Federal Republic of...,https://dailynews.gov.bw/news-detail/83703,politics,Botswana DailyNews
15 Dec 2024,Botswana proud to host SADC,"The location of the SADC headquarters in Gaborone, and a plot for...",https://dailynews.gov.bw/news-detail/83724,politics,Botswana DailyNews
15 Dec 2024,SADC Standby Force depot construction commences,Construction of the Southern African Development Cooperation (SADC) Standby Force Regional Logistics...,https://dailynews.gov.bw/news-detail/83725,politics,Botswana DailyNews
15 Dec 2025,Gata Lenna music album out,"Thirty-year-old rapper, Mr King, born Mompoloki Mogorosi, has released his second studio...",https://dailynews.gov.bw/news-detail/89384,art-culture,Botswana DailyNews
15 Dec 2025,Legislators approve health loan bill,Parliament has voted in favour of the approximately P584 million loan for...,https://dailynews.gov.bw/news-detail/89395,parliament,Botswana DailyNews
15 Dec 2025,Vee Expands Empire With VEETRO\'S,"In one of his many hit songs, No Suffer, featuring King David,...",https://dailynews.gov.bw/news-detail/89383,art-culture,Botswana DailyNews
15 Jan 2025,Moyo appeals death sentence,"Death row inmate, Passmore Moyo, who was convicted for killing his girlfriend...",https://dailynews.gov.bw/news-detail/84013,crime,Botswana DailyNews
15 Jan 2025,Rising stock theft plagues Kanye,"Stock theft continues to escalate in Kanye and surrounding villages, with the...",https://dailynews.gov.bw/news-detail/84011,crime,Botswana DailyNews
15 Jan 2025,"Visit bolsters Botswana, UK partnership",Botswana and the United Kingdom (UK) agree that fostering ties is essential...,https://dailynews.gov.bw/news-detail/84015,politics,Botswana DailyNews
15 Jan 2025,\'UK democratic governance exemplaryâ€™,President Advocate Duma Boko has expressed admiration for the United Kingdom's democratic...,https://dailynews.gov.bw/news-detail/84014,politics,Botswana DailyNews
15 Jan 2026,Excitement As Vision For Road Construction Comes To Light,Residents of Motlhabaneng have been assured that government has committed to construct...,https://dailynews.gov.bw/news-detail/89605,development,Botswana DailyNews
15 Jan 2026,Mahalapye Bophirima E Tlaa Dira Ditsela Dile Tlhano,Kgaolo ya Mahalapye Bophirima e tlaa dira ditsela dile tlhano ka madi...,https://dailynews.gov.bw/news-detail/89603,dikgang,Botswana DailyNews
15 Jan 2026,Puso e araba kopo ya banni,"Ditsela tse banni ba Gambule, Gungwe le Letsholathebe kwa kgaolong ya Tati...",https://dailynews.gov.bw/news-detail/89604,dikgang,Botswana DailyNews
15 Jul 2014,Maun fire station to start operations,The multi-million Maun fire station will soon operate because North West District...,https://dailynews.gov.bw/news-detail/12931,development,Botswana DailyNews
15 Jul 2025,Court denies mother and daughter bail,Francistown Magistrates Court has extended remand of the mother and daughter duo...,https://dailynews.gov.bw/news-detail/87538,crime,Botswana DailyNews
15 Jul 2025,Govt unveils plan to reshape economy,Botswana Economic Transformation Programme is poised to change the national economy from...,https://dailynews.gov.bw/news-detail/87558,politics,Botswana DailyNews
15 Jul 2025,President Boko undertakes working visit to Lesotho,‎President Advocate Duma Boko left today for a three-day working visit to...,https://dailynews.gov.bw/news-detail/87534,politics,Botswana DailyNews
15 Jul 2026,Attempted Murder accused released on Bail,Thirty-nine-year-old Otse woman (Galaletsang Ntwaagae) accused of attempted murder of her baby...,https://dailynews.gov.bw/news-detail/92249,crime,Botswana DailyNews
15 Jul 2026,Commission receives over 200 cases,The Public Service Commission (PSC) has received and registered a total of...,https://dailynews.gov.bw/news-detail/92258,parliament,Botswana DailyNews
15 Jul 2026,Concession Areas Designation Under Wildlife Policy,Concession areas in Botswana were officially designated in 1989 under the Wildlife...,https://dailynews.gov.bw/news-detail/92256,parliament,Botswana DailyNews
15 Jul 2026,Kgosi O Lebogela Setshaba Go Ithaopa,Kgosi Lotlaamoreng II wa Barolong o akgotse morafe go ithaopa go thusa...,https://dailynews.gov.bw/news-detail/92262,dikgang,Botswana DailyNews
15 Jul 2026,Moswaane o kopa banni go somarela Phane,Banni ba kgaolo ya Tswapong ba kopilwe go somarela phane gore ba...,https://dailynews.gov.bw/news-detail/92261,dikgang,Botswana DailyNews
15 Jul 2026,Namibian Royals To Grace Otjiserandu Celebration,The Ovaherero from different parts of Botswana and Namibia convene in the...,https://dailynews.gov.bw/news-detail/92248,art-culture,Botswana DailyNews
15 Jul 2026,Proposals To Establish Specialised Land Court At An Advanced,"This was said by Minister of Justice and Correctional Services, Mr Nelson...",https://dailynews.gov.bw/news-detail/92255,parliament,Botswana DailyNews
15 Jul 2026,Wage Bill Limits Creation Of New Posts,Government’s policy to contain the public service wage bill limits the creation...,https://dailynews.gov.bw/news-detail/92257,parliament,Botswana DailyNews
15 Jun 2014,Delay in completing SHHA projects worry BHC,"Deputy chief executive officer (operations) of the Botswana Housing Corporation (BHC), Mr...",https://dailynews.gov.bw/news-detail/12056,development,Botswana DailyNews
15 Jun 2014,Ipelegeng helps develop Tonota,Ipelegeng programme provides relief while at the same time carriying out essential...,https://dailynews.gov.bw/news-detail/12057,development,Botswana DailyNews
15 Jun 2014,Mmadinare police station project on halt,The project to establish a police station in Mmadinare has been halted...,https://dailynews.gov.bw/news-detail/12047,development,Botswana DailyNews
15 Jun 2014,Youth unemployment battle for all,The issue of youth unemployment needs to be elevated to every sector...,https://dailynews.gov.bw/news-detail/12061,development,Botswana DailyNews
15 Jun 2015,Molefhi visits SPEDU projects,"The Minster of Infrastructure Science and Technology, Mr Nonofho Molefhi, recently toured...",https://dailynews.gov.bw/news-detail/20798,development,Botswana DailyNews
15 Jun 2025,Kgosi Puso clarifies essence of Bogosi Act review consultations,The essence of consulting on the review of the Bogosi Act is...,https://dailynews.gov.bw/news-detail/86986,politics,Botswana DailyNews
15 Jun 2026,Boko Hails Govt and Rothschild Foundation Partnership,President Advocate Duma Boko has hailed governments two-decade partnership with the Robert...,https://dailynews.gov.bw/news-detail/91860,politics,Botswana DailyNews
15 Jun 2026,Court dismisses counterfeit P50 notes case,Chief Magistrate Rebecca Motsamai of Lobatse Magistrates Court has dismissed the case...,https://dailynews.gov.bw/news-detail/91878,crime,Botswana DailyNews
15 Jun 2026,Duo returns to court for bail reapplication,Two women accused of murdering a Molepolole man through alleged poisoning are...,https://dailynews.gov.bw/news-detail/91849,crime,Botswana DailyNews
15 Jun 2026,Free and fair elections bedrock of SADC stability,President Advocate Duma Boko has underscored the critical role of free and...,https://dailynews.gov.bw/news-detail/91861,politics,Botswana DailyNews
15 Jun 2026,Okavango is Calling expands into cross-border showcase,What began as a celebration of the rich heritage of the Okavango...,https://dailynews.gov.bw/news-detail/91848,art-culture,Botswana DailyNews
15 Jun 2026,Poetavango and The Impact Fund heritage grant recipients,"Poetavango and The Impact Fund, have been awarded funding by the Africa-Europe...",https://dailynews.gov.bw/news-detail/91847,art-culture,Botswana DailyNews
15 May 2014,Programme transforms lives,About 8 721 Batswana have so far benefitted from the Poverty Eradication...,https://dailynews.gov.bw/news-detail/11377,development,Botswana DailyNews
15 May 2014,Village to have reading room,A reading room will be built at Marapong Primary School in the...,https://dailynews.gov.bw/news-detail/11366,development,Botswana DailyNews
15 May 2025,Road project to create employment,The construction of a 26 kilometre road by Jindal Energy Botswana represents...,https://dailynews.gov.bw/news-detail/86365,development,Botswana DailyNews
15 May 2026,Mogae Principled Leader -Chissano,Former President Dr Festus Mogae's footprint as a statesman was felt across...,https://dailynews.gov.bw/news-detail/91413,politics,Botswana DailyNews
15 May 2026,Mogae granddaughter Pours Emotional Tribute,"Family members and close associates paid emotional tributes to late former president,...",https://dailynews.gov.bw/news-detail/91412,politics,Botswana DailyNews
15 Oct 2014,Mokaila commissions Mmamashia-Kanye water line project,"The North-South Water Carrier project contractor, BSZ Joint Venture, has been warned...",https://dailynews.gov.bw/news-detail/15132,development,Botswana DailyNews
15 Oct 2014,Residents decry unfulfilled promises,Residents of Mathangwane have complained that it has been years since they...,https://dailynews.gov.bw/news-detail/15144,development,Botswana DailyNews
15 Oct 2023,"BRI paves way for peaceful development, common prosperity",During the past 10 years since the Belt and Road Initiative (BRI)...,https://dailynews.gov.bw/news-detail/75721,development,Botswana DailyNews
15 Oct 2023,"Environment, ecology along Belt and Road improved, not harmed","Over the past decade, solid achievements have been accomplished in promoting green...",https://dailynews.gov.bw/news-detail/75719,development,Botswana DailyNews
15 Oct 2023,Providing safe drinking water for BRI partners,"""May the Triple Gem bless you."" In April this year, Wei Yuansong,...",https://dailynews.gov.bw/news-detail/75726,development,Botswana DailyNews
15 Oct 2024,Advanced poll Saturday,Advanced poll for poll staff and police officers deployed to places they...,https://dailynews.gov.bw/news-detail/82296,elections,Botswana DailyNews
15 Oct 2024,BDP targets all 61 constituencies,President Dr Mokgweetsi Masisi has urged the Botswana Democratic Party (BDP) members...,https://dailynews.gov.bw/news-detail/82290,elections,Botswana DailyNews
15 Oct 2024,Masisi calls for united front ahead of elections,President Dr Mokgweetsi Masisi has called on residents of Palapye to vote...,https://dailynews.gov.bw/news-detail/82291,elections,Botswana DailyNews
15 Oct 2024,Phase II judgement set for November,"Senior magistrate, Kamogelo Mmesi of Extension II Magistrate Court will on November...",https://dailynews.gov.bw/news-detail/82275,crime,Botswana DailyNews
15 Oct 2024,VP endorses Motaosane for Thamaga/Kumakwane,"Vice President and Botswana Democratic Party (BDP) chairperson, Mr Slumber Tsogwane has...",https://dailynews.gov.bw/news-detail/82292,elections,Botswana DailyNews
15 Oct 2024,Vote for Hendricks - Reatile,The leader of Botswana Patriotic Front (BPF) Mr Mephato Reatile has criticised...,https://dailynews.gov.bw/news-detail/82293,elections,Botswana DailyNews
15 Oct 2025,Bomaipaafela ba laetswe go fuduga,"Modulasetilo wa lekgotla la kabo ditsha la Mmadinare, Mme Ruth Dipholo o...",https://dailynews.gov.bw/news-detail/88689,dikgang,Botswana DailyNews
15 Oct 2025,Schools arts competition platform for emerging talent,Funding remains a magic spell in growing the arts fraternity and grooming...,https://dailynews.gov.bw/news-detail/88684,art-culture,Botswana DailyNews
15 Oct 2025,Sekole se itumelela katlego ya ga Shatho,Sekole se se botlana sa Magapatona kwa Tutume se ipeletse phenyo ya...,https://dailynews.gov.bw/news-detail/88688,dikgang,Botswana DailyNews
15 Sep 2014,Bridge closes gap,The construction of the Kazungula Bridge and two others at Ramotswa and...,https://dailynews.gov.bw/news-detail/14524,development,Botswana DailyNews
15 Sep 2019,Govt secures funds for Moshupa/Manyana road,"The Assistant Minister of Investment, Trade and Industry, Mr Karabo Gare says...",https://dailynews.gov.bw/news-detail/51808,development,Botswana DailyNews
15 Sep 2024,BOTASH invests P75m in community dev.,"In 2020, BOTASH adopted the Towards Sustainable Mining (TSM) initiative, a globally...",https://dailynews.gov.bw/news-detail/81761,development,Botswana DailyNews
15 Sep 2024,Botswana emerges key player in mining sector,"The mining and energy industry is experiencing a global renaissance, with Botswana...",https://dailynews.gov.bw/news-detail/81754,development,Botswana DailyNews
15 Sep 2024,Debswana meets P20 billion target,As a move to drive citizen empowerment Debswana came up with a...,https://dailynews.gov.bw/news-detail/81764,development,Botswana DailyNews
15 Sep 2024,Lerala Diamond Mine revives hope,It is expected that Lerala Diamond Mine will start production April next...,https://dailynews.gov.bw/news-detail/81758,development,Botswana DailyNews
15 Sep 2024,Lucara rare find,Lucara Botswana is a 100 per cent owned subsidiary of Lucara Diamond...,https://dailynews.gov.bw/news-detail/81762,development,Botswana DailyNews
15 Sep 2024,Manyana poised to reap from sand mining,Illegal sand mining and its negative outcomes have for years been a...,https://dailynews.gov.bw/news-detail/81763,development,Botswana DailyNews
15 Sep 2024,Zutshwa Salt Mine grows in leaps and bounds,"Located at Zutshwa settlement in the Kgalagadi North District, Zutshwa Salt Mine...",https://dailynews.gov.bw/news-detail/81760,development,Botswana DailyNews
15 Sep 2026,ARV defaultors worrisome,A total of 444 patients receiving antiretroviral (ARV) treatment in Selebi Phikwe...,https://dailynews.gov.bw/news-detail/93275,general,Botswana DailyNews
15 Sep 2026,Diamonds Fund target economic growth,"President Advocate Duma Boko (right) and Diamonds for Development Fund board chairperson,...",https://dailynews.gov.bw/news-detail/93278,general,Botswana DailyNews
15 Sep 2026,Go tlhomiwa Kgosi ke boikarabelo jo bo kwa godimo,Kgosi Puso wa Batlokwa a re go tlhomiwa go nna Kgosi ke...,https://dailynews.gov.bw/news-detail/93273,dikgang,Botswana DailyNews
15 Sep 2026,Govt settles new police station naming dispute,Following a dispute between Marapong and Semitwe villages over naming of a...,https://dailynews.gov.bw/news-detail/93267,general,Botswana DailyNews
15 Sep 2026,Irrigation project promotes water-smart farming,In the face of growing water scarcity and the need for more...,https://dailynews.gov.bw/news-detail/93265,general,Botswana DailyNews
15 Sep 2026,Kgosi Khama hails Mule Foundation,Kgosi Khama IV of GaMmangwato has applauded Mule Foundation for its dedication...,https://dailynews.gov.bw/news-detail/93264,general,Botswana DailyNews
15 Sep 2026,MVA Fund calls for action to prevent road accidents,Motor Vehicle Accident Fund (MVA Fund) has called on road users to...,https://dailynews.gov.bw/news-detail/93279,general,Botswana DailyNews
15 Sep 2026,Mokgware urges schools to revive scout movement,Scout movement has been hailed as a good distraction for adolescents. Minister...,https://dailynews.gov.bw/news-detail/93263,general,Botswana DailyNews
15 Sep 2026,Zimbabwe\'s COMESA Chairmanship: Can Regional Markets Turn Farms Into,"On Zimbabwe's eastern highlands, blueberries, macadamia nuts, citrus and other high-value horticultural...",https://dailynews.gov.bw/news-detail/93262,general,Botswana DailyNews
16 Apr 2015,Bus rank delays displease minister,Delays in the completion of the P115 million Molepolole bus rank project...,https://dailynews.gov.bw/news-detail/19507,development,Botswana DailyNews
16 Apr 2025,Authorities urge government to act on Basarwa plight,Local district authorities have urged government to act decisively on the plight...,https://dailynews.gov.bw/news-detail/85893,politics,Botswana DailyNews
16 Apr 2025,Court denies triple murder accused bail,"The Kgomokasitwa triple murder accused, Moagi Mokomeng was yesterday denied bail by...",https://dailynews.gov.bw/news-detail/85887,crime,Botswana DailyNews
16 Apr 2025,Government to equip police with advanced technology - Boko,"Government will soon equip the police with advanced technology, including drones aimed...",https://dailynews.gov.bw/news-detail/85903,politics,Botswana DailyNews
16 Apr 2025,PNR to open mines and promises job creation,"Premium Nickel Resources (PNR), a Canadian firm that acquired both Selebi and...",https://dailynews.gov.bw/news-detail/85905,politics,Botswana DailyNews
16 Apr 2025,Residents call for end to injustice,The community of Kaudwane has called for the end of injustice they...,https://dailynews.gov.bw/news-detail/85895,politics,Botswana DailyNews
16 Apr 2025,TVET allowance increases,"Living allowances for Technical and Vocational Education Training (TVET) students, will be...",https://dailynews.gov.bw/news-detail/85904,politics,Botswana DailyNews
16 Apr 2026,Bomme ba kopilwe go dira mekgatlho,"Mothusa tona wa boatlhodi le kago sesha ya magolegwa, Rre Augustine Nyatanga,...",https://dailynews.gov.bw/news-detail/91042,dikgang,Botswana DailyNews
16 Apr 2026,Death row cell: Where dawn is memory and grave,A heavily guarded metal door swings open. Entrance is restricted and monitored...,https://dailynews.gov.bw/news-detail/91028,crime,Botswana DailyNews
16 Apr 2026,Dikgomo Dingwe Di Fitlhetswe Ka Dikai Tse Dikgologolo Tsa,Dikgomo dingwe di supile dikai tse dikgologolo tsa bolwetse jwa Tlhako le...,https://dailynews.gov.bw/news-detail/91023,dikgang,Botswana DailyNews
16 Apr 2026,Go latlha ngwao ga se tlhabologo,"Le mororo Batswana bangwe ba ikamantse thata le sesha le tlhabologo, bangwe...",https://dailynews.gov.bw/news-detail/91041,dikgang,Botswana DailyNews
16 Apr 2026,Govt incurs P19.5m in salary overpayment,Government has incurred P19.5 million in public officers’ salary overpayment leakages by...,https://dailynews.gov.bw/news-detail/91034,parliament,Botswana DailyNews
16 Apr 2026,Marekisetso a nama a tswetswe,Bontsi jwa marekisetso a nama kwa Tsabong a tswetse morago ga gore...,https://dailynews.gov.bw/news-detail/91043,dikgang,Botswana DailyNews
16 Apr 2026,Ministry monitors threatened plants and expands oral history drive,"Minister of Environment and Tourism, Mr Wynter Mmolotsi, has informed Parliament that...",https://dailynews.gov.bw/news-detail/91033,parliament,Botswana DailyNews
16 Apr 2026,Ministry permits Chibuku sale under all eight liquor licenses,Parliament has been informed that sale of Chibuku is permitted under each...,https://dailynews.gov.bw/news-detail/91029,parliament,Botswana DailyNews
16 Apr 2026,Mogobye rising hip-hop voice,"From Boswelakoko Ward in Molepolole, Joel Mogobye, popularly known in the music...",https://dailynews.gov.bw/news-detail/91045,art-culture,Botswana DailyNews
16 Apr 2026,Molepolole International Book Festival nigh,"Award winning storyteller and writer, Lebogang Mogotsi is organising the first Molepolole...",https://dailynews.gov.bw/news-detail/91046,art-culture,Botswana DailyNews
16 Apr 2026,No company appointed for forensic audit on CEDA,No company was ever appointed to undertake a forensic audit on Citizen...,https://dailynews.gov.bw/news-detail/91030,parliament,Botswana DailyNews
16 Apr 2026,Revised youth policy gets green light,Parliament has adopted the National Youth Policy 2026-2036 and its Implementation Plan....,https://dailynews.gov.bw/news-detail/91032,parliament,Botswana DailyNews
16 Aug 2025,Botswana artist wins top Africa award,"Botswana artist, Naledi Maifala has won the 2025 ANNA Award, one of...",https://dailynews.gov.bw/news-detail/88128,art-culture,Botswana DailyNews
16 Aug 2025,Matobo community celebrate culture,The community of Matobo in Nkange constituency celebrated their culture today with...,https://dailynews.gov.bw/news-detail/88132,art-culture,Botswana DailyNews
16 Dec 2015,Backlog eradication projects progress well,"Kgatleng District Council chairperson, Mr Mpho Morolong, says phase one of primary...",https://dailynews.gov.bw/news-detail/25294,development,Botswana DailyNews
16 Dec 2021,Council by elections billed for tomorrow,"A total of 23 237 Batswana, who registered for the 2019 general...",https://dailynews.gov.bw/news-detail/64778,elections,Botswana DailyNews
16 Dec 2025,Bill seeks to breathe life into health sector,The International Bank for Reconstruction and Development (IBRD) amounting to approximately P582...,https://dailynews.gov.bw/news-detail/89408,parliament,Botswana DailyNews
16 Dec 2025,Botswana Considers Citizenship by Investment,The government has brought before Parliament a bill to introduce citizenship by...,https://dailynews.gov.bw/news-detail/89420,parliament,Botswana DailyNews
16 Dec 2025,Gaborone Station upgrade,The upgrade of Gaborone Bus and Taxi terminal is essential for urban...,https://dailynews.gov.bw/news-detail/89404,parliament,Botswana DailyNews
16 Dec 2025,Go mpampetsa ga se gone-Sepodisi,Go kwadisitswe melato e le masome a mararo le botlhano ya bogodu...,https://dailynews.gov.bw/news-detail/89409,dikgang,Botswana DailyNews
16 Dec 2025,Government Commit To Comprehensive Strategy to Upgrade Schools,"The Minister of Child Welfare and Basic Education, Ms Nono Kgafela-Mokoka, says...",https://dailynews.gov.bw/news-detail/89421,parliament,Botswana DailyNews
16 Dec 2025,Lands and Agriculture Ministry Needs 39 Physical Planners,The Ministry of Lands and Agriculture is working on rationalising some of...,https://dailynews.gov.bw/news-detail/89422,parliament,Botswana DailyNews
16 Dec 2025,Lodubeng Village Park To Host a Picnic This Festive,Lodubeng Village Park in Kanye is gearing up to host a family...,https://dailynews.gov.bw/news-detail/89418,art-culture,Botswana DailyNews
16 Dec 2025,Mmamashia-Modipane Road maintenance starts January,The Ministry of Transport and Infrastructure has planned for the maintenance of...,https://dailynews.gov.bw/news-detail/89407,parliament,Botswana DailyNews
16 Dec 2025,Modulasetilo o kopa bagwebi go tshwaragana,"Modulasetilo wa khansele ya Tutume,Rre Tabona Masole o kopile bagwebi ba kgaolo...",https://dailynews.gov.bw/news-detail/89410,dikgang,Botswana DailyNews
16 Dec 2025,Ntwa kgatlhanong le HIV/AIDS e tsweletse,Molomaganya ditiro wa mananeo a HIV/AIDS mo toropong ya Lobatse Rre Letlhogela...,https://dailynews.gov.bw/news-detail/89411,dikgang,Botswana DailyNews
16 Dec 2025,Parliament defers motion on MPs tenure,The National Assembly on Friday decided to defer a motion by Maun...,https://dailynews.gov.bw/news-detail/89405,parliament,Botswana DailyNews
16 Dec 2025,Second water debt amnesty campaign opens,"Water Utilities Corporation (WUC) customers have until February 28, 2026 to settle...",https://dailynews.gov.bw/news-detail/89406,parliament,Botswana DailyNews
16 Feb 2025,Botswana epitome of democracy,President Advocate Duma Boko at SADC extraordinary summit in Zimbabwe recently. He...,https://dailynews.gov.bw/news-detail/84637,politics,Botswana DailyNews
16 Feb 2026,Bayani creates safe space for teens with WhatsApp initiative,Boniswa Bayani is an educator with over a decade of experience working...,https://dailynews.gov.bw/news-detail/90023,art-culture,Botswana DailyNews
16 Feb 2026,Botswana Oil Limited strategic intervention in petroleum industry challenges,Parliament has heard that the establishment of Botswana Oil Limited (BOL) in...,https://dailynews.gov.bw/news-detail/90045,parliament,Botswana DailyNews
16 Feb 2026,Company to revitalise mining sector,"An analysis of Botswana’s current and long-term economic performance shows that, despite...",https://dailynews.gov.bw/news-detail/90048,parliament,Botswana DailyNews
16 Feb 2026,Dikereke di tshwanetse go dirisana mmogo,"Le fa dikereke di farologana ka tsamaiso, di tshwanetse go bereka le...",https://dailynews.gov.bw/news-detail/90036,dikgang,Botswana DailyNews
16 Feb 2026,Gamodubu mother admits to assaulting teenage daughter,A 46-year-old woman from Gamodubu has admitted before the Molepolole Magistrates’ Court...,https://dailynews.gov.bw/news-detail/90017,crime,Botswana DailyNews
16 Feb 2026,"Italy\'s Brignone wins women\'s giant slalom gold, completes Olympic",Italy's veteran alpine skier Federica Brignone thrilled home fans by claiming her...,https://dailynews.gov.bw/news-detail/90024,politics,Botswana DailyNews
16 Feb 2026,Lucas proposes increased funds for FMD fight,"Bobirwa MP, Mr Taolo Lucas, has implored government to channel more resources...",https://dailynews.gov.bw/news-detail/90047,parliament,Botswana DailyNews
16 Feb 2026,Mambo o ipelela maduo a mantle a lokwalo la,Ba sekole se se botlana sa motse wa Mambo kwa kgaolong ya...,https://dailynews.gov.bw/news-detail/90034,dikgang,Botswana DailyNews
16 Feb 2026,No need to change land policy for 18-year-olds,"There is no need to review current land policies, as 18-year-old citizens...",https://dailynews.gov.bw/news-detail/90043,parliament,Botswana DailyNews
16 Feb 2026,Okavango river crocodile population low,"Minister of Environment and Tourism, Mr Wynter Mmolotsi, has apprised Parliament that...",https://dailynews.gov.bw/news-detail/90046,parliament,Botswana DailyNews
16 Feb 2026,Pilane project requires 417 000 litres of water daily,The 200 new Botswana Housing Corporation (BHC) units currently under construction in...,https://dailynews.gov.bw/news-detail/90044,parliament,Botswana DailyNews
16 Feb 2026,Seemo sa sekole sa Ngambao se tlhoka go potlakelwa,"Mothusa tona wa lephata la dikgaolo le tsa Ngwao, Rre Ignatius Moswaane,...",https://dailynews.gov.bw/news-detail/90035,dikgang,Botswana DailyNews
16 Jan 2025,"Botswana, Guinea-Bissau poised for relations",The smooth political transitions which took place in Botswana to usher in...,https://dailynews.gov.bw/news-detail/84044,politics,Botswana DailyNews
16 Jan 2025,Brazen vandalism rocks Tomela Council Chamber,The Tomela Council Chamber in Kanye recently became the target of...,https://dailynews.gov.bw/news-detail/84037,crime,Botswana DailyNews
16 Jan 2025,Countries explore more cooperation,Although Botswana and Guinea-Bissau have enjoyed good bilateral relations over the past...,https://dailynews.gov.bw/news-detail/84026,politics,Botswana DailyNews
16 Jan 2025,Guinea-Bissau looks to Botswana for mineral dev.,Guinea Bissau is set to benefit from Botswana’s expertise and support in...,https://dailynews.gov.bw/news-detail/84042,politics,Botswana DailyNews
16 Jan 2025,Lord Collins lauds Botswanaâ€™s democracy,The peaceful power transition in Botswana has been hailed as a testament...,https://dailynews.gov.bw/news-detail/84027,politics,Botswana DailyNews
16 Jan 2025,Odinga canvasses for support,"Africa requires a visionary and transformative leadership, Kenya’s former Prime Minister, Mr...",https://dailynews.gov.bw/news-detail/84043,politics,Botswana DailyNews
16 Jan 2025,Odinga seeks Botswana support,"Former Prime Minister of Kenya, Mr Raila Odinga this morning paid President...",https://dailynews.gov.bw/news-detail/84019,politics,Botswana DailyNews
16 Jan 2025,Robber dies in police shootout,Police have shot dead a 35-year-old suspected robber and are looking for...,https://dailynews.gov.bw/news-detail/84025,crime,Botswana DailyNews
16 Jan 2025,Train collides with truck,Multitudes of Lobatse residents thronged a level crossing near Lobatse State Prison...,https://dailynews.gov.bw/news-detail/84034,crime,Botswana DailyNews
16 Jan 2026,Kearoma Rantao releases GBV single Keledi Marameng,Jazz sensation Kearoma Rantao has released a stirring single aimed at raising...,https://dailynews.gov.bw/news-detail/89613,art-culture,Botswana DailyNews
16 Jan 2026,Mophato prepares for camping,The registration for GaNgwaketse mophato initiation exercise will start in March. The...,https://dailynews.gov.bw/news-detail/89612,art-culture,Botswana DailyNews
16 Jul 2024,Suspects crash stolen vehicle,Tati Town police are appealing to the community to assist with information...,https://dailynews.gov.bw/news-detail/80585,crime,Botswana DailyNews
16 Jul 2025,AfCFTA platform for AFRICAT to expand market,"‎ Africa holds immense potential for industrialisation and economic revitalisation, says President...",https://dailynews.gov.bw/news-detail/87563,politics,Botswana DailyNews
16 Jul 2025,Botswana And Lesotho Sign Agreement,Botswana and Lesotho have agreed to revitalise their bilateral cooperation by signing...,https://dailynews.gov.bw/news-detail/87588,politics,Botswana DailyNews
16 Jul 2025,Countries Enjoy Symbiotic Relations,Botswana and Lesotho are proud of their affinities that have nurtured the...,https://dailynews.gov.bw/news-detail/87592,politics,Botswana DailyNews
16 Jul 2025,Court denies the duo bail,Francistown magistrate court has extended remand of the mother and daughter duo...,https://dailynews.gov.bw/news-detail/87570,crime,Botswana DailyNews
16 Jul 2026,Artists Pay Tribute to Leburu,"The sound of guitars, poetry and song filled the Main Mall on...",https://dailynews.gov.bw/news-detail/92275,art-culture,Botswana DailyNews
16 Jul 2026,Ba Kenneth & Evelyn Siele Trust Fund Ba Boloditse,Kgosi Seregola Seretse wa kgotla ya Thema/Motswedi mo Lobatse a re go...,https://dailynews.gov.bw/news-detail/92292,dikgang,Botswana DailyNews
16 Jul 2026,Batswana remember legend of guitar,"Family, Friends and Batswana from across the country will gather on Friday...",https://dailynews.gov.bw/news-detail/92284,art-culture,Botswana DailyNews
16 Jul 2026,Book Aims To Teach Safety And Break GBV Silence,"With Gender-based violence (GBV) cases rising across Botswana, children are often caught...",https://dailynews.gov.bw/news-detail/92283,art-culture,Botswana DailyNews
16 Jul 2026,Borre Ba Rotloediwa Go Itlhokomela,"Mokhanselara wa kgaolwana ya Boswelatlou kwa Lobatse, Rre Omar Raphel a re...",https://dailynews.gov.bw/news-detail/92293,dikgang,Botswana DailyNews
16 Jul 2026,Collaboration key to creatives growth,"Stakeholders have called for stronger coordination among institutions supporting Botswana’s creative industries,...",https://dailynews.gov.bw/news-detail/92281,art-culture,Botswana DailyNews
16 Jul 2026,Court sentences police officer to 25 years,A 57-year-old police officer has been spared the death penalty after Gaborone...,https://dailynews.gov.bw/news-detail/92294,crime,Botswana DailyNews
16 Jul 2026,Govt commits to improve the welfare of workers,"Government remains committed to improving the welfare, dignity and purchasing power of...",https://dailynews.gov.bw/news-detail/92278,parliament,Botswana DailyNews
16 Jul 2026,Ministry assess authorities on four perspectives,"Local authorities are assessed twice a year using the Balanced Scorecard methodology,...",https://dailynews.gov.bw/news-detail/92273,politics,Botswana DailyNews
16 Jul 2026,Postnatal distress leads mother to abandon newborn,A 46-year-old mother of 10 from Khakhea has told the High Court...,https://dailynews.gov.bw/news-detail/92270,crime,Botswana DailyNews
16 Jul 2026,Search for crocodiles yields no results,Two crocodiles that were spotted in a pond behind the Institute of...,https://dailynews.gov.bw/news-detail/92271,crime,Botswana DailyNews
16 Jul 2026,Supply tenders empower citizens,"Government is committed to citizen economic empowerment, inclusive growth and the diversification...",https://dailynews.gov.bw/news-detail/92272,politics,Botswana DailyNews
16 Jul 2026,Various factors delay road project completion,The re-gravelling and culvert installation project along the Kachikau-Parakarungu road has not...,https://dailynews.gov.bw/news-detail/92277,parliament,Botswana DailyNews
16 Jun 2014,Roads maintenance bill at P1 billion,"The principal roads engineer in the Ministry of Transport and Communications, Mr...",https://dailynews.gov.bw/news-detail/12113,development,Botswana DailyNews
16 Jun 2024,Matsime abandons bail application,"Murder accused, Gabalape Matsime has abandoned his initial bail application saying it...",https://dailynews.gov.bw/news-detail/80105,crime,Botswana DailyNews
16 Jun 2024,"Psychologist says Ntsuape repentant, remorseful",Death row inmate Gobuamang Ntsuape is a repentant man who has expressed...,https://dailynews.gov.bw/news-detail/80106,crime,Botswana DailyNews
16 Jun 2025,Boko calls for contribution to national revival,Botswana students studying in Hungary have been urged to work toward being...,https://dailynews.gov.bw/news-detail/86988,politics,Botswana DailyNews
16 Jun 2025,"Botswana, Hungary forge ties",As Botswana flag was majestically flown upon the Szechenyi Chain Bridge crossing...,https://dailynews.gov.bw/news-detail/87010,politics,Botswana DailyNews
16 Jun 2025,Hungary visit pivotal for trade,"Developing a resilient manufacturing sector, strengthening agriculture, education and innovation as well...",https://dailynews.gov.bw/news-detail/86989,politics,Botswana DailyNews
16 Jun 2026,BMC e tlaa oketsa ditirelo,Botswana Meat Commission e mo legatong la go oketsa ditirelo ka go...,https://dailynews.gov.bw/news-detail/91864,dikgang,Botswana DailyNews
16 Jun 2026,Ba Pole ba iteela puso legofi,Dipelo tsa banni ba Pole mo kgaolong ya Tati bophirima di...,https://dailynews.gov.bw/news-detail/91863,dikgang,Botswana DailyNews
16 Jun 2026,Designers showcase statement pieces at pop-up event,The serene atmosphere of Phakalane Golf Estate was on Saturday replaced by...,https://dailynews.gov.bw/news-detail/91870,art-culture,Botswana DailyNews
16 Jun 2026,Go tshameka ke tshwanelo ya ngwana,"Motshwarelela mokwaledi wa khansele ya Tsabong, Rre Botlhe Scotch o kgothaditse batsadi...",https://dailynews.gov.bw/news-detail/91871,dikgang,Botswana DailyNews
16 Jun 2026,Mapodisi a tlhotlhomisa dikgetse tsa dipolao,Mapodise a Goodhope a tlhotlhomisa ditiragalo tse di farologanyeng tsa dipolaano tse...,https://dailynews.gov.bw/news-detail/91872,dikgang,Botswana DailyNews
16 Jun 2026,Moagi Silent on P4.6 million Bank Card,Former Minerals and Energy Minister Lefoko Moagi chose to remain silent when...,https://dailynews.gov.bw/news-detail/91865,crime,Botswana DailyNews
16 Jun 2026,Ntwa kgatlhanong le kgokgontsho ya bong e tsweletse,Setshaba le makalana a puso ka go farologana a tsweletse ka maiteko...,https://dailynews.gov.bw/news-detail/91873,dikgang,Botswana DailyNews
16 Mar 2015,Project monitoring key,Stringent monitoring and mentoring of poverty eradication projects is critical in ensuring...,https://dailynews.gov.bw/news-detail/18615,development,Botswana DailyNews
16 Mar 2017,Kgatleng addresses poverty eradication backlog,After decrying lack of funds towards the implementation of poverty eradication late...,https://dailynews.gov.bw/news-detail/34720,development,Botswana DailyNews
16 Mar 2025,Missing person cases worry police,"Sejelo police acting Station Commander, Detective Usiel Keteeue, said the search for...",https://dailynews.gov.bw/news-detail/85214,crime,Botswana DailyNews
16 Mar 2025,Sejelo police investigate death,Sejelo police are investigating a tragic death of a 42-year-old man discovered...,https://dailynews.gov.bw/news-detail/85213,crime,Botswana DailyNews
16 Mar 2026,Counterfeit P50 notes accused further remanded in custody,‎The court has denied bail the two men accused of making forged...,https://dailynews.gov.bw/news-detail/90553,crime,Botswana DailyNews
16 Mar 2026,DCEC takes Seretse and co - accused back to,Businessman Bakang Seretse and co-accused in the National Petroleum Fund (NPF) case...,https://dailynews.gov.bw/news-detail/90550,crime,Botswana DailyNews
16 Mar 2026,Gaseitsewe case postponed to April 9,Senior Magistrate Keneilwe Kgoadi of Kanye Magistrates' Court has re-scheduled the case...,https://dailynews.gov.bw/news-detail/90552,crime,Botswana DailyNews
16 Mar 2026,Go Rekisa Leruo Morago Ga Mokento Go Borai,Barui ba gakolotswe gore ba seka ba rekisa leruo morago ga go...,https://dailynews.gov.bw/news-detail/90539,dikgang,Botswana DailyNews
16 Mar 2026,Hamilton Celebrates Democracy,As the United States of America celebrates its 250th independence anniversary this...,https://dailynews.gov.bw/news-detail/90535,art-culture,Botswana DailyNews
16 Mar 2026,Industrial Court Deploys New Strategy To Eradicate Case Backlog,The Industrial Court is set to devise new means to eradicate its...,https://dailynews.gov.bw/news-detail/90557,parliament,Botswana DailyNews
16 Mar 2026,Kgosi Khama O Tlaa Bolotsa Mephato,Kgosi Khama IV wa Bangwato a re o ikaelela go tsosolosa ngwao...,https://dailynews.gov.bw/news-detail/90541,dikgang,Botswana DailyNews
16 Mar 2026,MPs Reach Consensus on Ombudsman Transformation,Members of Parliament have reached a rare across-the-aisle consensus on the need...,https://dailynews.gov.bw/news-detail/90556,parliament,Botswana DailyNews
16 Mar 2026,Mophato Dance Theatre collaborates with UB to Present THARI,"Mophato Dance Theatre in collaboration with University of Botswana will showcase THARI,...",https://dailynews.gov.bw/news-detail/90534,art-culture,Botswana DailyNews
16 Mar 2026,Office Of The Ombudsman Makes Progress In Case Resolution,"The Office of the Ombudsman continues to improve its case resolution rate,...",https://dailynews.gov.bw/news-detail/90558,parliament,Botswana DailyNews
16 Mar 2026,Poifo Modimo e thusa go hema masula,Masula a a diragalang mo lefatsheng a ka hemiwa ka go boifa...,https://dailynews.gov.bw/news-detail/90540,dikgang,Botswana DailyNews
16 Mar 2026,Tlokweng Constituency Unveils Magazine And Website,The Tlokweng Constituency office has launched a new magazine and website as...,https://dailynews.gov.bw/news-detail/90549,art-culture,Botswana DailyNews
16 May 2023,Shining pearls of civilization along ancient Silk Road,It took Chinese President Xi Jinping just a split second to recognise...,https://dailynews.gov.bw/news-detail/73060,development,Botswana DailyNews
16 May 2023,Xi calls for making Beijing/Tianjin/Hebei region pioneer in pursuing,President Xi Jinping has called for efforts to reach new heights in...,https://dailynews.gov.bw/news-detail/73062,development,Botswana DailyNews
16 May 2025,Countries look for tangible economic results,"The newly constituted governments of Botswana and Namibia elected in late 2024,...",https://dailynews.gov.bw/news-detail/86382,politics,Botswana DailyNews
16 May 2025,Leaders commit to mutual prosperity,The leadership of Botswana and Namibia is faced with a mammoth task...,https://dailynews.gov.bw/news-detail/86380,politics,Botswana DailyNews
16 May 2025,Windhoek names road after Sir Seretse Khama,"The city of Windhoek municipality, the local government administrative council of the...",https://dailynews.gov.bw/news-detail/86379,politics,Botswana DailyNews
16 May 2026,Boikaego Shares Fond Memories of Her Father,"A representative of the Mogae family, Ms Boikaego Mogae, the youngest daughter...",https://dailynews.gov.bw/news-detail/91417,politics,Botswana DailyNews
16 May 2026,Kwelagobe Pays Tribute to Mogae,"Former Cabinet Minister and veteran politician, Mr Daniel Kwelagobe paid tribute to...",https://dailynews.gov.bw/news-detail/91421,politics,Botswana DailyNews
16 May 2026,Mogae Funeral Underway,...,https://dailynews.gov.bw/news-detail/91416,politics,Botswana DailyNews
16 May 2026,Mogae Modernised National Infrastructure,"Former President, Lt Gen Seretse Khama Ian Khama has lauded his immediate...",https://dailynews.gov.bw/news-detail/91424,politics,Botswana DailyNews
16 May 2026,Mogae Steady and Disciplined Steward of Nation,Vice President Ndaba Gaolathe has described Former President Festus Mogae as a...,https://dailynews.gov.bw/news-detail/91419,politics,Botswana DailyNews
16 May 2026,Mogae Tolerant and Reform-Minded Leader,"A former legislator during Former President Festus Mogae’s era, Mr Botsalo Ntuane,...",https://dailynews.gov.bw/news-detail/91420,politics,Botswana DailyNews
16 May 2026,Mogae True Democrat and Nation Builder,Botswana Democratic Party President Mpho Balopi has praised President Advocate Duma Boko...,https://dailynews.gov.bw/news-detail/91422,politics,Botswana DailyNews
16 May 2026,Mogae was not Common,"""He won't be forgotten. Whatever he was, he was not common."" Citing Joseph...",https://dailynews.gov.bw/news-detail/91425,politics,Botswana DailyNews
16 May 2026,Seretse Thanks Mma Nametso for Dedication to Family and,"A family friend, Tebelelo Seretse, has paid tribute to the First Lady...",https://dailynews.gov.bw/news-detail/91418,politics,Botswana DailyNews
16 Nov 2025,UDC retains Kgalagadi South constituency,Mr Tokyo Modise of the Umbrella for Democractic Change is the new...,https://dailynews.gov.bw/news-detail/89102,politics,Botswana DailyNews
16 Oct 2014,Serameng primary receives two classrooms,"The Minister of Local Government and Rural Development, Mr Peter Siele has...",https://dailynews.gov.bw/news-detail/15173,development,Botswana DailyNews
16 Oct 2024,"Gaborone Central debate highlights job creation, students welfare issues",The debate among candidates vying for the Gaborone Central Constituency highlighted several...,https://dailynews.gov.bw/news-detail/82322,elections,Botswana DailyNews
16 Oct 2024,Molale praises Lelatisitswe for diligent work ethic,Botswana Democratic Party (BDP) veteran Mr Eric Molale has hailed the party’s...,https://dailynews.gov.bw/news-detail/82310,elections,Botswana DailyNews
16 Oct 2024,President Masisi hails BDP democratic legacy,"The President, Dr Mokgweetsi Masisi has attributed Botswana’s reputation as one of...",https://dailynews.gov.bw/news-detail/82320,elections,Botswana DailyNews
16 Oct 2024,Ramotswa council launches Llara River Crossing,Ramotswa District Council has launched a P4.7-million river crossing of Taung River...,https://dailynews.gov.bw/news-detail/82319,crime,Botswana DailyNews
16 Oct 2024,Recovered addict warns students about drugs,Learners at Metsiatsile Student Residence in Block 6 heard from a recovered...,https://dailynews.gov.bw/news-detail/82327,crime,Botswana DailyNews
16 Oct 2024,Six appear for murder,Six men who face a charge of murder will appear before the...,https://dailynews.gov.bw/news-detail/82329,crime,Botswana DailyNews
16 Oct 2024,VP canvasses votes for Kebaitse,The Botswana Democratic Party (BDP) is a party that believes in an...,https://dailynews.gov.bw/news-detail/82309,elections,Botswana DailyNews
16 Oct 2024,"â€˜Vote BDP for continued peace, stabilityâ€™",Batswana have been urged to cast their votes for the ruling Botswana...,https://dailynews.gov.bw/news-detail/82307,elections,Botswana DailyNews
16 Oct 2025,BCP vows to compete strongly in Kgalagadi South by-election,Botswana Congress Party (BCP) has vowed to participate and compete strongly in...,https://dailynews.gov.bw/news-detail/88712,politics,Botswana DailyNews
16 Oct 2025,Ba ipelela letsatsi la thobane ya batlhokapono,Thobane e e dirisiwang ke batlhokapono e botlhokwa fela thata ka e...,https://dailynews.gov.bw/news-detail/88714,dikgang,Botswana DailyNews
16 Oct 2025,Basket Monument boosts revenue,Nhabe Museum has become a centre of attraction and has cultivated interest...,https://dailynews.gov.bw/news-detail/88707,art-culture,Botswana DailyNews
16 Oct 2025,Dirisang balemisi - Zolo,"Mogolwane wa balemisi mo kgaolong ya Palapye, Mme Ntlhokwa Zolo o kopile...",https://dailynews.gov.bw/news-detail/88715,dikgang,Botswana DailyNews
16 Oct 2025,Father to serve 30 years for sexually violating daughter,A 40-year-old father of Gaborone has been sentenced to a minimum mandatory...,https://dailynews.gov.bw/news-detail/88716,crime,Botswana DailyNews
16 Oct 2025,Legakwa Veils changes future of fashion,"While the delicious and mushy banana has many gastronomical uses, Legakwa Veils...",https://dailynews.gov.bw/news-detail/88706,art-culture,Botswana DailyNews
16 Oct 2025,Murder suspect to appear before Kanye Magistrate Court,A 35-year-old man is in police custody in connection with the murder...,https://dailynews.gov.bw/news-detail/88697,crime,Botswana DailyNews
16 Oct 2025,Stock theft concerning trend,"The staggering reports of cross border livestock theft involving sheep, goats and...",https://dailynews.gov.bw/news-detail/88711,crime,Botswana DailyNews
16 Oct 2025,Tlotlang le sireletse kgosi - Mookodi,Moemela bogosi jwa ga Ngwaketse wa boraro Kgosi Kwelagobe Mookodi o kopile...,https://dailynews.gov.bw/news-detail/88713,dikgang,Botswana DailyNews
16 Sep 2014,NWDC makes strides,The North West District Council (NWDC) has managed to make some noticeable...,https://dailynews.gov.bw/news-detail/14537,development,Botswana DailyNews
16 Sep 2026,BEC records high demand for certificates amid job openings,"Following recent job opportunities advertised by government and other stakeholders, the Botswana...",https://dailynews.gov.bw/news-detail/93280,general,Botswana DailyNews
16 Sep 2026,Botswana and Oman enhance bilateral cooperation,President Advocate Duma Boko (second right) welcoming Sultan Haitham Bin Tarik of...,https://dailynews.gov.bw/news-detail/93301,general,Botswana DailyNews
16 Sep 2026,CAAB Proposes increase in aviation fees and charges,The Civil Aviation Authority of Botswana (CAAB) has proposed an increase and...,https://dailynews.gov.bw/news-detail/93281,general,Botswana DailyNews
16 Sep 2026,Five councils turn to resource sharing for delivery 1,There is hope that the newly formed BOSELE-TSEPAMA Regional Block will attain...,https://dailynews.gov.bw/news-detail/93285,general,Botswana DailyNews
16 Sep 2026,Illegal land occupation puts development at risk,Illegal occupation of land in Letlhakane remains a concern as it undermines...,https://dailynews.gov.bw/news-detail/93287,general,Botswana DailyNews
16 Sep 2026,Irrigation project promotes water-smart farming 1,In the face of growing water scarcity and the need for more...,https://dailynews.gov.bw/news-detail/93286,general,Botswana DailyNews
16 Sep 2026,Strong judiciary essential to protect human rights,Strengthening the country’s judiciary system is of paramount importance in fostering a...,https://dailynews.gov.bw/news-detail/93283,general,Botswana DailyNews
16 Sep 2026,Thobo ya balemi ba Werda le Kokotsha e a,Balemi ba Werda le Kokotsha mo kgaolong ya Kgalagadi Borwa ba tsweletse...,https://dailynews.gov.bw/news-detail/93291,general,Botswana DailyNews
16 Sep 2026,Use of alternative IDs to ease pressure,"Owing to challenges relating to issuance of National Identity (Omang) cards, citizens...",https://dailynews.gov.bw/news-detail/93289,general,Botswana DailyNews
17 Apr 2016,Lerwana clinic to benefit from ESP,Lerwana clinic will be extended through the Economic Stimulus Programme (ESP) in...,https://dailynews.gov.bw/news-detail/27702,development,Botswana DailyNews
17 Aug 2022,A decade-long transformation of remote ethnic village1,"Life has dealt Long Xianlan, 35, a bad hand: His mother left...",https://dailynews.gov.bw/news-detail/68680,development,Botswana DailyNews
17 Aug 2022,"China\'s Jiangxi accelerates high-quality, leap-frog development",Comprehensive strength has achieved great leaps in east China's Jiangxi Province through...,https://dailynews.gov.bw/news-detail/68681,development,Botswana DailyNews
17 Aug 2022,"New roads, railways improve lives of local Tibetans","Passengers carrying luggage of varying sizes, many in Tibetan costumes, chat with...",https://dailynews.gov.bw/news-detail/68684,development,Botswana DailyNews
17 Aug 2022,Pearl River Delta transforms from world factory to technology,The Pearl River Delta in south China's Guangdong Province has over the...,https://dailynews.gov.bw/news-detail/68682,development,Botswana DailyNews
17 Aug 2025,Africans supports democracy despite leaders failing to deliver,"Speaker of the National Assembly, Mr Dithapelo Keorapetse, says while Africans have...",https://dailynews.gov.bw/news-detail/88157,politics,Botswana DailyNews
17 Aug 2025,Court sentences man to 15 years for raping daughter,Magistrate Jobbie Moilatshimo of Broadhurst Magistrate Court has sentenced a 42-year-old man...,https://dailynews.gov.bw/news-detail/88144,crime,Botswana DailyNews
17 Aug 2025,Kang community reclaim culture,The community of Kang came together to celebrate their heritage during the...,https://dailynews.gov.bw/news-detail/88156,art-culture,Botswana DailyNews
17 Aug 2025,Kenya hosts photo exhibit to mark victory of World,To mark the 80th anniversary of the victory in the Chinese People's...,https://dailynews.gov.bw/news-detail/88134,art-culture,Botswana DailyNews
17 Aug 2025,Miss Seepapitso second edition set for August 20,The second edition of Miss Seepapitso is set for Seepapitso Senior Secondary...,https://dailynews.gov.bw/news-detail/88158,art-culture,Botswana DailyNews
17 Aug 2026,A Green Relay,"Tree planting is a springtime tradition in China. Around this time, people...",https://dailynews.gov.bw/news-detail/92763,general,Botswana DailyNews
17 Aug 2026,A Total Of 299 Soldiers Graduate In Basic Military,The completion of a six-month basic military training course by 299 non-commissioned...,https://dailynews.gov.bw/news-detail/92770,general,Botswana DailyNews
17 Aug 2026,Ba Nlapkwane Ba Akgoletswe Mowa Wa Boithapo Le Boipelego,"Kgosi ya motse wa Nlaphwane kwa kgaolong ya bokone botlhaba, Kgosi Mukani...",https://dailynews.gov.bw/news-detail/92752,dikgang,Botswana DailyNews
17 Aug 2026,Barui Ba Iphema Tlhako Le Molomo,Barui ba galaleditswe ka maiteko a bone a go supa mowa wa...,https://dailynews.gov.bw/news-detail/92753,dikgang,Botswana DailyNews
17 Aug 2026,Boko Attends SADC Summit,"President Advocate Duma Gideon Boko is in Durban, South Africa participating in...",https://dailynews.gov.bw/news-detail/92767,general,Botswana DailyNews
17 Aug 2026,China marks National Ecology Day with solid gains in,Chinese authorities on Saturday unveiled a raft of major ecological achievements at...,https://dailynews.gov.bw/news-detail/92745,general,Botswana DailyNews
17 Aug 2026,Chombo seeks church support against harmful social norms,"Religious institutions play a vital role in shaping communities through spiritual guidance,...",https://dailynews.gov.bw/news-detail/92751,general,Botswana DailyNews
17 Aug 2026,Commemorating the history on the occasion of the 81st,"People came to the Lugou Bridge cultural tourism area in Beijing, capital...",https://dailynews.gov.bw/news-detail/92759,general,Botswana DailyNews
17 Aug 2026,EIMC BEGINS REFURBISHMENT OF 22 SCHOOLS,The Education Infrastructure and Management Company (EIMC) has commenced a P265 million...,https://dailynews.gov.bw/news-detail/92744,general,Botswana DailyNews
17 Aug 2026,Gammangwato FM Addition To Online Broadcast,"Gammangwato FM, owned by the Ngwato Development Trust, will start broadcasting online...",https://dailynews.gov.bw/news-detail/92765,art-culture,Botswana DailyNews
17 Aug 2026,Magosi says peace crucial for SADC development,"Southern Africa Development Committee (SADC) executive secretary, Elias Magosi has reiterated that collective...",https://dailynews.gov.bw/news-detail/92768,general,Botswana DailyNews
17 Aug 2026,Mmasengwe Where Yarn Brings Women Together,"In the suburbs of Extension 9, the atmosphere at Nine Eatery +...",https://dailynews.gov.bw/news-detail/92764,art-culture,Botswana DailyNews
17 Aug 2026,MoU To Strengthen Procurement Cooperation,"University of Botswana (UB), Botswana Open University (BOU), Botswana International University of...",https://dailynews.gov.bw/news-detail/92755,general,Botswana DailyNews
17 Aug 2026,Motshegwa Demands Shift Execution Of Government Plans,"The Minister of Local Government and Traditional Affairs, Mr Ketlhalefile Motshegwa has...",https://dailynews.gov.bw/news-detail/92749,general,Botswana DailyNews
17 Aug 2026,Murder Accused Granted Bail,Serowe Senior Magistrate Onneile Ntwayapelo has granted 27-year-old Barapedi Kealotege conditional bail....,https://dailynews.gov.bw/news-detail/92748,crime,Botswana DailyNews
17 Aug 2026,Official Warns Of Terrorism Financing,The absence of evidence of terrorism financing or proliferation financing does not...,https://dailynews.gov.bw/news-detail/92771,general,Botswana DailyNews
17 Aug 2026,PSP To Consult DIS Over P100 billion Issue,"Permanent Secretary to the President (PSP), Ms Matshidiso Bokole, will consult the...",https://dailynews.gov.bw/news-detail/92747,general,Botswana DailyNews
17 Aug 2026,Selaolo disowns psychologist report,"A woman charged with the murder of her boyfriend’s 11-year-old son, Clifford...",https://dailynews.gov.bw/news-detail/92746,crime,Botswana DailyNews
17 Aug 2026,Sengaparile Se Ka Tokafatsa Matshelo,Sengaparile ke semela se se tlwaelesegileng go mela mo kgaolong ya Kgalagadi...,https://dailynews.gov.bw/news-detail/92754,dikgang,Botswana DailyNews
17 Aug 2026,Social Protection To Focus On Impact And Sustainability,"Chief of Staff, Dr Oupa Tsheko, has called for a comprehensive mindset...",https://dailynews.gov.bw/news-detail/92750,general,Botswana DailyNews
17 Aug 2026,Tighten Financial Controls,Development Finance Institutions (DFIs) have been urged to strengthen their anti-money laundering...,https://dailynews.gov.bw/news-detail/92769,general,Botswana DailyNews
17 Aug 2026,Vandalism impair trust ambitions,Acts of vandalism and theft of property continues to hamper the work...,https://dailynews.gov.bw/news-detail/92756,general,Botswana DailyNews
17 Aug 2026,eSwatini Artiste Finds Rhythm In Botswana,There Isa particular kind of magic when an artist doesn’t just perform...,https://dailynews.gov.bw/news-detail/92766,art-culture,Botswana DailyNews
17 Dec 2014,Khama to open tourism facilities,President Lt Gen. Seretse Khama Ian Khama is expected to officially open...,https://dailynews.gov.bw/news-detail/16603,development,Botswana DailyNews
17 Dec 2015,"GCC addresses roads, storm water drainage maintenance","The capital city’s mayor, Mr Kagiso Thutlwe, says Gaborone’s storm water drainage...",https://dailynews.gov.bw/news-detail/25300,development,Botswana DailyNews
17 Dec 2025,Ba sepodisi ba eme sejaro kwa Tsabong,Banni ba kgaolo ya Tsabong ba kgothaditswe go tsaya boikarabelo ka go...,https://dailynews.gov.bw/news-detail/89431,dikgang,Botswana DailyNews
17 Dec 2025,COVID-19 pandemic had long-lasting impact,"Based on the scientific information gathered so far, COVID-19 vaccinations have side-effects...",https://dailynews.gov.bw/news-detail/89436,parliament,Botswana DailyNews
17 Dec 2025,CSR regulations at drafting stage,Companies with an annual turnover of over P500 million will be required...,https://dailynews.gov.bw/news-detail/89435,parliament,Botswana DailyNews
17 Dec 2025,DRTS introduces online payment method,The Department of Road Transport Services (DRTS) has no plans to establish...,https://dailynews.gov.bw/news-detail/89433,parliament,Botswana DailyNews
17 Dec 2025,Government Owes Over P13.4 million To Employees,The Ministry of Lands and Agriculture owes 1 469 employees about P13.4...,https://dailynews.gov.bw/news-detail/89451,parliament,Botswana DailyNews
17 Dec 2025,Government Uses Public Procurement To Support Informal Sector,Parliament has learnt that the informal sector enjoys benefits that were initially...,https://dailynews.gov.bw/news-detail/89450,parliament,Botswana DailyNews
17 Dec 2025,Hikuama calls for detailed analysis of PSLE results,"Opposition whip, Maun West MP, Mr Caterpillar Hikuama called for a detailed...",https://dailynews.gov.bw/news-detail/89449,parliament,Botswana DailyNews
17 Dec 2025,Makhanselara a kopa gore Xuoxau a lemogiwe,E re ka puso e rotloetsa gore Batswana ba tshwanetse ba akola...,https://dailynews.gov.bw/news-detail/89432,dikgang,Botswana DailyNews
17 Dec 2025,Ministry Ceases Plot allocation,Plot allocation at Shashe Bridge Ward in Maun has ceased on account...,https://dailynews.gov.bw/news-detail/89446,parliament,Botswana DailyNews
17 Dec 2025,Mosekisiwa O Iteile Se Fololetse,Monna mongwe wa dingwaga tse di masome a mabedi le borataro wa...,https://dailynews.gov.bw/news-detail/89444,dikgang,Botswana DailyNews
17 Dec 2025,Music fanatics Gear Up for KFX festival,Anticipation is rising across the Kanye region as the countdown begins for...,https://dailynews.gov.bw/news-detail/89442,art-culture,Botswana DailyNews
17 Dec 2025,Police make progress in stock theft fight,A total of 202 cases of stock theft have been recorded in...,https://dailynews.gov.bw/news-detail/89437,parliament,Botswana DailyNews
17 Dec 2025,Road contractors fail to meet deadline,"Minister of Transport and Infranstructure, Mr Noah Salakae has told Parliament that...",https://dailynews.gov.bw/news-detail/89445,parliament,Botswana DailyNews
17 Dec 2025,SmartSwitch offered lowest bid-Moswaana,"The SmartSwitch Botswana tender was awarded and signed on August 28, 2008...",https://dailynews.gov.bw/news-detail/89434,parliament,Botswana DailyNews
17 Dec 2025,Talent Factory Gateway For African Filmmakers,"In a bid to empower young people with filmmaking, production and storytelling...",https://dailynews.gov.bw/news-detail/89443,art-culture,Botswana DailyNews
17 Feb 2015,Overhead pedestrian bridge to open soon,The Nelson Mandela High Way overhead pedestrian bridge will be ready for...,https://dailynews.gov.bw/news-detail/17814,development,Botswana DailyNews
17 Feb 2016,State of facilities worries District Commissioner,"North East District commissioner (DC), Mr Keabetswe Lesiela, has lamented lack of...",https://dailynews.gov.bw/news-detail/26207,development,Botswana DailyNews
17 Feb 2025,AfCFTA crucial in driving Africa economy,The advent of the African Continental Free Trade Agreement (AfCFTA) provides the...,https://dailynews.gov.bw/news-detail/84663,politics,Botswana DailyNews
17 Feb 2025,BOKO ALMA CHAIRPERSON,President Duma Boko has been appointed chairperson of the African Leaders Malaria...,https://dailynews.gov.bw/news-detail/84639,politics,Botswana DailyNews
17 Feb 2025,Empower young girls - First Lady,First lady Kaone Boko on Sunday joined other First Ladies during the...,https://dailynews.gov.bw/news-detail/84664,politics,Botswana DailyNews
17 Feb 2025,Former mayor remembers Nujoma,"Former Francistown Mayor, Iqbal Ebrahim, now 74, cannot quite recall the exact...",https://dailynews.gov.bw/news-detail/84644,politics,Botswana DailyNews
17 Feb 2025,Mobilise resources to fight Malaria - Boko,President Advocate Duma Boko has called for an urgent action to mobilise...,https://dailynews.gov.bw/news-detail/84662,politics,Botswana DailyNews
17 Feb 2026,Bagwebi ba tlaa aga ditsha di le 19 344,Ditsha tsotlhe tse di abetsweng bagwebi ba ba ikemetseng mo lenaneong la...,https://dailynews.gov.bw/news-detail/90067,dikgang,Botswana DailyNews
17 Feb 2026,Banni ba Shakawe ba farologana ka megopolo,Banni ba Shakawe ba farologana ka megopolo mabapi le molao kakanyetso wa...,https://dailynews.gov.bw/news-detail/90068,dikgang,Botswana DailyNews
17 Feb 2026,Big T takes love to next level in new,"Self acclaimed and award winning disco artiste, Morapedi Nkhukhu, fondly known as...",https://dailynews.gov.bw/news-detail/90085,art-culture,Botswana DailyNews
17 Feb 2026,Budget puts MPs at loggerheads,"The 2026/27 budget continues to spark mixed reactions, with opposition legislators dismissing...",https://dailynews.gov.bw/news-detail/90065,parliament,Botswana DailyNews
17 Feb 2026,Child abuser domestic worker remanded in custody,"A 31-year-old domestic worker, Boitumelo Nchimako, who is charged with two counts...",https://dailynews.gov.bw/news-detail/90071,crime,Botswana DailyNews
17 Feb 2026,Chukumuchu electrification project at tender stage,"The electrification project at Chukumuchu is currently at tender procurement stage, while...",https://dailynews.gov.bw/news-detail/90066,parliament,Botswana DailyNews
17 Feb 2026,Ministry creates career pathways for reception class teachers,The Ministry of Child Welfare and Basic Education has established dedicated positions...,https://dailynews.gov.bw/news-detail/90063,parliament,Botswana DailyNews
17 Feb 2026,Mokwaledi wa ga Tautona o kgothatsa bodiredi,Puso e na le maitlamo a e a ipeileng pele go tlhomamisa...,https://dailynews.gov.bw/news-detail/90069,dikgang,Botswana DailyNews
17 Feb 2026,More 350 cattle rustled across borders since 2022,"Minister for State President, Defence and Security, Mr Moeti Mohwasa has told...",https://dailynews.gov.bw/news-detail/90064,parliament,Botswana DailyNews
17 Jan 2025,"Boko, Saleshando, vow to strengthen democracy",If the country’s political actors could work together for a common purpose...,https://dailynews.gov.bw/news-detail/84051,politics,Botswana DailyNews
17 Jul 2024,Man kills three children,Police in Francistown have launched a manhunt for a 40-year-old man of...,https://dailynews.gov.bw/news-detail/80621,crime,Botswana DailyNews
17 Jul 2024,Mojadigo trial set for November,Magistrate Queen Moanga of Mochudi Magistrate's Court has scheduled trial dates for...,https://dailynews.gov.bw/news-detail/80622,crime,Botswana DailyNews
17 Jul 2025,Boko roots for implementation of water project,President Advocate Duma Boko has appealed to tripartite parties involved in the ...,https://dailynews.gov.bw/news-detail/87618,politics,Botswana DailyNews
17 Jul 2025,Citizenship Act Awaits Review,The Citizenship Act of 2024 has not yet been enacted and is...,https://dailynews.gov.bw/news-detail/87619,politics,Botswana DailyNews
17 Jun 2014,24 flats for Selebi Phikwe teachers,Selebi Phikwe Town Council (SPTC) has commenced construction of 24 primary school...,https://dailynews.gov.bw/news-detail/12148,development,Botswana DailyNews
17 Jun 2014,Government mulls tax hike,Government is considering increasing vehicle and license taxes in order to meet...,https://dailynews.gov.bw/news-detail/12167,development,Botswana DailyNews
17 Jun 2025,Magistrate remands murder accused in custody,"Senior Magistrate, Atlanang Manchwe of Letlhakane Magistrate Court on Monday, remanded in...",https://dailynews.gov.bw/news-detail/87034,crime,Botswana DailyNews
17 Jun 2026,Bail Ruling set for July 13 in Molepolole Poisoning,Chief Magistrate Thebeetsile Molalu will deliver a bail ruling on July 13...,https://dailynews.gov.bw/news-detail/91883,crime,Botswana DailyNews
17 Jun 2026,Court hears Moagi invoked right to remain silent,"Former Minister of Minerals and Energy, Lefoko Moagi, declined to explain how...",https://dailynews.gov.bw/news-detail/91887,crime,Botswana DailyNews
17 Jun 2026,GIMC Afro Tech aims for inclusivity,"DJ Kabila will make his first appearance in Botswana on June 30,...",https://dailynews.gov.bw/news-detail/91890,art-culture,Botswana DailyNews
17 Jun 2026,Letsholo la go batla ngwana le tsweletse,Mapodisi a Takatokwane a kopa setshaba go ba batlisa mosimane wa dingwaga...,https://dailynews.gov.bw/news-detail/91879,dikgang,Botswana DailyNews
17 Jun 2026,Magoriapitse Man Appears in court for murder,A Magoriapitse man accused of murdering a woman on June 14 appeared...,https://dailynews.gov.bw/news-detail/91877,crime,Botswana DailyNews
17 Jun 2026,Tshwaragano konokono mo twantshong lehuma,Go dira dikgwebo tse di tshwaraganetsweng ke nngwe ya ditsela tse di...,https://dailynews.gov.bw/news-detail/91880,dikgang,Botswana DailyNews
17 Mar 2016,Council to develop another cell at Pilane landfill,The Kgatleng District Council has decided to develop another cell next to...,https://dailynews.gov.bw/news-detail/27025,development,Botswana DailyNews
17 Mar 2016,Japan funds West Hanahai pre school,The Japanese Embassy has granted the Ghanzi District Council US$43 000 (P488...,https://dailynews.gov.bw/news-detail/27026,development,Botswana DailyNews
17 Mar 2025,Human rights core to govt mandate,Government will conduct significant transformations across various sectors to ensure that all...,https://dailynews.gov.bw/news-detail/85254,politics,Botswana DailyNews
17 Mar 2025,Triple murder accused faces nine charges,"Kgomokasitwa triple murder accused, Moagi Mokomeng faces nine charges after Police investigations...",https://dailynews.gov.bw/news-detail/85231,crime,Botswana DailyNews
17 Mar 2026,Balemi ba gwetlhiwa go tlhagafala,Balemi ba temo ya komelelo ba kgaolo ya Kweneng ba gwetlhilwe go...,https://dailynews.gov.bw/news-detail/90590,dikgang,Botswana DailyNews
17 Mar 2026,Dikoloti calls for strategic use of athletes during 60th,"Good Hope/Mmathethe MP, Dr Edwin Dikoloti, has called on the Minister of...",https://dailynews.gov.bw/news-detail/90581,parliament,Botswana DailyNews
17 Mar 2026,Entities raise P4.5m for flood relief fund,"Minister for State President, Defence and Security Mr Moeti Mohwasa has told...",https://dailynews.gov.bw/news-detail/90582,parliament,Botswana DailyNews
17 Mar 2026,Grand Palm Resort Celebrates 30 Years Anniversary,"The Grand Palm Resort in Botswana this year celebrates 30 years anniversary, ...",https://dailynews.gov.bw/news-detail/90573,art-culture,Botswana DailyNews
17 Mar 2026,Ministry aims to transform country into sport and culture,"Botswana aims to become a global hub for sports, culture and the...",https://dailynews.gov.bw/news-detail/90583,parliament,Botswana DailyNews
17 Mar 2026,Mmopane-Mogoditshane taxi routes has no disputes - Atamelang,"Assistant Minister of Transport and Infrastructure, Mr Keoagile Atamelang has told Parliament...",https://dailynews.gov.bw/news-detail/90587,parliament,Botswana DailyNews
17 Mar 2026,Mogoditshane Residents To Benefit From BETP,Mogoditshane residents are set to benefit from the Botswana Economic Transformation Programme...,https://dailynews.gov.bw/news-detail/90584,parliament,Botswana DailyNews
17 Mar 2026,Mosadi Thari Ya Setshaba,"Mosadi o kailwe e le tsala, ka jalo lelwapa le le senang...",https://dailynews.gov.bw/news-detail/90589,dikgang,Botswana DailyNews
17 Mar 2026,Ngaka o rotloetsa boikgapo go thibela bolwetse jwa diphilo,"Bagogi ba motsoko, banwi ba bojalwa phetelela le ba ba tshelang ka...",https://dailynews.gov.bw/news-detail/90591,dikgang,Botswana DailyNews
17 Mar 2026,Ntshonono Empowers Youth Through Arts and Education,"Born in Otse, a village nestled among the hills of Mmalladiepe, Mannyelanong,...",https://dailynews.gov.bw/news-detail/90572,art-culture,Botswana DailyNews
17 May 2015,Kazungula project needs attention of all security agents,Botswana and Zambia security agents have been advised to jointly address security...,https://dailynews.gov.bw/news-detail/20102,development,Botswana DailyNews
17 May 2015,Molepoloele bus rank delay irks minister,"Assistant Minister of Local Government and Rural Development, Mr Frans Van Der...",https://dailynews.gov.bw/news-detail/20104,development,Botswana DailyNews
17 Nov 2025,Ballroom dancing - A rhythm of health,"The moves may be graceful and the attire elegant, but behind the...",https://dailynews.gov.bw/news-detail/89103,art-culture,Botswana DailyNews
17 Nov 2025,Government makes strides amid fund shortage,Government has made strides in laying the foundation for the fundamental transformation...,https://dailynews.gov.bw/news-detail/89126,parliament,Botswana DailyNews
17 Nov 2025,Government reviews instrument to raise minimum wage,The total number of employees currently employed by security and cleaning companies...,https://dailynews.gov.bw/news-detail/89121,parliament,Botswana DailyNews
17 Nov 2025,Illicit drugs ticking time bomb- Butale,The widespread illicit drug use situation facing the country has been likened...,https://dailynews.gov.bw/news-detail/89124,parliament,Botswana DailyNews
17 Nov 2025,Khwaere ya UCCSA e abela sekole,Moruti Sanele Dlamini wa United Congregational Church of Southern Africa (UCCSA) o...,https://dailynews.gov.bw/news-detail/89105,dikgang,Botswana DailyNews
17 Nov 2025,Land and market demand determine Bonno projects,"The actual commencement of projects, under the Bonno National Housing Programme, would...",https://dailynews.gov.bw/news-detail/89119,parliament,Botswana DailyNews
17 Nov 2025,MPs reject motion on penalty fee reduction,The National Assembly on Thursday voted against a motion tabled by Chobe...,https://dailynews.gov.bw/news-detail/89125,parliament,Botswana DailyNews
17 Nov 2025,Masa takes to world stage,"At just nine-years-old, Masa Phodiso carries herself with the poise, determination, and...",https://dailynews.gov.bw/news-detail/89104,art-culture,Botswana DailyNews
17 Nov 2025,Minister updates on Mupane mine process,"The Assistant Minister of Transport and Infrastructure, Mr Keoagile Atamelang has informed...",https://dailynews.gov.bw/news-detail/89120,parliament,Botswana DailyNews
17 Nov 2025,Modise Kgalagadi South MP elect,The Umbrella for Democratic Change (UDC) has retained the Kgalagadi South constituency...,https://dailynews.gov.bw/news-detail/89117,politics,Botswana DailyNews
17 Nov 2025,No plans for drug rehabilitation programme at Molepolole Prison,There are currently no plans to introduce a dedicated drug rehabilitation programme...,https://dailynews.gov.bw/news-detail/89118,parliament,Botswana DailyNews
17 Nov 2025,Puso e itlama go tokafatsa ditirelo,"Tona wa Lephata la Dikgaolo le tsa Ngwao, Rre Ketlhalefile Motshegwa o...",https://dailynews.gov.bw/news-detail/89106,dikgang,Botswana DailyNews
17 Oct 2016,Poverty eradication projects monitoring key,Stringent monitoring and mentoring of poverty eradication projects is key...,https://dailynews.gov.bw/news-detail/31676,development,Botswana DailyNews
17 Oct 2023,BRI: A decade witnessed from above,The changes brought about by the Belt and Road Initiative (BRI) in...,https://dailynews.gov.bw/news-detail/75809,development,Botswana DailyNews
17 Oct 2023,Belt and Road cooperation to hasten demise of,"As the Belt and Road Initiative (BRI) turns 10 years old, it...",https://dailynews.gov.bw/news-detail/75810,development,Botswana DailyNews
17 Oct 2023,China Chat: BRI offers developing countries new path to,"The Belt and Road Initiative (BRI) is transforming the global agenda, offering...",https://dailynews.gov.bw/news-detail/75808,development,Botswana DailyNews
17 Oct 2023,Explainer: What is the BRI?,"This year marks the 10th anniversary of the Belt and Road Initiative,...",https://dailynews.gov.bw/news-detail/75805,development,Botswana DailyNews
17 Oct 2023,How the Belt and Road gives rise to a,"In the autumn of 2013, China proposed the Belt and Road Initiative...",https://dailynews.gov.bw/news-detail/75806,development,Botswana DailyNews
17 Sep 2014,Tsabong JSS to be a unified school,Tsabong Junior Secondary School will be upgraded to be a unified secondary...,https://dailynews.gov.bw/news-detail/14585,development,Botswana DailyNews
17 Sep 2024,Council trains poll staff ahead of elections,"In a show of trust and responsibility, election officials gathered on Monday...",https://dailynews.gov.bw/news-detail/81802,elections,Botswana DailyNews
17 Sep 2024,Court grants quartet bail,Four men who pleaded guilty to robbing Jesus Christ Church of the...,https://dailynews.gov.bw/news-detail/81807,crime,Botswana DailyNews
17 Sep 2026,BRICS leaders adopt joint declaration at summit in New,Leaders of BRICS countries at the 18th BRICS Summit adopted a joint...,https://dailynews.gov.bw/news-detail/93304,general,Botswana DailyNews
17 Sep 2026,Boikhutso school classroom expansion takes off,"The construction of two classroom blocks at Boikhutso Primary School, approved under...",https://dailynews.gov.bw/news-detail/93316,general,Botswana DailyNews
17 Sep 2026,Council advances inclusion of people with disabilities,North West District continues to make significant stride in advancing key areas...,https://dailynews.gov.bw/news-detail/93320,general,Botswana DailyNews
17 Sep 2026,District records surge in diarrhoea cases,North West district has a registered 281 cases of diarrhoea among children...,https://dailynews.gov.bw/news-detail/93307,general,Botswana DailyNews
17 Sep 2026,Duo sign MoU to strengthen early childhood development,"Serowe District Council (SDC) and Learn to Play, on Tuesday signed a...",https://dailynews.gov.bw/news-detail/93319,general,Botswana DailyNews
17 Sep 2026,Job opportunities drive BEC customer influx,The Botswana Examinations Council (BEC) experiences an influx of customers every time...,https://dailynews.gov.bw/news-detail/93318,general,Botswana DailyNews
17 Sep 2026,Kgatleng farmers face hard choices as FMD tightens grip,Farmers grazing cattle near the A1 Road face a painful reality having...,https://dailynews.gov.bw/news-detail/93308,general,Botswana DailyNews
17 Sep 2026,Oman plays key role in Botswana development drive,"Oman remains a reliable and committed partner in Botswana’s development drive, as...",https://dailynews.gov.bw/news-detail/93306,general,Botswana DailyNews
17 Sep 2026,Xi urges BRICS to stand on right side of,Chinese President Xi Jinping on Saturday urged BRICS countries to firmly stand...,https://dailynews.gov.bw/news-detail/93305,general,Botswana DailyNews
17 Sep 2026,Zimbabwe Embassy reaches out to citizens,Zimbabwe Embassy in Botswana is conducting a nationwide mobile outreach programme to...,https://dailynews.gov.bw/news-detail/93321,general,Botswana DailyNews
18 Apr 2026,Two truck drivers escape with minor injuries,Two drivers escaped with minor injuries after their trucks collided along the...,https://dailynews.gov.bw/news-detail/91048,crime,Botswana DailyNews
18 Aug 2014,New project to transform Boteti,"When somebody mentions the word diamond, there comes to mind certain words...",https://dailynews.gov.bw/news-detail/13736,development,Botswana DailyNews
18 Aug 2014,Slow water connections delay developments,Some residents of Tati Siding have raised concerns about the slow process...,https://dailynews.gov.bw/news-detail/13743,development,Botswana DailyNews
18 Aug 2021,Engineer calls for patience as roads works continue,The nation has been urged to exercise patience as road works continue...,https://dailynews.gov.bw/news-detail/63717,development,Botswana DailyNews
18 Aug 2024,Forbes Under 30 empowers young people,"Three months following the last Forbes Under 30 Summit in Gaborone, some...",https://dailynews.gov.bw/news-detail/81196,development,Botswana DailyNews
18 Aug 2024,"Golden faith epitome of endurence, power of hope",Golden Faith day care and preschool is a dividend of hard work...,https://dailynews.gov.bw/news-detail/81198,development,Botswana DailyNews
18 Aug 2024,Government creates opportunities for youth,Young people are a significant lot with an important role to play...,https://dailynews.gov.bw/news-detail/81192,development,Botswana DailyNews
18 Aug 2024,Maedza horticulturalist of repute,A maroon trunk-like corrugated iron house stands desolate as some remainder of...,https://dailynews.gov.bw/news-detail/81194,development,Botswana DailyNews
18 Aug 2024,Miss RADP shatters stereotypes,"The recent coronation of Ms Gorata Sego as Miss RADP 2023, a...",https://dailynews.gov.bw/news-detail/81191,development,Botswana DailyNews
18 Aug 2024,YDF fulfils dream,Serowe-born Kefilwe Mhiti is one young person who appreciates the Youth Development...,https://dailynews.gov.bw/news-detail/81193,development,Botswana DailyNews
18 Aug 2024,Youth embrace Agribusiness as viable economic venture,"Government continues to champion agriculture as a sector that can uplift livelihoods,...",https://dailynews.gov.bw/news-detail/81197,development,Botswana DailyNews
18 Aug 2025,Mabifhi takes dance moves to LA,"Tonota native Malebogo Mabifhi, 28, AKA Lebo M has won the Red...",https://dailynews.gov.bw/news-detail/88167,art-culture,Botswana DailyNews
18 Aug 2025,Magistrate Slaps man with 15 years for possession of,Senior Magistrate Atlanang Manchwe of Letlhakane Magistrate Court has on Monday sentenced...,https://dailynews.gov.bw/news-detail/88187,crime,Botswana DailyNews
18 Aug 2026,Anti-Financial Crime Bills to Strengthen Botswana AML Framework,Parliament recently passed wo key bills aimed at tightening Botswana’s defences against...,https://dailynews.gov.bw/news-detail/92783,parliament,Botswana DailyNews
18 Aug 2026,Ba kopilwe go ema kgatlhanong le kgokgontsho ya bong,Tharabololo ya dikgang tsa kgokgontsho ya bong e tlhoka tshwaragano ya boeteledipele...,https://dailynews.gov.bw/news-detail/92793,dikgang,Botswana DailyNews
18 Aug 2026,Botswana and US conclude Southern Accord 2026,"Botswana and the United States, through Exercise Southern Accord 2026 (SA 2026),...",https://dailynews.gov.bw/news-detail/92789,general,Botswana DailyNews
18 Aug 2026,Chobe/Kavango region records over 200 earthquakes,The Chobe-Kavango Region recorded a total of 221 earthquakes between 2014 and...,https://dailynews.gov.bw/news-detail/92775,parliament,Botswana DailyNews
18 Aug 2026,Delays push school project completion to December,"Initially planned for completion by November 2025, the Losabanyana Primary School project...",https://dailynews.gov.bw/news-detail/92797,general,Botswana DailyNews
18 Aug 2026,FMD disrupts businesses and households,The ongoing Foot and Mouth Disease (FMD) situation has proved disruptive to...,https://dailynews.gov.bw/news-detail/92788,general,Botswana DailyNews
18 Aug 2026,Government Commits To Electoral Reform,"Government remains deliberate, resolute and sincere in its pursuit of electoral reform....",https://dailynews.gov.bw/news-detail/92804,general,Botswana DailyNews
18 Aug 2026,Govt targets December deadline to pay BDF veterans Â,A total of 8 951 Botswana Defence Force members are set to...,https://dailynews.gov.bw/news-detail/92777,parliament,Botswana DailyNews
18 Aug 2026,MP Morolong calls for sign language to be official,"Kgatleng Central MP Mpho Morolong, on Friday tabled a motion in Parliament...",https://dailynews.gov.bw/news-detail/92781,parliament,Botswana DailyNews
18 Aug 2026,Major international business summit on cards for Vic Falls,Zimbabwe is set to host a major international economic and social dialogue summit...,https://dailynews.gov.bw/news-detail/92786,general,Botswana DailyNews
18 Aug 2026,Men lead conversation on GBV root cause,"In the fight against gender-based violence (GBV), much of the conversation has...",https://dailynews.gov.bw/news-detail/92796,general,Botswana DailyNews
18 Aug 2026,Minister Salakae Resigns,The Minister of Transport and Infrastructure Mr Noah Salakae has resigned from...,https://dailynews.gov.bw/news-detail/92803,general,Botswana DailyNews
18 Aug 2026,Ministry and council partner to maintain road,The Ministry of Transport and Infrastructure has collaborated with Moshupa District Council...,https://dailynews.gov.bw/news-detail/92779,parliament,Botswana DailyNews
18 Aug 2026,"More Exchanges, Deeper Bonds, Closer Hearts","""Friendship, which derives from close contact between the people, holds the key...",https://dailynews.gov.bw/news-detail/92799,general,Botswana DailyNews
18 Aug 2026,Parliament rejects electoral amendment bill,"Parliament on Thursday rejected the Electoral Amendment Bill 2026, saying a piecemeal...",https://dailynews.gov.bw/news-detail/92776,parliament,Botswana DailyNews
18 Aug 2026,Poultry farmers face high feed costs,"Botswana’s poultry industry is under pressure from soaring feed costs, with imported...",https://dailynews.gov.bw/news-detail/92782,parliament,Botswana DailyNews
18 Aug 2026,"Rendezvous in the East, Together Toward the Future","Over the years, China has hosted a series of major diplomatic gatherings...",https://dailynews.gov.bw/news-detail/92795,general,Botswana DailyNews
18 Aug 2026,SADC commends Zimbabwe for advancing regional integration,The Southern African Development Community (SADC) on Monday commended Zimbabwean President Emerson Mnangagwa for...,https://dailynews.gov.bw/news-detail/92807,general,Botswana DailyNews
18 Aug 2026,Selebi Phikwe East allocates 1 907 residential plots,A total of 1 907 residential plots have been allocated in Selebi...,https://dailynews.gov.bw/news-detail/92778,parliament,Botswana DailyNews
18 Aug 2026,Sincerity: The Key to Lasting Friendship,"By reconnecting with old foreign friends, Chinese President Xi Jinping has brought...",https://dailynews.gov.bw/news-detail/92806,general,Botswana DailyNews
18 Aug 2026,Taste of Africa Saturday Ballads returns,The Taste of Africa Saturday Ballads returns to Avani Resort and Casino...,https://dailynews.gov.bw/news-detail/92798,art-culture,Botswana DailyNews
18 Aug 2026,Thomas To Compete in Miss World Top Model Show,Miss World Botswana Ruth Thomas will this afternoon take to the runway...,https://dailynews.gov.bw/news-detail/92784,art-culture,Botswana DailyNews
18 Aug 2026,"Tirisano mmogo, phunyeletso ya temo thuo",Tirisano mmogo gareng ga balemi go ka godisa dipoelo tsa bone le...,https://dailynews.gov.bw/news-detail/92794,dikgang,Botswana DailyNews
18 Aug 2026,Tiriso ya sego le phafana e nyelela ka monokela,"Phafana le sego, tse di kile tsa bo di tlotlwa mo malobeng,...",https://dailynews.gov.bw/news-detail/92792,dikgang,Botswana DailyNews
18 Aug 2026,UNICEF Vital Partner In Youth Empowerment,With an estimated two thirds of the country’s population being under the...,https://dailynews.gov.bw/news-detail/92802,general,Botswana DailyNews
18 Aug 2026,"Xinhua Headlines: Paddling, camping, birdwatching: How a greener China","On summer weekends, Beijing's Liangma River buzzes with life. Stand-up paddle boards...",https://dailynews.gov.bw/news-detail/92785,general,Botswana DailyNews
18 Dec 2021,Voting starts slow in Metsimotlhabe,Voting started at a slow pace in Metsimotlhabe as few voters turned...,https://dailynews.gov.bw/news-detail/64801,elections,Botswana DailyNews
18 Dec 2021,voting goes well in Mochudi,Voting started earnestly at Boseja South in the Mochudi East Constituency. Two...,https://dailynews.gov.bw/news-detail/64803,elections,Botswana DailyNews
18 Dec 2024,Gaolathe and Pereyra discuss cooperation,"European Union Ambassador to Botswana and SADC, Ms Petra Pereyra made a...",https://dailynews.gov.bw/news-detail/83793,politics,Botswana DailyNews
18 Dec 2025,Ba Tsabong ba ikanya thapelo,Mookamela mapodisi a Tsabong Superintendent Monnathebe Mphela a re ba rulagantse merapelo...,https://dailynews.gov.bw/news-detail/89468,dikgang,Botswana DailyNews
18 Dec 2025,Inhumane livestock slaughter unacceptable,The methods used by thieves to slaughter livestock are wholly unacceptable and...,https://dailynews.gov.bw/news-detail/89459,parliament,Botswana DailyNews
18 Dec 2025,Keikalame o rotloetsa tshomarelo ngwao,Go dira ka diatla ke selo se se gaufi thata le pelo...,https://dailynews.gov.bw/news-detail/89469,dikgang,Botswana DailyNews
18 Dec 2025,No plans to set-up agricultural collection centre in Kgatleng,Government is not in a position to set up an agricultural collection...,https://dailynews.gov.bw/news-detail/89460,parliament,Botswana DailyNews
18 Dec 2025,Nuclear laws inadequate,The current laws do not adequately cover all elements of comprehensive legislation...,https://dailynews.gov.bw/news-detail/89461,parliament,Botswana DailyNews
18 Dec 2025,Parliament Approves Citizenship Amendment Bill,Parliament on December 17 voted in favour of the Citizenship Amendment Bill...,https://dailynews.gov.bw/news-detail/89462,parliament,Botswana DailyNews
18 Dec 2025,Retrospective on creative industry,"As the sun sets on 2025, the dust is far from settling...",https://dailynews.gov.bw/news-detail/89470,art-culture,Botswana DailyNews
18 Feb 2025,Government to amend laws,President Advocate Duma Boko says the government will remove or amend laws...,https://dailynews.gov.bw/news-detail/84691,politics,Botswana DailyNews
18 Feb 2025,President Boko interview with Sputnik news agency,Question: Thank you for joining Sputnik Africa. The budget speech in Botswana...,https://dailynews.gov.bw/news-detail/84665,politics,Botswana DailyNews
18 Feb 2025,Sputnik Africa interviews President Boko,Question: Thank you for joining Sputnik Africa. The Budget Speech in Botswana...,https://dailynews.gov.bw/news-detail/84692,politics,Botswana DailyNews
18 Feb 2025,Xinhua think tank report highlights Chinese solutions to global,"With its rapid development and growing international influence, China has been increasingly...",https://dailynews.gov.bw/news-detail/84693,development,Botswana DailyNews
18 Feb 2026,Act has no provision for plot application inheritance,"The State Land Act, Tribal Land Act of 2018 and the Botswana...",https://dailynews.gov.bw/news-detail/90101,parliament,Botswana DailyNews
18 Feb 2026,Court remands duo in Makobo murder case,Principal Magistrate Thapelo Buang has further remanded in custody Ruth Fana together...,https://dailynews.gov.bw/news-detail/90093,crime,Botswana DailyNews
18 Feb 2026,Interdict restricts govt to intervene on Modipane-Mabalane road project,"Government is constrained to interfere with the Modipane-Mabalane road project, following a...",https://dailynews.gov.bw/news-detail/90102,parliament,Botswana DailyNews
18 Feb 2026,Ministry commits to seamless land administration,"The Ministry of Lands and Agriculture, is committed to take decisive steps...",https://dailynews.gov.bw/news-detail/90099,parliament,Botswana DailyNews
18 Feb 2026,Ministry reserves land around Molepolole Prisons for civic use,"Land surrounding Molepolole Prisons remains reserved for civic and community use,...",https://dailynews.gov.bw/news-detail/90103,parliament,Botswana DailyNews
18 Feb 2026,Mpotsang Convicted of Girlfriendâ€™s Manslaughter,"The jealousy and aggression from Basimanebotlhe Mpotsang, which turned a night out...",https://dailynews.gov.bw/news-detail/90090,crime,Botswana DailyNews
18 Feb 2026,Online Radio aims to preserve Nama culture,"The community of Lokgwabe in Kgalagadi North have launched an online radio,...",https://dailynews.gov.bw/news-detail/90089,art-culture,Botswana DailyNews
18 Feb 2026,Police record over 3 000 fatal cases due to,"The Ministry for State President, Defense and Security is intensifying its efforts...",https://dailynews.gov.bw/news-detail/90104,parliament,Botswana DailyNews
18 Feb 2026,Tona o kopa banni go ilela dikgang tsa bogosi,"Tona wa lephata la dikgaolo le tsa ngwao Rre Ketlhalefile Motshegwa, o...",https://dailynews.gov.bw/news-detail/90096,dikgang,Botswana DailyNews
18 Jul 2018,Vice Council Chairperson donates to Ghanzi primary hospital,"Ghanzi East Sub-council Vice Council Chairperson, Mr Gabriel Nguahoka, who is also...",https://dailynews.gov.bw/news-detail/44116,development,Botswana DailyNews
18 Jul 2023,Elevating China\'s internet sector to new heights,"The Purple Mountain Laboratories based in Nanjing, capital city of east China's...",https://dailynews.gov.bw/news-detail/74087,development,Botswana DailyNews
18 Jul 2024,Court grants Mojadigo bail,"The Divine Anointing Church International founder, Apostle Goitsekgosi Mojadigo, has been...",https://dailynews.gov.bw/news-detail/80644,crime,Botswana DailyNews
18 Jul 2024,Double murder accused denied bail,Francistown Magistrate Game Mooketsi has refused bail for the double...,https://dailynews.gov.bw/news-detail/80646,crime,Botswana DailyNews
18 Jul 2024,Magistrate acquits motor vehicle theft accused,"Mochudi Principal Magistrate, Ms Queen Moanga has withdrawn without prejudice a case...",https://dailynews.gov.bw/news-detail/80649,crime,Botswana DailyNews
18 Jul 2024,Maun police report reduced crime rate,Maun police have reported reduced crime incidents and offences in the policing...,https://dailynews.gov.bw/news-detail/80647,crime,Botswana DailyNews
18 Jul 2024,Rape accused police officer cites mental health,"Mochudi based police officer Katlego Dikeleko, who is accused of raping a...",https://dailynews.gov.bw/news-detail/80648,crime,Botswana DailyNews
18 Jul 2024,Search for murder suspect continues,The search for a man who killed his three children at Mmoroso...,https://dailynews.gov.bw/news-detail/80643,crime,Botswana DailyNews
18 Jun 2014,Community grateful for refurbished hall,Debswana Mining Company will hand-over a refurbished hall to the Zwenshambe community...,https://dailynews.gov.bw/news-detail/12186,development,Botswana DailyNews
18 Jun 2014,Official optimistic about gateways project,"Despite the absence of a detailed Palapye gateways improvement project document, there...",https://dailynews.gov.bw/news-detail/12180,development,Botswana DailyNews
18 Jun 2024,Court remands duo pending investigations,Two men of Pilane charged with possession of goods stolen outside Botswana...,https://dailynews.gov.bw/news-detail/80153,crime,Botswana DailyNews
18 Jun 2024,Mojadigo granted bail,"A 33-year-old Motswana pastor, Gotsilekgosi Mojadigo of The Divine Anointing Church International,...",https://dailynews.gov.bw/news-detail/80147,crime,Botswana DailyNews
18 Jun 2025,Magistrate Expresses Fury Over UB employee murder,Chief Magistrate Kamogelo Mmesi of Extension II Magistrate Court has expressed frustration...,https://dailynews.gov.bw/news-detail/87047,crime,Botswana DailyNews
18 Jun 2025,Mmesi holds DPP liable for murder,"Extension II Magistrate, Ms Kamogelo Mmesi, has blamed the Department of Public...",https://dailynews.gov.bw/news-detail/87057,crime,Botswana DailyNews
18 Jun 2026,Afrika o gwetlhiwa go nosa bana metsi aa phepa,Bana ba tshwanetse ba bona tlhokomelo ka go thusiwa ka metsi a...,https://dailynews.gov.bw/news-detail/91916,dikgang,Botswana DailyNews
18 Jun 2026,Bagwebi ba nama ba leka methale e mengwe,E re le fa tlhako le molomo e apesitse banni ga mmogo...,https://dailynews.gov.bw/news-detail/91914,dikgang,Botswana DailyNews
18 Jun 2026,Kgotla Origins Farms hosts networking session,"Kgotla Origins Farm, located at Gamodubu, along the Molepolole-Gaborone road will on...",https://dailynews.gov.bw/news-detail/91918,art-culture,Botswana DailyNews
18 Jun 2026,Low voter participation undermines democracy - IEC,"Independent Electoral Commission (IEC) secretary, Mr Jefferson Siamisang says low citizen voter...",https://dailynews.gov.bw/news-detail/91904,politics,Botswana DailyNews
18 Jun 2026,Mahalapye Bophirima e ipelela maduo,Mothusa tona wa lephata la thuto go tswa kwa moding le tlhokomelo...,https://dailynews.gov.bw/news-detail/91913,dikgang,Botswana DailyNews
18 Jun 2026,Nkgaswa giant of spoken word,"Dikeletso Nkgaswa, better known by his stage name, Motitinti, a setswana slang...",https://dailynews.gov.bw/news-detail/91919,art-culture,Botswana DailyNews
18 Mar 2025,Bonno housing scheme launch tomorrow,"Minister of Water and Human Settlement, Mr Onneetse Ramogapi is expected to...",https://dailynews.gov.bw/news-detail/85283,development,Botswana DailyNews
18 Mar 2025,Kanye recurrent budget declines,"As the Kanye District Council looks forward to the 2025/26 financial year,...",https://dailynews.gov.bw/news-detail/85270,development,Botswana DailyNews
18 Mar 2025,Kazungula police impound 19 stolen vehicles,Kazungula police have registered 19 cases of cross-border motor vehicle theft since...,https://dailynews.gov.bw/news-detail/85267,crime,Botswana DailyNews
18 Mar 2025,Maun internal roads project to commence,The much awaited 25 kilometres Maun internal roads project will commence on...,https://dailynews.gov.bw/news-detail/85265,development,Botswana DailyNews
18 Mar 2025,Ramaotwana emphasises access to justice by all,Ministry of Justice and Correctional Services will continue to come up with...,https://dailynews.gov.bw/news-detail/85280,politics,Botswana DailyNews
18 Mar 2025,Wealth democratisation ideal for economic growth,The democratisation of wealth and resources is ideal for maintaining a sound...,https://dailynews.gov.bw/news-detail/85285,politics,Botswana DailyNews
18 Mar 2026,Bodiredi Bo Rotloetsa Bojanala,Badirelapuso ba makalana a a ka fa tlase ga lephata la Ofisi...,https://dailynews.gov.bw/news-detail/90604,dikgang,Botswana DailyNews
18 Mar 2026,Court Grants Sethibe Bail,Judge Bafi Nlanda of Gaborone High Court has on Wednesday granted conditional...,https://dailynews.gov.bw/news-detail/90602,crime,Botswana DailyNews
18 Mar 2026,Dikoloti champions e-voucher system for farmers,"Acting Minister of Lands and Agriculture, Dr Edwin Dikoloti says through the...",https://dailynews.gov.bw/news-detail/90607,parliament,Botswana DailyNews
18 Mar 2026,Govt considers revision of retirement age,"Minister for State President, Defence and Security, Mr Moeti Mohwasa, has told...",https://dailynews.gov.bw/news-detail/90610,parliament,Botswana DailyNews
18 Mar 2026,Lucara boosts Miss Botswana Pageant,"With only 12 contestants remaining in the Miss Botswana 2026 competition, the...",https://dailynews.gov.bw/news-detail/90615,art-culture,Botswana DailyNews
18 Mar 2026,Mapodisi A Tlhotlhomisa Polao Kwa Tsabong,Mapodisi kwa Tsabong a tshegeditse rre wa dingwaga tse di masome a...,https://dailynews.gov.bw/news-detail/90605,dikgang,Botswana DailyNews
18 Mar 2026,Ministry Acquires Fields For New Plots,"Ngwaketse Land Board has acquired three ploughing fields at Sese, under Maokane...",https://dailynews.gov.bw/news-detail/90611,parliament,Botswana DailyNews
18 Mar 2026,No tertiary institutions for Letlhakeng,The Ministry of Higher Education does not have any tertiary education institution...,https://dailynews.gov.bw/news-detail/90609,parliament,Botswana DailyNews
18 Mar 2026,Sandoh blends Shona and Setswana Into Unique Sound,"From the vibrant heart of Mogoditshane township, Aron Kulube, better known by...",https://dailynews.gov.bw/news-detail/90614,art-culture,Botswana DailyNews
18 Mar 2026,WUC only services gazetted settlements - Motsamai,"Water Utilities Corporation (WUC), as a water supply authority for the whole...",https://dailynews.gov.bw/news-detail/90608,parliament,Botswana DailyNews
18 May 2014,Khama tours SPEDU projects,"Then President, Lt Gen. Seretse Khama Ian Khama, the Vice President, Dr...",https://dailynews.gov.bw/news-detail/11386,development,Botswana DailyNews
18 May 2016,Francistown council addresses backlog,"Francistown City Council (FCC) principal public relations officer, Mr Joseph Wasubera has...",https://dailynews.gov.bw/news-detail/28392,development,Botswana DailyNews
18 May 2016,Kasane Airport project on track,Kasane Airport improvement project is scheduled to be handed over in December...,https://dailynews.gov.bw/news-detail/28385,development,Botswana DailyNews
18 May 2025,Boko leaves for Estonia,President Advocate Duma Boko left Gaborone on May 18 for a state...,https://dailynews.gov.bw/news-detail/86391,politics,Botswana DailyNews
18 May 2025,Masisi attends EAC and SADC facilitators meeting,"Former president, Dr Mokgweetsi Masisi is in Lome, Togo for the East...",https://dailynews.gov.bw/news-detail/86427,politics,Botswana DailyNews
18 May 2025,Prisoner found dead,Woodhall Police are investing a case in which a 31-year-old prisoner was...,https://dailynews.gov.bw/news-detail/86389,crime,Botswana DailyNews
18 May 2025,Woodhall police investigate prisoner death,Woodhall Police are investing a case in which a 31-year-old prisoner was...,https://dailynews.gov.bw/news-detail/86416,crime,Botswana DailyNews
18 May 2026,Dintwe makes kitchen her kingdom,What started as a default career choice has become a full -blown...,https://dailynews.gov.bw/news-detail/91451,art-culture,Botswana DailyNews
18 Nov 2024,Brazilian experts expect G20 summit to improve dialogue,The 19th G20 Summit will be held on Monday and Tuesday in...,https://dailynews.gov.bw/news-detail/83168,politics,Botswana DailyNews
18 Nov 2024,"China vows concrete actions to advance Asia-Pacific unity, cooperation",Chinese President Xi Jinping announced on Saturday that China will host the...,https://dailynews.gov.bw/news-detail/83160,politics,Botswana DailyNews
18 Nov 2024,"Embracing a more equitable, sustainable future with development",China champions an equal and orderly multipolar world and a universally beneficial...,https://dailynews.gov.bw/news-detail/83169,politics,Botswana DailyNews
18 Nov 2024,Full Text of Chinese president\'s signed article in Brazilian,Chinese President Xi Jinping published a signed article in Brazilian media outlet...,https://dailynews.gov.bw/news-detail/83167,politics,Botswana DailyNews
18 Nov 2024,Int\'l media center for G20 Summit starts operation in,The International Media Center for the 19th G20 Summit was officially inaugurated...,https://dailynews.gov.bw/news-detail/83170,politics,Botswana DailyNews
18 Nov 2024,Looking forward to further enhancing China-Brazil ties - Xi,Chinese President Xi Jinping on Sunday said he looks forward to having...,https://dailynews.gov.bw/news-detail/83171,politics,Botswana DailyNews
18 Nov 2024,"Xi arrives in Brazil for G20 Summit, state visit",Chinese President Xi Jinping arrived in Rio de Janeiro Sunday for the...,https://dailynews.gov.bw/news-detail/83164,politics,Botswana DailyNews
18 Nov 2024,"Xi calls for multi-polar world, inclusive globalization ahead of",Upon arriving in Rio de Janeiro for the 19th G20 Summit on...,https://dailynews.gov.bw/news-detail/83162,politics,Botswana DailyNews
18 Nov 2024,Xi warmly welcomed upon arrival in Rio de Janeiro,Chinese President Xi Jinping arrived in Rio de Janeiro Sunday for the...,https://dailynews.gov.bw/news-detail/83163,politics,Botswana DailyNews
18 Nov 2025,Act guides board members appointment - Mmolotsi,The Botswana Tourism Organisation Act of 2009 is the guiding and governing...,https://dailynews.gov.bw/news-detail/89145,parliament,Botswana DailyNews
18 Nov 2025,Council and BHC handover Bonno house,Bonno Housing Programme is on track in realising its mandate of providing...,https://dailynews.gov.bw/news-detail/89135,development,Botswana DailyNews
18 Nov 2025,Drugs shortage intervention needs concerted efforts,Drugs shortage could have been averted if the government had heeded the...,https://dailynews.gov.bw/news-detail/89148,parliament,Botswana DailyNews
18 Nov 2025,Government on course to improve citizen lives,"Since assuming the reigns of state power in 2024, the Umbrella for...",https://dailynews.gov.bw/news-detail/89147,parliament,Botswana DailyNews
18 Nov 2025,Land shortage delayed weigh bridge in Ngoma,"Efforts were made in 1998 to construct a weigh bridge in Ngoma,...",https://dailynews.gov.bw/news-detail/89142,parliament,Botswana DailyNews
18 Nov 2025,Mascom Live Sessions returns,The Mascom Live Sessions returns to Botswana Craft on November 29 after...,https://dailynews.gov.bw/news-detail/89149,art-culture,Botswana DailyNews
18 Nov 2025,Ministry addresses Public Health Care challenges,The availability of essential medical personnel and specialists remains critical to improving...,https://dailynews.gov.bw/news-detail/89143,parliament,Botswana DailyNews
18 Nov 2025,Ofisi e tsibogela kopo ya banni,"Banni ba Matsitama, Makobo, Jamataka le Mathangwane ba ikopetse go fiwa ditirelo...",https://dailynews.gov.bw/news-detail/89139,dikgang,Botswana DailyNews
18 Nov 2025,Plans underway to improve land services,"The Minister of Water and Human Settlement, Mr Onneetse Ramogapi says government...",https://dailynews.gov.bw/news-detail/89144,parliament,Botswana DailyNews
18 Nov 2025,Puso e rarabolola seemo sa tlhaelo ya metsi,Motse wa Shoshong o ntse o itemogela tlhaelo ya metsi fa e...,https://dailynews.gov.bw/news-detail/89138,dikgang,Botswana DailyNews
18 Nov 2025,Routine maintenance in Kgatleng schools priority,"Government through the Ministry of Local Government and Traditional Affairs, is committed...",https://dailynews.gov.bw/news-detail/89146,parliament,Botswana DailyNews
18 Nov 2025,Thuto enters music scene,"Musical talent runs in the family as debut artiste, Thuto Rantao, also...",https://dailynews.gov.bw/news-detail/89150,art-culture,Botswana DailyNews
18 Oct 2024,"In China\'s far west, a Silk Road trade hub","It was 11 p.m. in Kashgar, a remote desert oasis city in...",https://dailynews.gov.bw/news-detail/82353,development,Botswana DailyNews
18 Oct 2024,What moments captured on phones in Xinjiang impressed foreign,"The 6th World Media Summit (WMS) opened on Monday morning in Urumqi,...",https://dailynews.gov.bw/news-detail/82352,development,Botswana DailyNews
18 Oct 2024,Xi urges Fujian to play pioneering role in China\'s,President Xi Jinping has urged east China's Fujian Province to play a...,https://dailynews.gov.bw/news-detail/82351,development,Botswana DailyNews
18 Sep 2024,Outgoing offenders counseled,Outgoing offenders have been urged to take advantage of government empowerment programmes...,https://dailynews.gov.bw/news-detail/81826,crime,Botswana DailyNews
18 Sep 2026,BRICS maximizes different voices for common challenges: Ethiopian expert,"""The core idea behind BRICS is always multilateralism."" As a venue for...",https://dailynews.gov.bw/news-detail/93328,general,Botswana DailyNews
18 Sep 2026,"BRICS, a path toward a more equitable, multipolar world","The world today faces growing economic, political and trade challenges amid rising...",https://dailynews.gov.bw/news-detail/93329,general,Botswana DailyNews
18 Sep 2026,Jointly advancing high-quality development of greater BRICS cooperation,...,https://dailynews.gov.bw/news-detail/93327,general,Botswana DailyNews
19 Apr 2026,Dr Vom Steals Show,Sticks tapped. Branches waved. The crowd at Obed Itani Chilume Stadium leaned...,https://dailynews.gov.bw/news-detail/91052,art-culture,Botswana DailyNews
19 Aug 2020,Tshikinyega Primary School records another COVID-19 positive case,Tshikinyega Primary School in Mahalapye has recorded another COVID-19 positive case. The...,https://dailynews.gov.bw/news-detail/57846,development,Botswana DailyNews
19 Aug 2025,GIMC: More than just entertainment,Leapfrog Advertising will once again host the Gaborone International Music and Culture...,https://dailynews.gov.bw/news-detail/88201,art-culture,Botswana DailyNews
19 Aug 2025,Gaseitsewe pleads not guilty,Metlhaeno Gaseitsiwe has pleaded not guilty to a charge of undermining the...,https://dailynews.gov.bw/news-detail/88197,crime,Botswana DailyNews
19 Aug 2025,Gospel artiste receives international recognition,"Motswana gospel artiste Gaone Selebo has once again captured the spotlight, earning...",https://dailynews.gov.bw/news-detail/88210,art-culture,Botswana DailyNews
19 Aug 2025,Mokomeng Defilement Trial set for December,Lobatse Magistrate Court has set December 2 to 3 as trial dates...,https://dailynews.gov.bw/news-detail/88205,crime,Botswana DailyNews
19 Aug 2026,Baithuti Ba Malala a laotswe,Baithuti ba lekwalo la bosupa kwa sekolong se se botlana sa Mapulane...,https://dailynews.gov.bw/news-detail/92820,dikgang,Botswana DailyNews
19 Aug 2026,Bangwaketse ba isa mabele a dikgafela,"E tlaabo e le semphete ke go fete ka Labotlhano kwa Kanye,...",https://dailynews.gov.bw/news-detail/92821,dikgang,Botswana DailyNews
19 Aug 2026,"Beauty in Every Culture, Harmony for All","""Indeed, we need a mind that is broader than the sky as...",https://dailynews.gov.bw/news-detail/92837,general,Botswana DailyNews
19 Aug 2026,BoMRA recalls Flumed syrup batch over crystallisation,Botswana Medicines Regulatory Authority (BoMRA) has recalled one batch of Flumed Syrup...,https://dailynews.gov.bw/news-detail/92832,general,Botswana DailyNews
19 Aug 2026,Botswana exports poultry to Mozambique and AngolaÂ - Motsamai,"Botswana is already exporting poultry meat, eggs and related products, government has...",https://dailynews.gov.bw/news-detail/92825,parliament,Botswana DailyNews
19 Aug 2026,Council chairperson calls for shift in service delivery,Palapye District leadership has been challenged to shift from merely reporting challenges...,https://dailynews.gov.bw/news-detail/92815,general,Botswana DailyNews
19 Aug 2026,Dikgosi hold unique place in protocol order,Government has clarified that the National Order of Precedence is a protocol...,https://dailynews.gov.bw/news-detail/92824,parliament,Botswana DailyNews
19 Aug 2026,Gaborone book festival back,"The 2026 Gaborone Book Festival(GBF),scheduled for August 20 to 22 is expected...",https://dailynews.gov.bw/news-detail/92811,art-culture,Botswana DailyNews
19 Aug 2026,Govt and unions reach settlement on per diem and,Government and six public service trade unions have reached a settlement agreement...,https://dailynews.gov.bw/news-detail/92831,general,Botswana DailyNews
19 Aug 2026,Govt to conclude refunds for self-sponsored teachers by August,Parliament has been informed that the Ministry of Child Welfare and Basic...,https://dailynews.gov.bw/news-detail/92812,parliament,Botswana DailyNews
19 Aug 2026,Honoring a Promise Carries the Weight of Gold,"""We Chinese have a saying that honoring a promise carries the weight...",https://dailynews.gov.bw/news-detail/92836,general,Botswana DailyNews
19 Aug 2026,Kelebeng appeals for calm and responsible action,"Member of Parliament for Takatokwane, Mr Jacob Kelebeng has called for the...",https://dailynews.gov.bw/news-detail/92817,general,Botswana DailyNews
19 Aug 2026,Kgosi e tlhophiwa ke morafe -Motshegwa,"Go tlhongwa ga dikgosi ke boikarabelo jwa merafe, ba tlhopha yo o...",https://dailynews.gov.bw/news-detail/92819,dikgang,Botswana DailyNews
19 Aug 2026,Labour relations act to commence SeptemberÂ Â,Botswana’s Employment and Labour Relations Act of 2025 will come into effect...,https://dailynews.gov.bw/news-detail/92813,parliament,Botswana DailyNews
19 Aug 2026,"Lives saved, lives changed -- Chinese doctors mark their","For three years, Seif Amour Rajab could barely open his mouth. Seif...",https://dailynews.gov.bw/news-detail/92838,general,Botswana DailyNews
19 Aug 2026,MPs welcome National Insurance Policy,Parliament on Tuesday debated a motion to adopt the National Health Insurance...,https://dailynews.gov.bw/news-detail/92814,parliament,Botswana DailyNews
19 Aug 2026,Maake kaNcube Headlines Inaugural Creators,"South African acting royalty, Sello Maake kaNcube is topping the bill at...",https://dailynews.gov.bw/news-detail/92834,art-culture,Botswana DailyNews
19 Aug 2026,Ministry intensifies efforts to address document fraud,The Ministry of Labour and Home Affairs has intensified efforts to combat...,https://dailynews.gov.bw/news-detail/92830,general,Botswana DailyNews
19 Aug 2026,SOS Childrenâ€™s Village celebrates 40 years of impactful care,The SOS Children’s Village is set to host an anniversary gala dinner...,https://dailynews.gov.bw/news-detail/92816,general,Botswana DailyNews
19 Aug 2026,Summit Designates BVI Vaccine Bank,"President Advocate Duma Boko arriving from South Africa yesterday, where he participated...",https://dailynews.gov.bw/news-detail/92833,general,Botswana DailyNews
19 Aug 2026,Thomas Makes Winning Team,"Miss World Botswana, Ruth Thomas has made a strong start to her...",https://dailynews.gov.bw/news-detail/92835,art-culture,Botswana DailyNews
19 Aug 2026,Xi calls for stronger China-Ecuador synergy in development strategies,Chinese President Xi Jinping on Tuesday emphasized that China and Ecuador should...,https://dailynews.gov.bw/news-detail/92809,general,Botswana DailyNews
19 Dec 2019,Water Crisis in Kanye Solved,The much anticipated Mmamashia-Kanye North-South Carrier (NSC) connection is now up and...,https://dailynews.gov.bw/news-detail/53599,development,Botswana DailyNews
19 Dec 2019,\'Use land to create wealth for Batswanaâ€™,Government has placed land management at the epicentre of its development agenda....,https://dailynews.gov.bw/news-detail/53600,development,Botswana DailyNews
19 Dec 2024,Change of government highlights historic 2024,"In a surreal moment, barely a day and half after casting their...",https://dailynews.gov.bw/news-detail/83813,politics,Botswana DailyNews
19 Dec 2024,Komane at helm of Kgatleng District Council,"Councillor Thabo Komane is the new Kgatleng District Council chairperson, deputised by...",https://dailynews.gov.bw/news-detail/83795,politics,Botswana DailyNews
19 Dec 2024,Ronald Okavango District Council chairperson,"Former Okavango District Council chairperson, Mr Gaopalelwe Ronald has retained his seat...",https://dailynews.gov.bw/news-detail/83798,politics,Botswana DailyNews
19 Dec 2024,Selala new Mogoditshane/ Thamaga District Council chairperson,History was made on Monday as the newly established Mogoditshane/ Thamaga District...,https://dailynews.gov.bw/news-detail/83794,politics,Botswana DailyNews
19 Dec 2024,The year shadows lengthened,"The year 2024 began with the usual hopeful hum, the promise of...",https://dailynews.gov.bw/news-detail/83807,crime,Botswana DailyNews
19 Feb 2026,Ba marekisetso a nama ba gomagometsa go kgaola babereki,Bagwebi ba marekisetso a nama kwa kgaolong ya Tutume ba gomagometsa go...,https://dailynews.gov.bw/news-detail/90141,dikgang,Botswana DailyNews
19 Feb 2026,Baithuti ba ba-na-le bogole ba tlhoka thotloetso,Bagolwane ba lephata la popo sesha ya magolegwa ba abetse lephata la...,https://dailynews.gov.bw/news-detail/90140,dikgang,Botswana DailyNews
19 Feb 2026,Gakuto-Kopong-Bokaa under routine maintenance,"Minister of Transport and Infrastructure, Mr Noah Salakae, has informed Parliament that...",https://dailynews.gov.bw/news-detail/90133,parliament,Botswana DailyNews
19 Feb 2026,Govt suspends corporal punishment pending law review,The Minister of Child Welfare and Basic Education says the use of...,https://dailynews.gov.bw/news-detail/90134,parliament,Botswana DailyNews
19 Feb 2026,Mathumpu reinforces Makwakwa as cultural torchbearer,"After their 2024 single titled Digwabanyana, Makwakwa A Mmino Traditional Group has...",https://dailynews.gov.bw/news-detail/90149,art-culture,Botswana DailyNews
19 Feb 2026,Minister admits school facilities need urgent repair,The Ministry of Child Welfare and Basic Education has adopted possible methods...,https://dailynews.gov.bw/news-detail/90132,parliament,Botswana DailyNews
19 Feb 2026,"Mohwasa outlines major social, labour wins in budget debate","Government has, despite ongoing economic challenges, successfully steered the national economy, as...",https://dailynews.gov.bw/news-detail/90131,parliament,Botswana DailyNews
19 Feb 2026,Phimolo keledi ga se tuelo,"Mogolwane wa bakenti kwa Molepolole, Rre Kelebile Mmutsi, o tlhaloseditse barui ba...",https://dailynews.gov.bw/news-detail/90142,dikgang,Botswana DailyNews
19 Feb 2026,The Lokgwabe community launches Nama Online Radio,The Lokgwabe community has taken a decisive step towards safeguarding its cultural...,https://dailynews.gov.bw/news-detail/90151,art-culture,Botswana DailyNews
19 Feb 2026,Toby and Abby CafÃ© turns traditional into modern delicacies,"What began as a small stall selling lerotse juice, lerotse porridge, lengangale...",https://dailynews.gov.bw/news-detail/90150,art-culture,Botswana DailyNews
19 Feb 2026,Witchcraft murder appeal borders on death penalty,A mistaken identity murder stemming from witchcraft claims has left Ernest Legwale...,https://dailynews.gov.bw/news-detail/90126,crime,Botswana DailyNews
19 Jan 2015,Construction of Shakawe hospital starts next financial year,"The Minister of Health, Ms Dorcas Makgato says the construction of the...",https://dailynews.gov.bw/news-detail/16963,development,Botswana DailyNews
19 Jan 2015,Jwaneng/Maokane road on plan,"The deputy district commissioner for Mabutsane, Mr Charles Modise, has told residents...",https://dailynews.gov.bw/news-detail/16986,development,Botswana DailyNews
19 Jan 2025,Boko and Saleshando vow to strengthen democracy,If the country’s political leaders could work together for a common purpose...,https://dailynews.gov.bw/news-detail/84062,politics,Botswana DailyNews
19 Jan 2025,President Boko attends World Economic Forum,President Advocate Duma Boko will participate at the 2025 World Economic Forum...,https://dailynews.gov.bw/news-detail/84067,politics,Botswana DailyNews
19 Jan 2025,Uphold highest standards of accountability,"Members of Parliament have been called upon to exemplify ethical conduct, uphold...",https://dailynews.gov.bw/news-detail/84065,politics,Botswana DailyNews
19 Jan 2026,A moretlwa o lele kwa dikoleng - kgosi,Kgosi Dikakanyo Otukile wa Malaka a re baithuti ba dule mo taolong...,https://dailynews.gov.bw/news-detail/89627,dikgang,Botswana DailyNews
19 Jan 2026,Ba lela ka diji kwa Gumare,Banni ba Gumare ba lela ka diji kwa masimong a bone. Mme Kgakologelo...,https://dailynews.gov.bw/news-detail/89625,dikgang,Botswana DailyNews
19 Jan 2026,Tona o ikuela mabapi le dikoloto tsa metsi,"Tona wa metsi le bonno, Rre Onneetse Ramogapi a re go tlhoka...",https://dailynews.gov.bw/news-detail/89626,dikgang,Botswana DailyNews
19 Jul 2023,Chinese economy sees hard-won recovery in H1 amid global,China's economic performance in the first half (H1) of 2023 showed signs...,https://dailynews.gov.bw/news-detail/74124,development,Botswana DailyNews
19 Jul 2023,Chinese economy to forge ahead with full confidence in,Guest speakers of the China Economic Roundtable have full confidence in the...,https://dailynews.gov.bw/news-detail/74122,development,Botswana DailyNews
19 Jul 2023,Global investors voice confidence in Chinese economy,"Despite various challenges, the Chinese economy has shown remarkable improvement and performance...",https://dailynews.gov.bw/news-detail/74125,development,Botswana DailyNews
19 Jul 2023,New drivers expected to propel China\'s future economic growth,"New drivers are expected to support China's future economic growth, guest speakers...",https://dailynews.gov.bw/news-detail/74123,development,Botswana DailyNews
19 Jul 2024,Police withold victims names,Police in Francistown says it is premature to disclose the identities...,https://dailynews.gov.bw/news-detail/80667,crime,Botswana DailyNews
19 Jul 2026,Leburu laid to rest,"Lobatse is known for the beginning of organised music, so the late...",https://dailynews.gov.bw/news-detail/92313,art-culture,Botswana DailyNews
19 Jun 2014,Plans in place to transform BCA infrastructure,The draft physical development plan of the transformation of Botswana College of...,https://dailynews.gov.bw/news-detail/12228,development,Botswana DailyNews
19 Jun 2018,Kgatleng Social Clubs campaign for blood donation,Kgatleng Social Soccer Clubs in partnership with Moje Foundation recently held a...,https://dailynews.gov.bw/news-detail/43483,development,Botswana DailyNews
19 Jun 2025,Qatar Botswana strategic partner,"President Advocate Duma Boko (right) receiving letters of credence from Qatar Ambassador,...",https://dailynews.gov.bw/news-detail/87083,politics,Botswana DailyNews
19 Mar 2015,Palapye Bus Rank to open soon,The multi-million Pula Palapye Bus Rank is expected to open soon following...,https://dailynews.gov.bw/news-detail/18734,development,Botswana DailyNews
19 Mar 2025,BPS embraces multi - sectoral approach,Botswana Police Service (BPS) has embraced a multi-sectoral approach to combat crime ...,https://dailynews.gov.bw/news-detail/85307,politics,Botswana DailyNews
19 Mar 2025,Boko calls for collaboration in crime prevention,President Advocate Duma Boko has emphasised the need for collaboration in tackling...,https://dailynews.gov.bw/news-detail/85288,politics,Botswana DailyNews
19 Mar 2025,Boko joins Namibians in celebration,President Advocate Duma Boko will tomorrow join Namibians in celebrating history of...,https://dailynews.gov.bw/news-detail/85308,politics,Botswana DailyNews
19 Mar 2025,Council Chairperson proposes Local Authority Forum,"The Chairperson of the Mogoditshane-Thamaga District Council, Mr Tona Selala has proposed...",https://dailynews.gov.bw/news-detail/85298,politics,Botswana DailyNews
19 Mar 2025,Council aims to promote Bobirwa as horticulture hub,Bobirwa District Council (BDC) seeks to promote the area as a horticultural...,https://dailynews.gov.bw/news-detail/85292,politics,Botswana DailyNews
19 Mar 2025,Masisi to attend Ndaitwah inauguration,"Former President, Dr Mokgweetsi Masisi will tomorrow attend the inauguration ceremony of...",https://dailynews.gov.bw/news-detail/85309,politics,Botswana DailyNews
19 Mar 2025,Molapisi awaits appeal dates,"Botswana High Commissioner to India, Mr Gilbert Mangole says he is not...",https://dailynews.gov.bw/news-detail/85310,crime,Botswana DailyNews
19 Mar 2025,Public safety fundamental for development,"By improving public safety, government would be empowering every citizen to pursue...",https://dailynews.gov.bw/news-detail/85306,politics,Botswana DailyNews
19 Mar 2026,Asset Declaration Vital Corruption Deterrent Tool,Asset declaration is a vital anti-corruption tool with the potential to act...,https://dailynews.gov.bw/news-detail/90647,parliament,Botswana DailyNews
19 Mar 2026,Ba ipelela letsatsi la mafatshe la poko,Motlobo wa ditso wa Kgari Sechele I Museum o tla fetoga serala...,https://dailynews.gov.bw/news-detail/90627,dikgang,Botswana DailyNews
19 Mar 2026,Botswana Secures Brazil Dairy Cows,Government has secured 1 000 Girolando dairy cows from Brazil to bolster...,https://dailynews.gov.bw/news-detail/90641,parliament,Botswana DailyNews
19 Mar 2026,Butale Warns Against Foreign Military Work,The Minister of International Relations has issued a strong warning to Batswana...,https://dailynews.gov.bw/news-detail/90653,politics,Botswana DailyNews
19 Mar 2026,Commercial borders key to regional integration and community growth,Government fully recognises the importance of upgrading borders into commercial border post...,https://dailynews.gov.bw/news-detail/90646,parliament,Botswana DailyNews
19 Mar 2026,Escort service for cash-in-transit vehicles still ongoing -Mohwasa,Parliament has been informed that the decision to escort cash-in-transit vehicles was...,https://dailynews.gov.bw/news-detail/90640,parliament,Botswana DailyNews
19 Mar 2026,Fibre optic rollout renders towers obsolete,"Parliament has learned that the objectives of the initial towers of Ghoha,...",https://dailynews.gov.bw/news-detail/90643,parliament,Botswana DailyNews
19 Mar 2026,Financial Constraints Halt National Border Buffer,The exercise to create a buffer along the international boundary was put...,https://dailynews.gov.bw/news-detail/90639,parliament,Botswana DailyNews
19 Mar 2026,Gaothobogwe uses animation to preserve culture,"Try Gaothobogwe, a Tutume native currently pursuing a Master of Education in...",https://dailynews.gov.bw/news-detail/90624,art-culture,Botswana DailyNews
19 Mar 2026,Govt commits to provision of conducive learning environment,"Minister of Local Government and Traditional Affairs, Mr Ketlhalefile Motshegwa has told...",https://dailynews.gov.bw/news-detail/90642,parliament,Botswana DailyNews
19 Mar 2026,Healing wounds through venting,"The process of recovering from childhood trauma, and gender based violence is...",https://dailynews.gov.bw/news-detail/90625,art-culture,Botswana DailyNews
19 Mar 2026,Justice ministry anchors budget on human rights and dignity,"Government has adopted Human Rights as its core principle of governance, hence...",https://dailynews.gov.bw/news-detail/90645,parliament,Botswana DailyNews
19 Mar 2026,Kokorwe served to her best abilities,"Former legislator and cabinet minister, Dr Pelonomi Venson-Moitoi has hailed Gladys Kokorwe...",https://dailynews.gov.bw/news-detail/90635,politics,Botswana DailyNews
19 Mar 2026,MPs call for codified foreign policy and economic diplomacy,"Legislators have emphasised the need for diplomatic reforms, including economic diplomacy, enhanced...",https://dailynews.gov.bw/news-detail/90626,parliament,Botswana DailyNews
19 Mar 2026,Ministry addresses Mogoditshane drainage woes,The Ministry of Local Government and Traditional Affairs has outlined strategic measures...,https://dailynews.gov.bw/news-detail/90644,parliament,Botswana DailyNews
19 Mar 2026,Nomina Bags Major Award in Rwanda,Decorated Botswana songstress Pamela Bhulu fondly known as Nomina in the music...,https://dailynews.gov.bw/news-detail/90622,art-culture,Botswana DailyNews
19 Mar 2026,Ramaotwana promises projects fulfilment,Minister of Justice and Correctional Services has assured Tobane residents that the...,https://dailynews.gov.bw/news-detail/90649,parliament,Botswana DailyNews
19 Mar 2026,Tshwaragano e ka tsisa pharologanyo,"Mothusa modulasetilo wa lekgotla la barui kwa Werda, Rre Tebogo Gaboitaolelwe a...",https://dailynews.gov.bw/news-detail/90628,dikgang,Botswana DailyNews
19 Mar 2026,Tsodilo Hills Flm Returns Home After New York Premiere,A documentary celebrating Botswana’s iconic Tsodilo Hills has returned home following a...,https://dailynews.gov.bw/news-detail/90623,art-culture,Botswana DailyNews
19 May 2025,(China Economic Roundtable) China\'s inbound tourism continues heating up,"China's inbound tourism has maintained strong momentum, with a sharp rise in...",https://dailynews.gov.bw/news-detail/86453,politics,Botswana DailyNews
19 May 2025,Court denies Mathubudukwane Policeâ€™s arson accused bail,"On Monday, the Mochudi Magistrate Court denied bail to arson accused Ian...",https://dailynews.gov.bw/news-detail/86467,crime,Botswana DailyNews
19 May 2025,Digitilisation priority,Botswana has taken steps toward digitilisation with the creation of the National...,https://dailynews.gov.bw/news-detail/86463,politics,Botswana DailyNews
19 May 2025,Visit to Estonia foster ties,President Advocate Duma Boko’s state visit to Estonia starting May 19 to...,https://dailynews.gov.bw/news-detail/86434,politics,Botswana DailyNews
19 May 2025,Xi stresses high-quality compilation of 15th Five - Year,"President Xi Jinping has stressed sound, democratic, and law-based decision-making to ensure...",https://dailynews.gov.bw/news-detail/86450,politics,Botswana DailyNews
19 May 2026,Ba Dikwididi ga ba itumelele seemo sa tsela,Banni ba motse wa Dikwididi ga ba itumedisiwe ke seemo sa tsela...,https://dailynews.gov.bw/news-detail/91472,dikgang,Botswana DailyNews
19 May 2026,Kgosi Bimbo o bolokwa ka Matlhatso,"Kgosi wa pele wa Draaihoek mo kgaolong ya Kgalagadi Borwa, Kgosi Charles...",https://dailynews.gov.bw/news-detail/91471,dikgang,Botswana DailyNews
19 May 2026,Matlo a BCL a tlaa lopa denationalizing tse di,Tona wa Matlo le Bonno Rre Onneetse Ramogapi o boletse fa matlo...,https://dailynews.gov.bw/news-detail/91458,dikgang,Botswana DailyNews
19 May 2026,Modupi o supa ngwao ka thekiso ya dijo tsa,"E re ka Motswana a rile phokoje go tshela yo o dithetsenyana,...",https://dailynews.gov.bw/news-detail/91457,dikgang,Botswana DailyNews
19 May 2026,Selebo earns double nomination at US music awards,"Gospel artiste, Gaone Selebo has been nominated once again for the prestigious...",https://dailynews.gov.bw/news-detail/91475,art-culture,Botswana DailyNews
19 Nov 2025,Constitutional Review Must Prioritise Public Participation - FES,Members of Parliament (MPs) have been urged to ensure a fully inclusive...,https://dailynews.gov.bw/news-detail/89158,politics,Botswana DailyNews
19 Oct 2014,Maun to have another junior secondary school,A new junior secondary school will be built in Maun at the...,https://dailynews.gov.bw/news-detail/15197,development,Botswana DailyNews
19 Oct 2023,Documentary: A Shared Path,"More than 2 000 years ago, the ancient Silk Road bridged East...",https://dailynews.gov.bw/news-detail/75832,development,Botswana DailyNews
19 Sep 2024,Witness Exonerates Matomela,"A defence witness in the P2.3 million Turnrite Mall cash-in-transit robbery, Tebogo...",https://dailynews.gov.bw/news-detail/81848,crime,Botswana DailyNews
20 Apr 2026,Barui bangwe ba kgoreletsa twantsho ya tlhako le molomo,Letsholo la ntwa kgatlhanong le bolwetse jwa tlhako le molomo le kgorelediwa...,https://dailynews.gov.bw/news-detail/91060,dikgang,Botswana DailyNews
20 Apr 2026,Boko rallies party around faith and unity,The Botswana National Front (BNF) marked its 60th anniversary in style on...,https://dailynews.gov.bw/news-detail/91057,politics,Botswana DailyNews
20 Apr 2026,Dikoloti o kopa Barolong go emisa go tlola molelwane,"Motshwarelela Tona ya Lefatshe le Temothuo, Dr Edwin Dikoloti, o kopile baagi...",https://dailynews.gov.bw/news-detail/91059,dikgang,Botswana DailyNews
20 Apr 2026,Funding shortfall stalls Lobatse integrated office block,The proposed government integrated office block in Lobatse has been suspended due...,https://dailynews.gov.bw/news-detail/91071,parliament,Botswana DailyNews
20 Apr 2026,Govt to consider re-demarcating veterinary disease control zones,"Government will consider urgently re-demarcating existing veterinary disease control zones, particularly Zone...",https://dailynews.gov.bw/news-detail/91070,parliament,Botswana DailyNews
20 Apr 2026,Mmadinare-Robelela road project 51 per cent complete,The contract for reseal of Damuchujenaa and Mmadinare access including surfacing of...,https://dailynews.gov.bw/news-detail/91072,parliament,Botswana DailyNews
20 Apr 2026,The Thabas Advocate For Strong Marriage Foundation,"Percy Thaba, the founder of the Healthy Family Foundation, along with his...",https://dailynews.gov.bw/news-detail/91077,art-culture,Botswana DailyNews
20 Apr 2026,Young comedian aim high,Katlo Masuga of Molepolole discovered his passion for comedy as early as...,https://dailynews.gov.bw/news-detail/91069,art-culture,Botswana DailyNews
20 Aug 2014,Machinery failure delays project completion,"Frequent breaking down of machinery, especially graders is one of the main...",https://dailynews.gov.bw/news-detail/13798,development,Botswana DailyNews
20 Aug 2025,Councillors reject attempt to oust chairperson,Councillors in the Palapye district have dismissed a motion of no confidence...,https://dailynews.gov.bw/news-detail/88222,politics,Botswana DailyNews
20 Aug 2025,Grand Palm brings back Soul Sundays,The Grand Palm Hotel is set to bring back Soul Sundays at...,https://dailynews.gov.bw/news-detail/88224,art-culture,Botswana DailyNews
20 Aug 2025,Man changes plea on rape,"A 36-year-old man from Tsolamosese, Mogoditshane, who initially pleaded guilty to charges...",https://dailynews.gov.bw/news-detail/88215,crime,Botswana DailyNews
20 Aug 2025,Police warn learners against crime,Maun Station Commander has expressed concern over the persistent involvement of some...,https://dailynews.gov.bw/news-detail/88217,crime,Botswana DailyNews
20 Aug 2025,Revival of Dikgafela symbolises Setswana heritage,The revival of Dikgafela in Ranaka symbolises a profound connection to Setswana...,https://dailynews.gov.bw/news-detail/88226,art-culture,Botswana DailyNews
20 Aug 2025,Show promises exhilarating activities,"Botswana’s children’s entertainer, Michael Sekalaba, affectionately known as Uncle Dipopae is back...",https://dailynews.gov.bw/news-detail/88225,art-culture,Botswana DailyNews
20 Aug 2026,Atamelang new transport minister,"President Advocate Duma Boko has appointed Boteti East Member of Parliament, Keagile...",https://dailynews.gov.bw/news-detail/92851,general,Botswana DailyNews
20 Aug 2026,Botswana Donates FMD Vaccines To Lesotho,Botswana has donated 100 000 doses of Foot-and-Mouth Disease (FMD) vaccine to...,https://dailynews.gov.bw/news-detail/92847,general,Botswana DailyNews
20 Aug 2026,Council calls for joint efforts to improve service delivery,Improved service delivery require collective efforts by all concerned stakeholders in the...,https://dailynews.gov.bw/news-detail/92839,general,Botswana DailyNews
20 Aug 2026,DWNP reviews elephant management plan,The Department of Wildlife and National Parks (DWNP) is reviewing National Elephant...,https://dailynews.gov.bw/news-detail/92841,general,Botswana DailyNews
20 Aug 2026,Lack of funds stall Good Hope road projects,Significant progress has been made in the output and performance-based road contract...,https://dailynews.gov.bw/news-detail/92845,general,Botswana DailyNews
20 Aug 2026,Maropeâ€™s road to success,"Driven by childhood curiosity, 35-year-old Gabane native, Mr Thatayaone Marope has successfully...",https://dailynews.gov.bw/news-detail/92848,general,Botswana DailyNews
20 Aug 2026,Marriages plummet as births outside wedlock rise,The number of marriages solemnised annually continues to plummet amid a sharp...,https://dailynews.gov.bw/news-detail/92844,general,Botswana DailyNews
20 Aug 2026,Ministry Contains FMD Outbreaks In Zones 3C and 6B,The Ministry of Lands and Agriculture has announced that the outbreaks of...,https://dailynews.gov.bw/news-detail/92864,general,Botswana DailyNews
20 Aug 2026,New partnership to boost prison rehabilitation and skills development,The Botswana Prison Service (BPS) and Boitekanelo College have entered into a...,https://dailynews.gov.bw/news-detail/92843,general,Botswana DailyNews
20 Aug 2026,Non-former BCL employees to vacate mine Houses,A total of 237 individuals classified as non-former employees of BCL mine...,https://dailynews.gov.bw/news-detail/92863,general,Botswana DailyNews
20 Aug 2026,Trust moves to preserve culture and natural resources,"Established in 2023 and registered the following year, Mulambakwena Development and Conservation...",https://dailynews.gov.bw/news-detail/92840,general,Botswana DailyNews
20 Aug 2026,Wood carving sustains pensioner,Mr Motshegetsi Wadikobo’s journey to becoming an established carpenter is a result...,https://dailynews.gov.bw/news-detail/92854,general,Botswana DailyNews
20 Aug 2026,Xi addresses Beijing gathering that commemorates birth centenary of,"The Communist Party of China (CPC) Central Committee, the Standing Committee of...",https://dailynews.gov.bw/news-detail/92846,general,Botswana DailyNews
20 Aug 2026,Xi congratulates Baka on assuming Hungarian presidency,Chinese President Xi Jinping on Wednesday extended congratulations to Andras Baka on...,https://dailynews.gov.bw/news-detail/92842,general,Botswana DailyNews
20 Aug 2026,Xi\'s Album | Xi holds talks with Ecuadorian president,Chinese President Xi Jinping held talks with President of the Republic of...,https://dailynews.gov.bw/news-detail/92855,general,Botswana DailyNews
20 Dec 2021,Avani Gaborone hosts vulnerable kids,Avani Gaborone Resort and Casino has promised to continue to support Tsogang...,https://dailynews.gov.bw/news-detail/64834,development,Botswana DailyNews
20 Dec 2024,Botswana fosters ties with UAE,Botswana and United Arab Emirates (UAE) are fully committed to fostering bilateral...,https://dailynews.gov.bw/news-detail/83821,politics,Botswana DailyNews
20 Dec 2024,President pleads with Batswana to serve with humility,President Advocate Duma Boko has pleaded with nation to serve the country...,https://dailynews.gov.bw/news-detail/83825,politics,Botswana DailyNews
20 Feb 2026,Damage to cordon fences increases risk of FMD,The Ministry of Lands and Agriculture has acknowledged that cordon fences are...,https://dailynews.gov.bw/news-detail/90163,parliament,Botswana DailyNews
20 Feb 2026,Efforts underway to protect artistes interests,Plans are afoot to strengthen the creative industry’s legal standing. Answering a...,https://dailynews.gov.bw/news-detail/90165,parliament,Botswana DailyNews
20 Feb 2026,Health authorities dispose 1 900 expired medicines,Parliament has been informed that the Ministry of Health has disposed of...,https://dailynews.gov.bw/news-detail/90164,parliament,Botswana DailyNews
20 Feb 2026,New UB structure to prioritise research and academic efficiency,The University of Botswana is undergoing major transformation following the adoption of...,https://dailynews.gov.bw/news-detail/90166,parliament,Botswana DailyNews
20 Jan 2025,BDP to embark on transformative drive,"Leader of the Botswana Democratic Party (BDP), Dr Mokgweetsi Masisi says the...",https://dailynews.gov.bw/news-detail/84086,politics,Botswana DailyNews
20 Jan 2025,Boko attends World Economic Forum,President Advocate Duma Boko departed for Switzerland today to participate at the...,https://dailynews.gov.bw/news-detail/84096,politics,Botswana DailyNews
20 Jan 2025,Masisi implores democrats to regroup,Botswana Democratic Party (BDP) members have been urged to rebuild and grow...,https://dailynews.gov.bw/news-detail/84087,politics,Botswana DailyNews
20 Jan 2026,Dikgang tsa tiriso bana botlhaswa di a gola kwa,"Mo ngwageng oo hetileng, go kwadisitswe dikgang di le masome a matlhano...",https://dailynews.gov.bw/news-detail/89642,dikgang,Botswana DailyNews
20 Jan 2026,National arts council of Botswana appoints new board,"To strengthen strategic direction and oversight capacity, the National Arts Council of...",https://dailynews.gov.bw/news-detail/89639,art-culture,Botswana DailyNews
20 Jan 2026,Six Mexicans sentencing January 22,"Six Mexican nationals, who pleaded guilty to entering Botswana through an ungazetted...",https://dailynews.gov.bw/news-detail/89645,crime,Botswana DailyNews
20 Jan 2026,\'Dirisang mananeo go godisa temo thuo\',Banni ba kgaolo ya Shoshong ba otloeditswe go dirisa mananeo a puso...,https://dailynews.gov.bw/news-detail/89641,dikgang,Botswana DailyNews
20 Jan 2026,\'Poverty should not be barrier to justice\',The launch of the Criminal Unit has been described as a defining...,https://dailynews.gov.bw/news-detail/89649,politics,Botswana DailyNews
20 Jul 2024,Court remands duo in custody,"Ghanzi Senior Magistrate, Mpho Molema has ordered that two men, Keduetswe...",https://dailynews.gov.bw/news-detail/80672,crime,Botswana DailyNews
20 Jul 2026,Mohwasa Clarified Government Acquisition Of De-Beers Stake,"The Minister for State President, Defence and Security, Mr Moeti Mohwasa has...",https://dailynews.gov.bw/news-detail/92317,parliament,Botswana DailyNews
20 Jul 2026,Motsamai Urges Farmers In Wildlife Prone Areas to Consider,"The MP for Charleshill, Mr Motsamai Motsamai, has called on farmers living...",https://dailynews.gov.bw/news-detail/92319,parliament,Botswana DailyNews
20 Jun 2024,CoA strikes out Morupisi notice of withdrawal,An attempt by Carter Morupisi to withdraw an appeal against his conviction...,https://dailynews.gov.bw/news-detail/80193,crime,Botswana DailyNews
20 Jun 2024,Magistrate advises murder accused to seek bail at High,"Murder accused, Boitshepo France, of Matshelagabedi has been advised to seek bail...",https://dailynews.gov.bw/news-detail/80194,crime,Botswana DailyNews
20 Jun 2025,Boko calls for bold ideas,President Advocate Duma Boko (third right) addressing the Economic of Committee of...,https://dailynews.gov.bw/news-detail/87112,politics,Botswana DailyNews
20 Mar 2016,Kenya to host TICAD 2016,Kenya will be the first African state to host the Sixth Tokyo...,https://dailynews.gov.bw/news-detail/27055,development,Botswana DailyNews
20 Mar 2025,Bonno housing plan destigmatise low - income housing,"Government is committed to providing decent and affordable housing to Batswana, as...",https://dailynews.gov.bw/news-detail/85338,development,Botswana DailyNews
20 Mar 2025,Forensic audit commences,In an effort to restore public trust in government structures and address...,https://dailynews.gov.bw/news-detail/85336,politics,Botswana DailyNews
20 Mar 2025,Government commits to sign accord amending SADC treaty,Government is committed to sign an agreement amending the Southern African Development...,https://dailynews.gov.bw/news-detail/85337,politics,Botswana DailyNews
20 Mar 2025,Namibia new leader offers Botswana hope,"Newly sworn Namibia first female president, Ms Netumbo Nandi-Ndaitwah will offer Botswana...",https://dailynews.gov.bw/news-detail/85334,politics,Botswana DailyNews
20 Mar 2025,Sejelo police cautions against tricksters,"Sejelo Police Station commander, Superintendent Mogomotsi Matlapeng has expressed concern over cases...",https://dailynews.gov.bw/news-detail/85324,crime,Botswana DailyNews
20 May 2025,Criminal investigations against Mokomeng near completion,Criminal investigations against Kgomokasitwa triple murder accused Moagi Mokomeng are nearing completion...,https://dailynews.gov.bw/news-detail/86504,crime,Botswana DailyNews
20 May 2026,Dirisang di tsa tlholego go tlhama ditiro,Batswana ba rotloedietswe go dirisa di tsatlholego go itshetsa le go tsosolosa...,https://dailynews.gov.bw/news-detail/91491,dikgang,Botswana DailyNews
20 May 2026,Go ikgapela botshelo go ketefalela ba masika,"Mogolwane wa mapodise a Serowe, Senior Superintendent Poloko Oteng o rotloeditse batho...",https://dailynews.gov.bw/news-detail/91492,dikgang,Botswana DailyNews
20 May 2026,Legacy in Music billed for May 30,Afro jazz icon Shanti Lo is marking 25 years in the music...,https://dailynews.gov.bw/news-detail/91488,art-culture,Botswana DailyNews
20 May 2026,Mopalamente o kopa gore madi a sechaba a dirisiwe,Mopalamente wa kgaolo ya Tswapong Borwa o kopile gore madi a setshaba...,https://dailynews.gov.bw/news-detail/91493,dikgang,Botswana DailyNews
20 Nov 2024,President Boko attends SADC Summit,"President Advocate Duma Boko left for Harare, Zimbabwe this morning to attend...",https://dailynews.gov.bw/news-detail/83203,politics,Botswana DailyNews
20 Nov 2024,Tatitown police search for more suspects,Tatitown police are hunting for more suspects involved in an armed robbery...,https://dailynews.gov.bw/news-detail/83201,crime,Botswana DailyNews
20 Nov 2025,Batswana enjoy restored rights- Bagaisamang,The civil rights of Batswana have been restored under the Umbrella for...,https://dailynews.gov.bw/news-detail/89168,parliament,Botswana DailyNews
20 Nov 2025,Councillors appointments in line with Local Government Act,"Specially elected councillors have received total remuneration amounting to approximately P50,418,966, inclusive...",https://dailynews.gov.bw/news-detail/89167,parliament,Botswana DailyNews
20 Nov 2025,Court remands accused Tanzanian drug smugglers,Two male Tanzanian nationals who were arrested on suspicion of being in...,https://dailynews.gov.bw/news-detail/89160,crime,Botswana DailyNews
20 Nov 2025,Govt works to stabilise economy,Government is working on stabilising the economy and will ensure the national...,https://dailynews.gov.bw/news-detail/89170,parliament,Botswana DailyNews
20 Nov 2025,Mabanda pleads guilty to cruel punishment of child,"Monica Mabanda, 30, of Maun has pleaded guilty to a single count...",https://dailynews.gov.bw/news-detail/89172,crime,Botswana DailyNews
20 Nov 2025,Motshegwa acknowledges persistent shortage of medicines,"The Minister of Local Government and Traditional Affairs, Mr Ketlhalefile Motshegwa has...",https://dailynews.gov.bw/news-detail/89169,parliament,Botswana DailyNews
20 Oct 2024,Prosecutor prays for life term for rapist,A 38-year-old father (whose name cannot be mentioned to protect the child’s...,https://dailynews.gov.bw/news-detail/82366,crime,Botswana DailyNews
20 Sep 2024,"Witness, prosecutor clash over questioning",A key defence witness in the P2.3 million Turnrite Mall cash-in-transit robbery...,https://dailynews.gov.bw/news-detail/81863,crime,Botswana DailyNews
20 Sep 2026,Chinese automaker Jetour supports Tanzanian artisans with disabilities via,Chinese automaker Jetour has extended its support to Tanzanian artisans with disabilities...,https://dailynews.gov.bw/news-detail/93334,general,Botswana DailyNews
20 Sep 2026,FOCUS | Cultural diversity shines across BRICS,"Over the past two decades, BRICS has grown into a major platform...",https://dailynews.gov.bw/news-detail/93333,general,Botswana DailyNews
20 Sep 2026,Holding Back Deserts: SAFIRE leads rural communities to restore,Tawanda Bukuta remembers when his family's land offered little more than a...,https://dailynews.gov.bw/news-detail/93330,general,Botswana DailyNews
20 Sep 2026,How BRICS is reshaping the Global South\'s place in,The rise of the Global South is reshaping the architecture of global...,https://dailynews.gov.bw/news-detail/93335,general,Botswana DailyNews
20 Sep 2026,Mutapa mobilises funding to revive NRZ,"The Mutapa Investment Fund (MIF) is mobilising local, regional and Chinese financing ...",https://dailynews.gov.bw/news-detail/93332,general,Botswana DailyNews
20 Sep 2026,Zimbabwe Pushes Regulatory Alignment To Boost Regional Trade,Zimbabwe recorded good progress in improving the ease of doing business under...,https://dailynews.gov.bw/news-detail/93331,general,Botswana DailyNews
21 Apr 2014,Local authorities must assist govt - Siele,Minister of Local Government and Rural Development says local authorities and community...,https://dailynews.gov.bw/news-detail/10799,development,Botswana DailyNews
21 Apr 2026,BQA confirms full operations for consultancy and workplace ETPs,The Botswana Qualifications Authority (BQA) has lifted all suspensions and fully reopened...,https://dailynews.gov.bw/news-detail/91079,parliament,Botswana DailyNews
21 Apr 2026,Banana ba Tsootsha ba sega tema mo twantshong matlhoko,"Banana ba Tsootsha, ba intshitse leswe dinaleng ka go reka terata e...",https://dailynews.gov.bw/news-detail/91099,dikgang,Botswana DailyNews
21 Apr 2026,Court Denies Toteng and Banoge Bail In Lesetedi Murder,Chief Magistrate Thebeetsile Molalu of Molepolole Magistrate Court has denied bail to...,https://dailynews.gov.bw/news-detail/91084,crime,Botswana DailyNews
21 Apr 2026,First Little Miss Junior Idol World Botswana honorary judge,"Former and first Little Miss Junior Idol World Botswana, Kimberly Matheakgomo has...",https://dailynews.gov.bw/news-detail/91088,art-culture,Botswana DailyNews
21 Apr 2026,Funding shortfall stalls integrated office block in Lobatse,The proposed government integrated office block in Lobatse has been suspended due...,https://dailynews.gov.bw/news-detail/91089,parliament,Botswana DailyNews
21 Apr 2026,Kgosi o rotloetsa tshwaragano mo twantshong tlhako le molomo,"Kgosi ya GaMalete, Kgosi Mosadi o rotloeditse morafe go netefatsa gore ba...",https://dailynews.gov.bw/news-detail/91098,dikgang,Botswana DailyNews
21 Apr 2026,Metshameko e ka nowa moro,Go inaakanya le motshameko wa kgwele ya dinao ke bomme le bana...,https://dailynews.gov.bw/news-detail/91097,dikgang,Botswana DailyNews
21 Apr 2026,Ministry registers Shadishadi General Plan at Deeds Registry,There is currently one general plan registered at the Deeds Registry for...,https://dailynews.gov.bw/news-detail/91093,parliament,Botswana DailyNews
21 Apr 2026,National sustainability framework underway,"Parliament has been informed that government has, since September 2025, commenced the...",https://dailynews.gov.bw/news-detail/91080,parliament,Botswana DailyNews
21 Apr 2026,No plans to phase out A1 salary scale,Government currently has no immediate plans to phase out the A1 salary...,https://dailynews.gov.bw/news-detail/91090,parliament,Botswana DailyNews
21 Apr 2026,Organic turmeric farmers anticipate to generate over P152m,At least 160 farmers were contracted under the pioneering organic turmeric export...,https://dailynews.gov.bw/news-detail/91078,parliament,Botswana DailyNews
21 Apr 2026,Rainfall and contractor performance delay Mmadinare - Robelela completion,The contract for reseal of Damuchujenaa and Mmadinare access including surfacing of...,https://dailynews.gov.bw/news-detail/91091,parliament,Botswana DailyNews
21 Aug 2014,"Siele cautions officials, contractor","The Minister of Local Government and Rural Development, Mr Peter Siele has...",https://dailynews.gov.bw/news-detail/13829,development,Botswana DailyNews
21 Aug 2014,Swartz pushes for sport complex completion,"Minister of Infrastructure, Science and Technology, Mr Johnnie Swartz says it will...",https://dailynews.gov.bw/news-detail/13831,development,Botswana DailyNews
21 Aug 2024,BCP fields Hikuama for Maun West,"Member of Parliament for Ngami constituency, Mr Caterpillar Hikuama will contest the...",https://dailynews.gov.bw/news-detail/81266,elections,Botswana DailyNews
21 Aug 2024,Five solicit votes in Serowe West,Five aspiring candidates for Serowe West constituency reached out to voters during...,https://dailynews.gov.bw/news-detail/81267,elections,Botswana DailyNews
21 Aug 2025,Botha revives and preserves phate,"In the quiet village of Kolonkwaneng, Dinah Botha has positioned herself as...",https://dailynews.gov.bw/news-detail/88258,art-culture,Botswana DailyNews
21 Aug 2025,Court grants 16 Letlhakane male learners bail,Senior Magistrate Atlanang Manchwe of Letlhakane Magistrate Court has granted bail to...,https://dailynews.gov.bw/news-detail/88238,crime,Botswana DailyNews
21 Aug 2025,Court remands Makobo duo pending ruling,Principal Magistrate Thapelo Buang of Francistown Magistrate’s Court has remanded in custody...,https://dailynews.gov.bw/news-detail/88237,crime,Botswana DailyNews
21 Aug 2025,Gaseitsiwe pleads not guilty,Metlhaeno Gaseitsiwe on Tuesday pleaded not guilty to a charge of undermining...,https://dailynews.gov.bw/news-detail/88239,crime,Botswana DailyNews
21 Aug 2025,Lawyer accuse state of delay tactics,"A lawyer representing, Bantshuti Nkgarapi, who is charged with murdering a University...",https://dailynews.gov.bw/news-detail/88240,crime,Botswana DailyNews
21 Aug 2025,Legong set to release 28-track mixtape African Khumbai,Botswana’s music scene is about to experience a cultural explosion as rapper...,https://dailynews.gov.bw/news-detail/88257,art-culture,Botswana DailyNews
21 Aug 2026,China Focus: From barefoot to high-tech: How Chinese doctors,"Half a century ago, a ""barefoot doctor"" in rural China might have...",https://dailynews.gov.bw/news-detail/92862,general,Botswana DailyNews
21 Aug 2026,Contestants reconnect with culture at bootcamp,Miss Independence Kgatleng(MIK) 2026 contestants spent three days immersed in Setswana traditions...,https://dailynews.gov.bw/news-detail/92867,art-culture,Botswana DailyNews
21 Aug 2026,Government reaffirms commitment to child protection online,"The Government has reaffirmed its commitment to creating a safe, inclusive and empowering...",https://dailynews.gov.bw/news-detail/92873,general,Botswana DailyNews
21 Aug 2026,Maitseo a baithuti a a tshwenya,Maitsholo a baithuti a tshwenya Mogokgo wa sekolo se segolwane sa Mokgalo...,https://dailynews.gov.bw/news-detail/92870,dikgang,Botswana DailyNews
21 Aug 2026,Mareetsane Turns Tradition into a Livelihood,The tiny white beads scattered across Beauty Mareetsane’s hands may appear insignificant...,https://dailynews.gov.bw/news-detail/92866,art-culture,Botswana DailyNews
21 Aug 2026,Motherhood Botswana expands school support drive,Motherhood Botswana is targeting P450 000 to support about 450 vulnerable children...,https://dailynews.gov.bw/news-detail/92869,general,Botswana DailyNews
21 Aug 2026,Ofisi ya ga Mosireletsi e tlhalosa ka ditirelo,Ene ya re bosheng ofisi ya ga Mosireletsi ya isa thuto kwa...,https://dailynews.gov.bw/news-detail/92865,dikgang,Botswana DailyNews
21 Aug 2026,Self-taught cement artisan turns innovation into lasting craft,"Phomolo Mathekga, a 24 year-old Motswana from Tsetsebye, has turned his passion...",https://dailynews.gov.bw/news-detail/92868,art-culture,Botswana DailyNews
21 Dec 2015,Another hospital for Tutume,A 70-bed hospital will be built in Tutume to relieve the current...,https://dailynews.gov.bw/news-detail/25328,development,Botswana DailyNews
21 Dec 2024,Police call for festive season vigilance,"As the festive season mood intensifies, police in Francistown have urged citizens...",https://dailynews.gov.bw/news-detail/83830,crime,Botswana DailyNews
21 Feb 2025,Magistrate grants 22-year-old murder suspect bail,Serowe Senior Magistrate Onneile Ntwayapelo has granted 22-year-old Kaone Ramagapu of Masololo...,https://dailynews.gov.bw/news-detail/84753,crime,Botswana DailyNews
21 Jan 2026,Didiba di tlaa thusa kanamiso ya metsi mo kgaolong,Lephata la metsi le kgonne go tlhatswa didiba di le lesome le...,https://dailynews.gov.bw/news-detail/89658,dikgang,Botswana DailyNews
21 Jan 2026,Kgotla ya molao motheo e botlhokwa,Molao o o tsamaisang molao-motheo le o o tlaa tsamaisang kgotla e...,https://dailynews.gov.bw/news-detail/89659,dikgang,Botswana DailyNews
21 Jan 2026,Moagi granted bail and back in court March 31,"Lefoko Moagi, the former Minister of Minerals and Energy, is scheduled to...",https://dailynews.gov.bw/news-detail/89650,crime,Botswana DailyNews
21 Jul 2024,Court remands duo in custody for assault,"Ghanzi Senior Magistrate, Mpho Molema has ordered that two men, Keduetswe Dithole...",https://dailynews.gov.bw/news-detail/80679,crime,Botswana DailyNews
21 Jul 2024,Magistrate sets bail conditions for Mojadigo,"The founding pastor of Divine Anointing Church International, Apostle Goitsekgosi Mojadigo, should...",https://dailynews.gov.bw/news-detail/80698,crime,Botswana DailyNews
21 Jun 2016,Maun schools benefit from ESP,The Ministry of Education and Skills Development has embarked on multi-million projects...,https://dailynews.gov.bw/news-detail/29165,development,Botswana DailyNews
21 Jun 2024,Lesoa pleads guilty of manslaughter,"Manslaughter accused, Mojuta Lesoa was on Thursday convicted of manslaughter on his...",https://dailynews.gov.bw/news-detail/80201,crime,Botswana DailyNews
21 Jun 2026,Botswana grants 64 citizenship,The commemoration of the World Refugee Day on June 20 was a...,https://dailynews.gov.bw/news-detail/91929,politics,Botswana DailyNews
21 Jun 2026,Palmer Tackles Daddy Wound in New Book,While some social media feeds are filled with celebratory tributes every Father’s...,https://dailynews.gov.bw/news-detail/91931,art-culture,Botswana DailyNews
21 Jun 2026,UDC retains Tatisiding North ward,Umbrella for Democratic Change (UDC) retained the Tatisiding North Ward with its...,https://dailynews.gov.bw/news-detail/91928,politics,Botswana DailyNews
21 Mar 2025,Joint community and police patrols crack Mashebeshete,Joint patrols by the Botswana Police Service and community continue to make...,https://dailynews.gov.bw/news-detail/85339,crime,Botswana DailyNews
21 May 2014,Southern District officially opens falilicities,Pomp and fanfare is expected to be the order of the day...,https://dailynews.gov.bw/news-detail/11490,development,Botswana DailyNews
21 May 2025,Court denies murder accused bail pending inquiry,Agang Kaore Kgopiso of Mathwana ward in Mmashoro yesterday appeared before the...,https://dailynews.gov.bw/news-detail/86526,crime,Botswana DailyNews
21 May 2025,Digitalisation opportunity to unlock sectors - Boko,Botswana has identified digitalisation as the pivot point for the economy to...,https://dailynews.gov.bw/news-detail/86536,politics,Botswana DailyNews
21 May 2025,ICT economic driver,The provision of Information and Communication Technology (ICT) infrastructure is essential in...,https://dailynews.gov.bw/news-detail/86537,politics,Botswana DailyNews
21 May 2025,Relations yield positive results,The good relations between Botswana and Estonia are yielding positive results as...,https://dailynews.gov.bw/news-detail/86535,politics,Botswana DailyNews
21 May 2026,Court Told of Hidden Hand Behind Karema\'s Death,"Zimbabwean immigrant, Lovemore Sithole, was not the last person seen with deceased...",https://dailynews.gov.bw/news-detail/91497,crime,Botswana DailyNews
21 May 2026,Nhabe Museum Marks Decades 0f Heritage Preservation,"After three decades of existence, Nhabe museum will commemorate its achievements and...",https://dailynews.gov.bw/news-detail/91515,art-culture,Botswana DailyNews
21 May 2026,Ookeditse O Tlaa Simolodisa Segopotso Sa HIV/AIDS,"E tlaare ka Tshipi kwa Lobatse, mothusa tona wa lephata la botsogo,...",https://dailynews.gov.bw/news-detail/91521,dikgang,Botswana DailyNews
21 May 2026,Tshwaragano ya mapalamente e ka thusa go lwantsha tlhako,Banni ba Seleka kwa Tumasera ba kopile gore mapalamente a Tswapong borwa...,https://dailynews.gov.bw/news-detail/91520,dikgang,Botswana DailyNews
21 Nov 2025,Atsile receives rousing welcome,"Botswana on Wednesday welcomed home Atsile Badubi, newly crowned Mini Miss Icon...",https://dailynews.gov.bw/news-detail/89179,art-culture,Botswana DailyNews
21 Nov 2025,Ba Mosomane ba ipelela letsatsi la bo rre,"Tona wa Lephata la Banana le Merero ya Bong, Mme Lesego Chombo...",https://dailynews.gov.bw/news-detail/89182,dikgang,Botswana DailyNews
21 Nov 2025,Citrus farm injects over P200 million direct DFI,The citrus fruit farm along Tobane road on the outskirts of Selebi...,https://dailynews.gov.bw/news-detail/89184,parliament,Botswana DailyNews
21 Nov 2025,Consultation ongoing over borehole allocation,The government is currently engaged in consultation and technical assessments before making...,https://dailynews.gov.bw/news-detail/89186,parliament,Botswana DailyNews
21 Nov 2025,Kaizer raises concern over poor school infrastructure,"Although schools in the Selebi Phikwe area are synonymous with good performance,...",https://dailynews.gov.bw/news-detail/89187,parliament,Botswana DailyNews
21 Nov 2025,Masea otlhe a tlhoka tlhokomelo,Ba lephata la botsogo mo Molepolole ba tshwenngwa ke dipalo tse di...,https://dailynews.gov.bw/news-detail/89188,dikgang,Botswana DailyNews
21 Nov 2025,School uniform production reserve for citizens - Ntsima,"In an effort to strengthen the local textile industry, school uniform manufacturing...",https://dailynews.gov.bw/news-detail/89185,parliament,Botswana DailyNews
21 Nov 2025,Tlhagale carves space in arts industry,In a world where young people are often encouraged to choose predictable...,https://dailynews.gov.bw/news-detail/89180,art-culture,Botswana DailyNews
21 Oct 2024,BDP leaders rally for dev. in Makalamabedi,The Botswana Democratic Party (BDP) has reaffirmed its commitment to achieving the...,https://dailynews.gov.bw/news-detail/82392,elections,Botswana DailyNews
21 Oct 2024,Sedombo advised to be principled leader,The Umbrella for Democratic Change (UDC) parliamentary candidate for the Tonota constituency...,https://dailynews.gov.bw/news-detail/82390,elections,Botswana DailyNews
21 Oct 2024,Tsietso capable leader - Masisi,President Dr Mokgweetsi Masisi has reassured constituents in Letlhakeng that the Botswana...,https://dailynews.gov.bw/news-detail/82391,elections,Botswana DailyNews
21 Oct 2024,UDC sends Kelebeng for Letlhakeng parliamentary candidacy,"The Leader of Botswana National Front and Umbrella for democratic Change, Advocate...",https://dailynews.gov.bw/news-detail/82394,elections,Botswana DailyNews
21 Sep 2026,BOLCOP to turn FMD crisis into catalyst for transformation,The ongoing Foot and Mouth Disease (FMD) crisis must become a catalyst...,https://dailynews.gov.bw/news-detail/93348,general,Botswana DailyNews
21 Sep 2026,Botswana sport comes of age,"For decades, the global sporting map featured a glaring blank space where...",https://dailynews.gov.bw/news-detail/93344,general,Botswana DailyNews
21 Sep 2026,Council reinforces FMD control measures,Communities have been called to remain vigilant and fully comply with veterinary...,https://dailynews.gov.bw/news-detail/93343,general,Botswana DailyNews
21 Sep 2026,Feed the Bin campaign champions cleanliness,"As a premier tourism hub, Maun can no longer afford to leave...",https://dailynews.gov.bw/news-detail/93341,general,Botswana DailyNews
21 Sep 2026,First Lady rallies global support against GBV,The world must work together to combat gender-based violence (GBV) and create...,https://dailynews.gov.bw/news-detail/93351,general,Botswana DailyNews
21 Sep 2026,Pitsane silos refurbishment set to begin,The P110 million refurbishment project for the five Pitsane silos is expected...,https://dailynews.gov.bw/news-detail/93347,general,Botswana DailyNews
21 Sep 2026,UN system requires reform-Butale,"As global political leaders and high level political, development and socio-economic stakeholders...",https://dailynews.gov.bw/news-detail/93349,general,Botswana DailyNews
22 Apr 2025,Court arraigns two for separate murder charges,The Molepolole Magistrate Court today Tuesday arraigned two men on separate murder...,https://dailynews.gov.bw/news-detail/85944,crime,Botswana DailyNews
22 Apr 2025,Etsha man loses money to scammers,olice in Gumare are investigating a case in which a 62-year-old man...,https://dailynews.gov.bw/news-detail/85943,crime,Botswana DailyNews
22 Apr 2025,Soldier lands in trouble over threat to kill,Molepolole Magistrates’ Court on Tuesday arraigned a 30-year-old soldier stationed at Sir...,https://dailynews.gov.bw/news-detail/85945,crime,Botswana DailyNews
22 Apr 2025,Thieves rob Taj Boutique clothing worth P87 000,Police have launched an investigation after the Taj Boutique in Molepolole was...,https://dailynews.gov.bw/news-detail/85942,crime,Botswana DailyNews
22 Apr 2026,Banni ba Chobe ba tlhagisiwa ka kgonagalo ya morwalela,Banni ba mafelo a a tshabelelwang ke go amiwa ke morwalela fa...,https://dailynews.gov.bw/news-detail/91114,dikgang,Botswana DailyNews
22 Apr 2026,"Court denies Toteng, Banoge bail in Lesetedi murder case",Chief Magistrate Thebeetsile Molalu of Molepolole Magistrate Court has denied bail to...,https://dailynews.gov.bw/news-detail/91119,crime,Botswana DailyNews
22 Apr 2026,Farmers to exhange insights at Kokotsha letlhafula day,The Kokotsha Farmers Committee and the Village Development Committee (VDC) will host...,https://dailynews.gov.bw/news-detail/91111,art-culture,Botswana DailyNews
22 Apr 2026,Peo Ya Sechaba promotes service excellence culture,The Directorate of Public Service Management (DPSM) in collaboration with the Botswana...,https://dailynews.gov.bw/news-detail/91112,art-culture,Botswana DailyNews
22 Aug 2025,China to build maritime community with shared future in,China stands ready to work with regional countries to build a maritime...,https://dailynews.gov.bw/news-detail/88265,politics,Botswana DailyNews
22 Aug 2025,China\'s sovereignty over Nanhai Zhudao rests on solid legal,"China's sovereignty over Nanhai Zhudao, known in English as the South China...",https://dailynews.gov.bw/news-detail/88264,politics,Botswana DailyNews
22 Aug 2025,Court remands rape and robbery accused,Francistown Magistrates Court has remanded serial rape accused Kobamelo Thomas in custody...,https://dailynews.gov.bw/news-detail/88260,crime,Botswana DailyNews
22 Aug 2025,External forces instigator undermining China\'s relations with countries in,"In recent years, external forces have leveraged the South China Sea issue...",https://dailynews.gov.bw/news-detail/88269,politics,Botswana DailyNews
22 Aug 2025,"Full coverage of radio, television enriches villagers\' lives in","For 73-year-old Yangjen Drolkar, the evolution of radio and television has turned...",https://dailynews.gov.bw/news-detail/88263,politics,Botswana DailyNews
22 Aug 2025,Historic changes in Xizang over the past 60 years,This year marks the 60th founding anniversary of southwest China's Xizang Autonomous...,https://dailynews.gov.bw/news-detail/88261,politics,Botswana DailyNews
22 Aug 2025,Think tank report affirms China\'s centuries-long sovereignty over Nanhai,China's sovereignty over Nanhai Zhudao -- known in English as the South...,https://dailynews.gov.bw/news-detail/88266,politics,Botswana DailyNews
22 Aug 2025,Think tank report slams external interference in South China,"Some external powers, through alliance-building and meddling in regional disputes, aim to...",https://dailynews.gov.bw/news-detail/88267,politics,Botswana DailyNews
22 Aug 2025,Think tank reports expound on truths about South China,A series of think tank reports released Thursday expound on the historical...,https://dailynews.gov.bw/news-detail/88268,politics,Botswana DailyNews
22 Aug 2025,Xi attends grand gathering to celebrate Xizang Autonomous Region\'s,Chinese President Xi Jinping on Thursday attended a grand gathering at the...,https://dailynews.gov.bw/news-detail/88262,politics,Botswana DailyNews
22 Dec 2025,Two in police custody for murder incidents,A 17-year-old boy is in police custody to help Serowe police with...,https://dailynews.gov.bw/news-detail/89478,crime,Botswana DailyNews
22 Feb 2015,Education ministers tour UB facilities,"Assistant Ministers of Education and Skills Development, Mr Moiseraele Goya and Dr...",https://dailynews.gov.bw/news-detail/17917,development,Botswana DailyNews
22 Jan 2015,Nata schools need maintenance - Kgosi,Kgosi Rebagamang Rancholo of Nata has questioned whether Tutume Sub-district Council has...,https://dailynews.gov.bw/news-detail/17098,development,Botswana DailyNews
22 Jan 2020,Tsetsebjwe - Moletemane road among Lucas priorities,"Member of Parliament for Bobonong, Mr Taolo Lucas says he intends to...",https://dailynews.gov.bw/news-detail/53875,development,Botswana DailyNews
22 Jan 2023,President Masisi opens the Okavango river bridge,President Mokgweetsi Masisi officially opened the Okavango River Bridge in Mohembo...,https://dailynews.gov.bw/news-detail/71029,development,Botswana DailyNews
22 Jan 2026,Badiri ba Tirelo Sechaba ga se barutabana,"Badiri ba Tirelo Setshaba ga ba se barutabana, mme tiro ya bone...",https://dailynews.gov.bw/news-detail/89684,dikgang,Botswana DailyNews
22 Jan 2026,Bogosi pillar of national unity and governance,"Vice President and Minister of Finance, Mr Ndaba Gaolathe, has reaffirmed government’s...",https://dailynews.gov.bw/news-detail/89665,politics,Botswana DailyNews
22 Jan 2026,Francistown new adventure awaits,"Nestled between Gerald Estate and Shashemooke, a wildlife park spanning approximately 19...",https://dailynews.gov.bw/news-detail/89683,art-culture,Botswana DailyNews
22 Jan 2026,Kwele aims to restore pageantry dignity,"What was supposed to be the pinnacle of her career, representing Botswana...",https://dailynews.gov.bw/news-detail/89682,art-culture,Botswana DailyNews
22 Jan 2026,Mexican nationals sentenced to one year imprisonment,"Six Mexican nationals, convicted of entering the country through an ungazetted entry...",https://dailynews.gov.bw/news-detail/89663,crime,Botswana DailyNews
22 Jan 2026,Therisanyo e maleba - Moswaane,E ne ya re ka Labobedi mothusa tona wa dikgaolo le tlhabololo...,https://dailynews.gov.bw/news-detail/89685,dikgang,Botswana DailyNews
22 Jul 2024,Seven witnesses to testify,The state intends to call seven witnesses to prove its case against...,https://dailynews.gov.bw/news-detail/80713,crime,Botswana DailyNews
22 Jul 2026,Banni ba gwetlha puso go tsenya leitlho tsamaiso ya,"Banni ba Grootlaagte le East Hanahai kwa kgaolong ya Ghanzi, ba gwetlhile...",https://dailynews.gov.bw/news-detail/92339,dikgang,Botswana DailyNews
22 Jul 2026,Guitarist chases musical dream,As the gentle sound of a guitar echoes through the streets of...,https://dailynews.gov.bw/news-detail/92325,art-culture,Botswana DailyNews
22 Jul 2026,Kebonye in custody for murder,"Murder accused, Gosaitse Kebonye, 41, has been remanded in custody for allegedly...",https://dailynews.gov.bw/news-detail/92321,crime,Botswana DailyNews
22 Jul 2026,Kgosi Kgari le morafe ba leboga puso,Kgosi Kgari Sechele III wa Bakwena a re setshaba se kile sa...,https://dailynews.gov.bw/news-detail/92340,dikgang,Botswana DailyNews
22 Jul 2026,MPs welcome review of National Library Service Act,Members of Parliament (MPs) have supported the review of the National Library...,https://dailynews.gov.bw/news-detail/92329,parliament,Botswana DailyNews
22 Jul 2026,Mohwasa clarifies acquisition of De-Beers stake,"The Minister for State President, Defence and Security, Mr Moeti Mohwasa has...",https://dailynews.gov.bw/news-detail/92333,parliament,Botswana DailyNews
22 Jul 2026,Motsamai calls for shift in perspective,Communities in wildlife hotspots should pursue economic gains presented by game farming...,https://dailynews.gov.bw/news-detail/92335,parliament,Botswana DailyNews
22 Jul 2026,National Library Service Bill passes to committee stage,"The National Library Service Bill No16 of 2026, which aims to re-enact...",https://dailynews.gov.bw/news-detail/92331,parliament,Botswana DailyNews
22 Jul 2026,Parliament adopts motion on special guns permit quota,"Parliament has adopted a motion presented by MP for Maun East, Mr...",https://dailynews.gov.bw/news-detail/92334,parliament,Botswana DailyNews
22 Jun 2016,ESP projects underway in Kgatleng,Three electrical sub-contractors have been awarded tenders to undertake electrical works under...,https://dailynews.gov.bw/news-detail/29184,development,Botswana DailyNews
22 Jun 2025,Court remands man for death of his mother,Extension II Magistrate Court has remanded in custody a 22-year-old unemployed man...,https://dailynews.gov.bw/news-detail/87137,crime,Botswana DailyNews
22 Jun 2026,Bogodu Jwa Kopore Bo Beile Banni Ka Fa Mosing,Banni ba Lobatse ba lela ka borukutlhi jo bo kekelang jwa megala...,https://dailynews.gov.bw/news-detail/91936,dikgang,Botswana DailyNews
22 Jun 2026,Lekgotla le kopa kemonokeng,Dikole di le lesome le boferabongwe di kgonne go tlhama makgotla a...,https://dailynews.gov.bw/news-detail/91935,dikgang,Botswana DailyNews
22 Mar 2026,POLICE ARREST THREE MEN FOR POSSESSION OF UNLICENSED CIGARETTES,"Three men, all aged 26, were arrested on Thursday after being found...",https://dailynews.gov.bw/news-detail/90663,crime,Botswana DailyNews
22 May 2016,ESP projects start in Masunga,"The Assistant Minister of Local Government and Rural Development, Mr Frans Van...",https://dailynews.gov.bw/news-detail/28480,development,Botswana DailyNews
22 May 2016,More houses for public officers - Khama,President Lt Gen. Dr Seretse Khama Ian Khama says government will build...,https://dailynews.gov.bw/news-detail/28478,development,Botswana DailyNews
22 May 2022,Contractors should honour agreements,It costs government money to identify new contractors after terminating agreements of...,https://dailynews.gov.bw/news-detail/67142,development,Botswana DailyNews
22 May 2025,Man accused of raping teenage daughter,Police in Kasane are investigating a case in which a 60-year-old man...,https://dailynews.gov.bw/news-detail/86547,crime,Botswana DailyNews
22 May 2026,My Hands Are Cleanâ€“ Sithole Tells Court He Was,The man accused in the disappearance and murder of 7-year-old Tlotso Karema...,https://dailynews.gov.bw/news-detail/91524,crime,Botswana DailyNews
22 Nov 2015,Ipelegeng faces financial challenges,Financial constraints may delay projects carried through the Ipelegeng programmes. When addressing...,https://dailynews.gov.bw/news-detail/24665,development,Botswana DailyNews
22 Oct 2014,Kgatleng District waste project comes to life,The initiative taken by Kgatleng District Development Foundation (KDDF) in partnership with...,https://dailynews.gov.bw/news-detail/15269,development,Botswana DailyNews
22 Oct 2024,Boko calls on Selebi Phikwe East to vote for,Selebi Phikwe East constituents have been encouraged to vote for the Umbrella...,https://dailynews.gov.bw/news-detail/82420,elections,Botswana DailyNews
22 Oct 2024,Botswana Republican Party launches manifesto,Political parties across the nation are intensifying efforts to engage voters as...,https://dailynews.gov.bw/news-detail/82427,elections,Botswana DailyNews
22 Oct 2024,"Masisi drums up support for Manake, Mojuta",Botswana Democratic Party (BDP) aims at capturing Selebi Phikwe East and West...,https://dailynews.gov.bw/news-detail/82419,elections,Botswana DailyNews
22 Oct 2025,Academy to honour Setswana Culture,"Dinaletsana Cultural Promotions, a Molepolole-based academy that promotes Setswana culture, will host...",https://dailynews.gov.bw/news-detail/88733,art-culture,Botswana DailyNews
22 Oct 2025,Collect IDs ahead of By-Election,The Tsabong District Civil and National Registration office has urged residents to...,https://dailynews.gov.bw/news-detail/88732,politics,Botswana DailyNews
22 Oct 2025,Mogokgo o ikaelela go tokafatsa maduo,Mogokgo yo o magorogo masha wa sekole sa Tsabong Unified Secondary School...,https://dailynews.gov.bw/news-detail/88734,dikgang,Botswana DailyNews
22 Oct 2025,Thuto ga-e-golelwe pula-madibogo,Le fa bontsi bo santse bo le maoto a tshupa go ikamanya...,https://dailynews.gov.bw/news-detail/88735,dikgang,Botswana DailyNews
22 Sep 2015,Palapye project progresses well,Significant progress has been made on the infrastructure development project at Extension...,https://dailynews.gov.bw/news-detail/23273,development,Botswana DailyNews
22 Sep 2024,Agric. insurance core to food sufficiency,Unrelenting on its quest to promote food production and reduce food import...,https://dailynews.gov.bw/news-detail/81888,development,Botswana DailyNews
22 Sep 2024,Bobirwa farmers forever grateful,At the height of cross-border livestock rustling that spanned over four decades...,https://dailynews.gov.bw/news-detail/81880,development,Botswana DailyNews
22 Sep 2024,Buck donation changes life in Themashanga,"In the quiet village of Themashanga, a remarkable tale of transformation has...",https://dailynews.gov.bw/news-detail/81884,development,Botswana DailyNews
22 Sep 2024,Citrus farming: A step towards self-sufficiency,"Until the recent past, it was a norm that Botswana met its...",https://dailynews.gov.bw/news-detail/81889,development,Botswana DailyNews
22 Sep 2024,Pandamatenga silos propel economic growth,The newly opened set of silos in Pandamatenga are projected to catapult...,https://dailynews.gov.bw/news-detail/81890,development,Botswana DailyNews
22 Sep 2024,Ram initiative symbol of hope,"The arid landscape of Botswana, often unforgiving, has seen a new bloom...",https://dailynews.gov.bw/news-detail/81883,development,Botswana DailyNews
22 Sep 2024,Reduced AI training fees aids new generation of experts,"President, Dr Mokgweetsi Masisi’s vision for a digital-driven future has been clear...",https://dailynews.gov.bw/news-detail/81886,development,Botswana DailyNews
22 Sep 2024,Tsabong Multi-Species Abattoir ready to take off,The much awaited construction of the state of the art Tsabong Multi-species...,https://dailynews.gov.bw/news-detail/81891,development,Botswana DailyNews
22 Sep 2024,Vegetable ban bitter but necessary pill,When restriction on importation of certain horticultural commodities was announced in December...,https://dailynews.gov.bw/news-detail/81887,development,Botswana DailyNews
22 Sep 2024,Youth to acquire 12 ranches at Zone 6,Gone are the days when farming was predominantly associated with the elderly...,https://dailynews.gov.bw/news-detail/81885,development,Botswana DailyNews
22 Sep 2026,Africa needs stronger systems to harness resources,"Africa’s development challenge is not a shortage of resources, but the absence...",https://dailynews.gov.bw/news-detail/93355,general,Botswana DailyNews
22 Sep 2026,Botswana roars back to life @60,"Botswana has, for 59 years, celebrated its sovereignty through familiar and centralised...",https://dailynews.gov.bw/news-detail/93367,general,Botswana DailyNews
22 Sep 2026,China opens door to Zim English teachers,Zimbabwean English-language teachers could be among professionals to benefit from expanding economic...,https://dailynews.gov.bw/news-detail/93380,general,Botswana DailyNews
22 Sep 2026,From Loss to Legacy: A Homecoming Built on parent,"The sound of rain falling on a corrugated iron roof, the neat...",https://dailynews.gov.bw/news-detail/93357,general,Botswana DailyNews
22 Sep 2026,Government Looking To Empower Youth To Benefit From AI,"In order to address the challenge of youth unemployment and poverty, the...",https://dailynews.gov.bw/news-detail/93364,general,Botswana DailyNews
22 Sep 2026,Government records budget surplus,"Government recorded a budget surplus of US$2.51 billion as of June 2026,...",https://dailynews.gov.bw/news-detail/93376,general,Botswana DailyNews
22 Sep 2026,Heartwarming moments of China-U.S. people-to-people exchanges,...,https://dailynews.gov.bw/news-detail/93377,general,Botswana DailyNews
22 Sep 2026,Int\'l Exchange | China-U.S. youth exchanges strengthen ties and,"The story of China-U.S. friendship is written by the people, and the...",https://dailynews.gov.bw/news-detail/93379,general,Botswana DailyNews
22 Sep 2026,North East District champions youth empowerment,"North East District Council (NEDC) Chairperson, Mr Mbaakanyi Smart, has outlined progress...",https://dailynews.gov.bw/news-detail/93356,general,Botswana DailyNews
22 Sep 2026,PrEP campaign to strengthen HIV prevention,"Tsabong District, among 10 other districts where Pre-Exposure Prophylaxis (PrEP) has been...",https://dailynews.gov.bw/news-detail/93371,general,Botswana DailyNews
22 Sep 2026,Rising vaping usage worrisome,The growing popularity of vaping among young people is raising concern in...,https://dailynews.gov.bw/news-detail/93362,general,Botswana DailyNews
22 Sep 2026,River protection requires collective responsibility,The Department of Water and Sanitation has urged Maun residents to take...,https://dailynews.gov.bw/news-detail/93363,general,Botswana DailyNews
22 Sep 2026,Technology to aid learning at Mophane school,Gone are the days of chalkboards and dusters at Mophane Primary School...,https://dailynews.gov.bw/news-detail/93361,general,Botswana DailyNews
22 Sep 2026,Women aviators inspire young girls to soar,Girls aspiring to pursue careers in aviation have been urged to equip...,https://dailynews.gov.bw/news-detail/93370,general,Botswana DailyNews
22 Sep 2026,"Xi Jinping\'s \""giant ship\"" metaphor for China-U.S. ties","Chinese President Xi Jinping repeatedly used the metaphor of a ""giant ship""...",https://dailynews.gov.bw/news-detail/93378,general,Botswana DailyNews
22 Sep 2026,ZIDA shifts focus to project implementation,The Zimbabwe Investment and Development Agency (ZIDA) said on Wednesday it now...,https://dailynews.gov.bw/news-detail/93381,general,Botswana DailyNews
22 Sep 2026,â€˜Embrace aviation and technologyâ€™,"Through technology and innovation, the aviation industry is rapidly changing, presenting new...",https://dailynews.gov.bw/news-detail/93369,general,Botswana DailyNews
23 Apr 2025,Defence dismisses case as poorly investigated,A defence attorney in the P2.3 million Turnrite Mall cash-in-transit robbery case...,https://dailynews.gov.bw/news-detail/85961,crime,Botswana DailyNews
23 Apr 2025,Doctors union seeks arbitration,"The ongoing legal dispute between public service doctors and their employer, the...",https://dailynews.gov.bw/news-detail/85964,crime,Botswana DailyNews
23 Apr 2025,Police make breakthrough against Mashebeshete,Botswana Police Service has made a breakthrough in fighting crime street gangs...,https://dailynews.gov.bw/news-detail/85962,crime,Botswana DailyNews
23 Apr 2026,Baruti ba na le seabe mo go ageng setshaba,Baruti ba kgaolo ya Kweneng ba galaleditswe tiro e ba e dirang...,https://dailynews.gov.bw/news-detail/91143,dikgang,Botswana DailyNews
23 Apr 2026,Francistown hosts Motse Wa Setso Cultural Festival,Culture and tradition will take centre stage today as Molapo Leisure Gardens...,https://dailynews.gov.bw/news-detail/91136,art-culture,Botswana DailyNews
23 Apr 2026,International Jazz Day celebrates 10 years of excellence,Botswana Society for Jazz Education (BOSJE) is gearing up to host the...,https://dailynews.gov.bw/news-detail/91137,art-culture,Botswana DailyNews
23 Apr 2026,Kgosi Saudu o amogela thomo,"Kgosi Gorewang Saudu, yoo sa tswang go neelwa thomo ya go etelela...",https://dailynews.gov.bw/news-detail/91142,dikgang,Botswana DailyNews
23 Aug 2023,government to construct water treatment plant in Maitengwe,"Government will, at the beginning of next financial year, construct a reverse...",https://dailynews.gov.bw/news-detail/76595,development,Botswana DailyNews
23 Aug 2025,"Extra-regional forces disrupt peace, stability, development in South China","Extra-regional forces are disrupting peace, stability, and the development environment in the South...",https://dailynews.gov.bw/news-detail/88270,politics,Botswana DailyNews
23 Aug 2026,China Focus: China pioneers AI-driven education as world seeks,As classrooms worldwide grapple with the transformative yet disruptive power of artificial...,https://dailynews.gov.bw/news-detail/92875,general,Botswana DailyNews
23 Aug 2026,China\'s fiscal revenue growth accelerates in Jan.-July,"China's fiscal revenue growth accelerated in the first seven months of 2026,...",https://dailynews.gov.bw/news-detail/92874,general,Botswana DailyNews
23 Aug 2026,"From robotic arms to dexterous hands: China\'s \""fingertip skills\""","At the 2026 World Robot Conference, we saw China's robotic hands in...",https://dailynews.gov.bw/news-detail/92876,general,Botswana DailyNews
23 Aug 2026,"Zimbabwe, South Africa leaders to address Zim-SA Business Forum","Z imbabwean President Emmerson Mnangagwa and his South African counterpart, President Cyril...",https://dailynews.gov.bw/news-detail/92877,general,Botswana DailyNews
23 Dec 2025,Local and international acts to thrill at Gaabo Motho,A star-studded line up of musicians is expected to thrill revellers at...,https://dailynews.gov.bw/news-detail/89487,art-culture,Botswana DailyNews
23 Dec 2025,Nnang le seabe sa go kganela kanamo ya tlhako,Banni ba Malolwane mo kgaolong ya Kgatleng ba kgothaditswe go tsibogela seemo...,https://dailynews.gov.bw/news-detail/89488,dikgang,Botswana DailyNews
23 Feb 2016,Housing programmes progress well,"Chairperson of the North East District Council (NEDC) Ms Florah Mpetsane, says...",https://dailynews.gov.bw/news-detail/26352,development,Botswana DailyNews
23 Feb 2025,Man shoots girlfriend and takes own life,A 33-year-old Botswana Defence Force (BDF) soldier is reported to have shot...,https://dailynews.gov.bw/news-detail/84796,crime,Botswana DailyNews
23 Feb 2025,Murder incidents worry police,"Police in Letlhakane have arrested a 31-year-old man of Zimbabwean origin, also...",https://dailynews.gov.bw/news-detail/84798,crime,Botswana DailyNews
23 Feb 2025,Police investigate murder case in Dovedale,Police in Machaneng are looking for a Zimbabwean man who fled the...,https://dailynews.gov.bw/news-detail/84797,crime,Botswana DailyNews
23 Feb 2026,Banni Ba Gwetlhiwa Go Dira Dikgwebo,Banni ba Kalamare ba rotloeditswe go tswelela pele ba dirisa lenaneo la...,https://dailynews.gov.bw/news-detail/90192,dikgang,Botswana DailyNews
23 Feb 2026,Chalashika Showcases Skateboarding Culture,Skateboarding has evolved over the years. The art of skateboarding has transformed...,https://dailynews.gov.bw/news-detail/90212,art-culture,Botswana DailyNews
23 Feb 2026,Ditswa- Thobong Di Abelwa Batlhoki Le Mekgatlho,Kgosi Bokamoso Radipitse wa Tonota o lebogetse morafe wa Bakhurutshe go abela...,https://dailynews.gov.bw/news-detail/90191,dikgang,Botswana DailyNews
23 Feb 2026,Landboard Defers Church Land Allocations,"Churches in Mmankgodi, Lesirane, Gabane and Tloaneng that have long awaited land...",https://dailynews.gov.bw/news-detail/90197,parliament,Botswana DailyNews
23 Feb 2026,MP\'s Reject Motion To Retun Land To Tawana Land,Government has no intentions of constructing a Presidential Lodge in the Okavango...,https://dailynews.gov.bw/news-detail/90200,parliament,Botswana DailyNews
23 Feb 2026,MPs Air Views On Fiscal Plan,"As Members of Parliament continue to debate the finance minister’s fiscal plan, ...",https://dailynews.gov.bw/news-detail/90201,parliament,Botswana DailyNews
23 Feb 2026,Ministry considers satellite school at Kadue settlement,The Ministry of Child Welfare and Basic Education will consider establishing a...,https://dailynews.gov.bw/news-detail/90198,parliament,Botswana DailyNews
23 Feb 2026,Puso e rera koketso ya ditlhwatlhwa tsa dipalamo tsa,"Tona wa Dipalamo le Dikago, Rre Noah Salakae a re puso e...",https://dailynews.gov.bw/news-detail/90193,dikgang,Botswana DailyNews
23 Feb 2026,Selolwane Faces New Charge,"A 60-year-old pensioner, Samuel Selolwane, accused of raping a 13-year-old girl, is...",https://dailynews.gov.bw/news-detail/90206,crime,Botswana DailyNews
23 Feb 2026,Sikwane Border Activities Low For Commercial Status Upgrade -Gaolathe,"The Vice President, also the Minister of Finance, Mr Ndaba Gaolathe has...",https://dailynews.gov.bw/news-detail/90199,parliament,Botswana DailyNews
23 Jan 2025,Botswana supports end of Ukraine-Russia conflict,"Botswana’s foreign policy has always been informed by its enshrined democratic values,...",https://dailynews.gov.bw/news-detail/84155,politics,Botswana DailyNews
23 Jan 2025,Court revokes Holland bail,"Francistown Principal Magistrate, Mr Tshepo Magetse has revoked the bail of British...",https://dailynews.gov.bw/news-detail/84137,crime,Botswana DailyNews
23 Jan 2025,President Boko courts investors,President Advocate Duma Boko says Botswana’s educated workforce and its strong democratic...,https://dailynews.gov.bw/news-detail/84154,politics,Botswana DailyNews
23 Jul 2024,Court remands murder accused in custody,"A 34-year-old man of Botshabelo ward in Sese, who is accused of...",https://dailynews.gov.bw/news-detail/80733,crime,Botswana DailyNews
23 Jul 2025,All coalition members voice vital,President Advocate Duma Boko has urged Botswana National Front (BNF) members to...,https://dailynews.gov.bw/news-detail/87637,politics,Botswana DailyNews
23 Jul 2025,BNF elects new leadership,Botswana National Front (BNF) has elected its new leadership at its elective...,https://dailynews.gov.bw/news-detail/87671,politics,Botswana DailyNews
23 Jul 2025,Be vigilant against thieves posing as construction workers,Kanye residents are urged to remain vigilant following reports of individuals posing...,https://dailynews.gov.bw/news-detail/87652,crime,Botswana DailyNews
23 Jul 2025,Chief magistrate grants Gaboetswe bail,"Chief Magistrate of Extension II Magistrate Court, Ms Kamogelo Mmesi has warned...",https://dailynews.gov.bw/news-detail/87651,crime,Botswana DailyNews
23 Jul 2025,Constitutional Court establishment in offing,President Advocate Duma Boko says there are plans to establish a constitutional...,https://dailynews.gov.bw/news-detail/87653,politics,Botswana DailyNews
23 Jul 2025,Dingake retains BCP women league presidency,"The incumbent Botswana Congress Party (BCP) Women’s League president, Ms Tshimologo Dingake...",https://dailynews.gov.bw/news-detail/87639,politics,Botswana DailyNews
23 Jul 2025,Government makes headway in SOE revitalisation,"Alliance for Progressives (AP) leader says government is making headway in revitalising,...",https://dailynews.gov.bw/news-detail/87638,politics,Botswana DailyNews
23 Jul 2025,Wife in custody for husband murder,"Malebogo Segola has been remanded in custody, along with Stella Sibanda, Alfred...",https://dailynews.gov.bw/news-detail/87654,crime,Botswana DailyNews
23 Jul 2026,Ba Selokolela ba rotloediwa go rua dikoko,Mopalamente wa Kanye Bophirima Rre Victor Phologolo o rotloeditse banni ba Selokolela ...,https://dailynews.gov.bw/news-detail/92360,dikgang,Botswana DailyNews
23 Jul 2026,Govt rules out audit of 2019 General Elections,The Umbrella for Democratic Change (UDC)-led government will not conduct an audit...,https://dailynews.gov.bw/news-detail/92359,parliament,Botswana DailyNews
23 Jul 2026,Medical Aid acceptable at SKMTH,Assistant Minister of Health has told Parliament that as part of the...,https://dailynews.gov.bw/news-detail/92358,parliament,Botswana DailyNews
23 Jul 2026,"Mposa builds thriving art brand through brushes, yarn and","Motshidisi Mposa, a 26-year-old artist from Marapong, now based in Palapye, has...",https://dailynews.gov.bw/news-detail/92356,art-culture,Botswana DailyNews
23 Jul 2026,National Library Services Bill passes without amendments,Parliament has passed the National Library Services Bill without amendments following presentation...,https://dailynews.gov.bw/news-detail/92350,parliament,Botswana DailyNews
23 Jul 2026,Neelang dikokomane boswa,Fa lefatshe le ntse le fetoga ka ntlha ya tlhabologo le go...,https://dailynews.gov.bw/news-detail/92361,dikgang,Botswana DailyNews
23 Jul 2026,No records of DIS officers facing criminal charges,"Minister for State President, Defence and Security, Mr Moeti Mohwasa, says he...",https://dailynews.gov.bw/news-detail/92357,parliament,Botswana DailyNews
23 Jul 2026,Parliament approves 70-year age limit for Attorney General,"The newly passed Attorney General Retirement Age Bill, Once signed into law,...",https://dailynews.gov.bw/news-detail/92353,parliament,Botswana DailyNews
23 Jun 2014,MoH approves Makalamabedi clinic,Residents of Makalamabedi in the Boteti Sub-district are a blessed lot following...,https://dailynews.gov.bw/news-detail/12315,development,Botswana DailyNews
23 Jun 2024,Accused stays silent during robbery trial,"An accused person in a matter of robbery, Maitapiso Kgakgamatso chose to...",https://dailynews.gov.bw/news-detail/80204,crime,Botswana DailyNews
23 Jun 2025,GCC EMBARKS ON UPKEEP CAMPAIGN,As the first phase of Gaborone’s city upkeep campaign nears completion this...,https://dailynews.gov.bw/news-detail/87171,development,Botswana DailyNews
23 Jun 2025,Government to use drones to combat livestock theft,"Cross-border livestock theft, which has become a persistent problem in areas along...",https://dailynews.gov.bw/news-detail/87163,crime,Botswana DailyNews
23 Jun 2026,Bifang Heartbeat Of Community Entertainment,"At the age of 85, Mafetsane Bifang stands as a beloved pillar...",https://dailynews.gov.bw/news-detail/91960,art-culture,Botswana DailyNews
23 Jun 2026,Commemoration reflects Yoga growth in Botswana,"In a world that moves faster every day, where technology connects but...",https://dailynews.gov.bw/news-detail/91951,art-culture,Botswana DailyNews
23 Jun 2026,Court receives forensic psychiatric evaluation on attempted murder case,Lobatse Magistrates Court has received a forensic psychiatric evaluation report in a...,https://dailynews.gov.bw/news-detail/91956,crime,Botswana DailyNews
23 Jun 2026,Hikers embark on adventure filled Heritage walk,The drizzling Saturday proved to be an adventure filled morning for hikers...,https://dailynews.gov.bw/news-detail/91952,art-culture,Botswana DailyNews
23 Jun 2026,KTM Choir pays tribute to Motswaledi,The Kgalemang Tumediso Motsete (KTM) Choral Choir commemorated the life of the...,https://dailynews.gov.bw/news-detail/91953,art-culture,Botswana DailyNews
23 Jun 2026,Magistrate revokes Wright bail following,Maun Magistrate Court has denied bail to 36-year-old Letlhogonolo Wright who is...,https://dailynews.gov.bw/news-detail/91954,crime,Botswana DailyNews
23 Mar 2015,Minister cautions contractor,"The Ministry of Infrastructure, Science and Technology will do everything to ensure...",https://dailynews.gov.bw/news-detail/18866,development,Botswana DailyNews
23 Mar 2025,Boko witnesses Dr Nandi-Ndaitwah swearing in,President Advocate Duma Boko joined over 20 heads of state and other...,https://dailynews.gov.bw/news-detail/85371,politics,Botswana DailyNews
23 Mar 2025,Ministry reviews act and compensation,The Ministry of Environment and Tourism is the process of reviewing Wildlife...,https://dailynews.gov.bw/news-detail/85370,politics,Botswana DailyNews
23 Mar 2025,Moshupa commits to road infrastructure,Councillors in Moshupa District Council have voiced frustrations regarding delays and scope...,https://dailynews.gov.bw/news-detail/85352,development,Botswana DailyNews
23 Mar 2025,Multitudes pay last respects to Tlharese,Multitudes of mourners from all walks of life converged at Kgaphamadi ward...,https://dailynews.gov.bw/news-detail/85354,politics,Botswana DailyNews
23 Mar 2025,Policy seeks to improve service,The Draft National Decentralisation Policy aims to enhance governance in Botswana by...,https://dailynews.gov.bw/news-detail/85369,politics,Botswana DailyNews
23 Mar 2025,Take victims into account before bail rulling - Moroka,"Capacitating the criminal justice system, reconsidering the bail system as well as...",https://dailynews.gov.bw/news-detail/85372,crime,Botswana DailyNews
23 Mar 2026,Air Botswana deploys plan to stabilise performance,"Air Botswana has implemented a short-term strategic plan to stabilise its performance,...",https://dailynews.gov.bw/news-detail/90668,parliament,Botswana DailyNews
23 Mar 2026,Botswana Open University strives for inclusive education,Botswana Open University (BOU) provides accessible and inclusive education that accommodates all...,https://dailynews.gov.bw/news-detail/90676,parliament,Botswana DailyNews
23 Mar 2026,Capital punishment sanctioned by law,Government maintains that capital punishment is sanctioned by law and also acknowledges...,https://dailynews.gov.bw/news-detail/90686,parliament,Botswana DailyNews
23 Mar 2026,Four More Accused Granted Bail In Sethibe Case,Four additional accused persons have been granted bail in the ongoing Tshepo...,https://dailynews.gov.bw/news-detail/90694,crime,Botswana DailyNews
23 Mar 2026,Kgosi Seretse o kopa morafe go rotloetsa mophato,Bangwato ba rotloeditswe go amogela tsosoloso ya mephato. Se se builwe ke...,https://dailynews.gov.bw/news-detail/90688,dikgang,Botswana DailyNews
23 Mar 2026,Minister acknowledges need for reforms,There are no plans to make the Tutume Sub-Land Board a fully-fledged...,https://dailynews.gov.bw/news-detail/90687,parliament,Botswana DailyNews
23 Mar 2026,Ministry develops National Migration Policy,All foreign nationals entering Botswana will be profiled to improve data management...,https://dailynews.gov.bw/news-detail/90667,parliament,Botswana DailyNews
23 Mar 2026,Nxai Pan: Iconic destination to explore,"For travellers seeking tranquillity, abundant wildlife sightings and an authentic experience away...",https://dailynews.gov.bw/news-detail/90685,art-culture,Botswana DailyNews
23 Mar 2026,Office of the Receiver anticipates increased workload,"The Office of the Receiver has experienced an increase in operational responsibilities,...",https://dailynews.gov.bw/news-detail/90678,parliament,Botswana DailyNews
23 Mar 2026,Overcapacity forces sewage disposal to other places,Minister of Water and Human Settlement has acknowledged that sewage from the...,https://dailynews.gov.bw/news-detail/90679,parliament,Botswana DailyNews
23 Mar 2026,Sese coal project awaits new investors,Parliament has been informed that the Sese coal project’s small train pit...,https://dailynews.gov.bw/news-detail/90677,parliament,Botswana DailyNews
23 Mar 2026,Strategies in place to curb human - wildlife conflict,"The Ministry of Environment and Tourism, through the Department of Wildlife and...",https://dailynews.gov.bw/news-detail/90666,parliament,Botswana DailyNews
23 Mar 2026,Tirisanyo mmogo e botlhokwa - Monageng,Badiragatsi ba rotloeditswe go bereka mmogo go ipetlela isagong e e rileng. ...,https://dailynews.gov.bw/news-detail/90689,dikgang,Botswana DailyNews
23 May 2025,MPs attend US sponsored exchange programme,"Young Botswana Lawmakers Conclude US-Sponsored Exchange Program Focused on Growth, Governance,...",https://dailynews.gov.bw/news-detail/86575,politics,Botswana DailyNews
23 Oct 2024,Closer BRICS cooperation promises more inclusive development,"As BRICS leaders convene in Russia's city of Kazan, the world is...",https://dailynews.gov.bw/news-detail/82441,development,Botswana DailyNews
23 Oct 2024,Give BDP numbers - Masisi,Giving the Botswana Democratic Party (BDP) numbers that it requires to set...,https://dailynews.gov.bw/news-detail/82468,elections,Botswana DailyNews
23 Oct 2024,Maele seeks return to Parliament,Former Member of Parliament Mr Prince Maele has pleaded with people of...,https://dailynews.gov.bw/news-detail/82469,elections,Botswana DailyNews
23 Oct 2024,Masisi reaffirms BDP commitment to development,The Botswana Democratic Party (BDP) led government continues to deliver on its...,https://dailynews.gov.bw/news-detail/82471,elections,Botswana DailyNews
23 Oct 2024,Maun East candidates promises solutions ahead of elections,Candidates vying for the parliamentary seat in Maun East have pledged to...,https://dailynews.gov.bw/news-detail/82472,elections,Botswana DailyNews
23 Oct 2024,SADC Observer Mission starts work,The Southern African Development Community (SADC) has officially launched its Electoral Observation...,https://dailynews.gov.bw/news-detail/82470,elections,Botswana DailyNews
23 Oct 2024,SADC to implement SEOM recommendations,The Southern African Development Community (SADC) member states have been urged to...,https://dailynews.gov.bw/news-detail/82475,elections,Botswana DailyNews
23 Oct 2024,Send Kgakge to Parliament - Kwelagobe,"Members of the public, especially those living with disabilities and destitute persons...",https://dailynews.gov.bw/news-detail/82474,elections,Botswana DailyNews
23 Oct 2024,UDC launches Palapye candidate,"Umbrella for Democratic Change leader (UDC), Advocate Duma Boko has appealed to...",https://dailynews.gov.bw/news-detail/82465,elections,Botswana DailyNews
23 Oct 2024,UDC woos Jwaneng/Mabutsane constituents,The Umbrella for Democratic Change (UDC) has urged Jwaneng/Mabutsane constituents to cast...,https://dailynews.gov.bw/news-detail/82466,elections,Botswana DailyNews
23 Oct 2024,â€˜Molokwe best candidate for Kgatleng Westâ€™,Voters in Kgatleng West have been asked to vote for the Botswana...,https://dailynews.gov.bw/news-detail/82467,elections,Botswana DailyNews
23 Oct 2025,Debswana sponsors Mmakgodumo festival,"Bathoen II Trust has secured a P70,000 sponsorship from Debswana towards this...",https://dailynews.gov.bw/news-detail/88741,art-culture,Botswana DailyNews
23 Oct 2025,Go botlhokwa go Sireletsa dijo Tsa Setso,Banni ba Maun ba re e re le ntswa dijo tsa setso...,https://dailynews.gov.bw/news-detail/88761,dikgang,Botswana DailyNews
23 Oct 2025,Kgosi o tshwengwa ke dipalo tsa Batswakwa ba ba,Kgosi Thuso Wasetso wa Tati Town o tlhalositse fa go nna le...,https://dailynews.gov.bw/news-detail/88760,dikgang,Botswana DailyNews
23 Oct 2025,Magistrate asked to recuse himself from case,Two men accused of breaking into Goodhope Rural Administration Centre Offices and...,https://dailynews.gov.bw/news-detail/88743,crime,Botswana DailyNews
23 Oct 2025,Malapa a Feta Lekgolo a Bone Dithuso Tse di,Malwapa a feta lekgolo kwa Mmadinare a bone thuso e e maleba...,https://dailynews.gov.bw/news-detail/88759,dikgang,Botswana DailyNews
23 Oct 2025,Pageantry Grooming Gives Contestants Upper Edge,The newly formed Serowe based Miss Unique Beauty Stars Botswana is committed...,https://dailynews.gov.bw/news-detail/88740,art-culture,Botswana DailyNews
23 Sep 2026,Boko meets Guterres,As the global diplomatic community grapples with the choice of the upcoming...,https://dailynews.gov.bw/news-detail/93398,general,Botswana DailyNews
23 Sep 2026,Bridging two medical worlds: An American doctor\'s Hainan story,"""I just really hope that there's going to be more opportunities for...",https://dailynews.gov.bw/news-detail/93384,general,Botswana DailyNews
23 Sep 2026,Government moves to address system downtime,The Ministry of Communications and Innovation is addressing persistent government system downtime...,https://dailynews.gov.bw/news-detail/93395,general,Botswana DailyNews
23 Sep 2026,Govt targets UNEP to build smart economy,The government is working on partnering with development stakeholders such as the...,https://dailynews.gov.bw/news-detail/93397,general,Botswana DailyNews
23 Sep 2026,Jwaneng Mine rewards academic excellence,Jwaneng Mine recently hosted the ninth edition of the Diamond Dream Academic...,https://dailynews.gov.bw/news-detail/93385,general,Botswana DailyNews
23 Sep 2026,Manufacturing sector key to economic diversificationÂ,"Industrialisation through manufacturing and agro-processing is critical to diversifying the economy, Assistant...",https://dailynews.gov.bw/news-detail/93399,general,Botswana DailyNews
23 Sep 2026,Minister urges companies to comply with new act,Both employers and employees have been implored to familiarise themselves with the...,https://dailynews.gov.bw/news-detail/93394,general,Botswana DailyNews
23 Sep 2026,Moswaane calls on VDCs to lead rural industrialisation,Village Development Committee (VDC) members have been urged to take the lead...,https://dailynews.gov.bw/news-detail/93396,general,Botswana DailyNews
23 Sep 2026,People-to-people exchanges key to U.S.-China ties: U.S historian,"""The U.S. and China have been in very dark relations in the...",https://dailynews.gov.bw/news-detail/93383,general,Botswana DailyNews
23 Sep 2026,Xinhua Headlines: Xi builds friendship across the Pacific,"BEIJING, Sept. 23 (Xinhua) -- ""The foundation of China-U.S. relations lies among...",https://dailynews.gov.bw/news-detail/93391,general,Botswana DailyNews
24 Apr 2015,Mmopane road in plan,Government will build a tarred road to connect Ledumadumane and Mmopane this financial...,https://dailynews.gov.bw/news-detail/19661,development,Botswana DailyNews
24 Apr 2025,Five face charges for harbouring immigrants,A Motswana man and four Zimbabwean nationals will appear before the court...,https://dailynews.gov.bw/news-detail/85985,crime,Botswana DailyNews
24 Apr 2025,State in extradition process of rape accused,The state is in the process of extraditing to Botswana a Mochudi...,https://dailynews.gov.bw/news-detail/85987,crime,Botswana DailyNews
24 Aug 2025,Letlotlo aims for musical throne,"Upcoming artist, Ketso Letlotlo, known simply as Ketso, is aiming for the...",https://dailynews.gov.bw/news-detail/88273,art-culture,Botswana DailyNews
24 Aug 2025,Poor sound spoils festival,The National Arts Festival held at the Tati Siding community hall on...,https://dailynews.gov.bw/news-detail/88272,art-culture,Botswana DailyNews
24 Aug 2026,Ba Tutume ba tlhagisiwa ka bolwetsi jwa molafo,Ba lephata la matlhoko a leruo kwa Tutume ba tlhagisa batho ka...,https://dailynews.gov.bw/news-detail/92884,dikgang,Botswana DailyNews
24 Aug 2026,China Focus: Humanoid robot games put real-world skills to,"Inside a makeshift restaurant, a humanoid robot gripped a snack with a...",https://dailynews.gov.bw/news-detail/92880,general,Botswana DailyNews
24 Aug 2026,Currency strength depends on diversified economy,"As Botswana marks half a century of the Pula and Thebe, Vice...",https://dailynews.gov.bw/news-detail/92894,general,Botswana DailyNews
24 Aug 2026,Gaolathe commends Debswana GM Walk initiative,Vice President Mr Ndaba Gaolathe has praised Debswana Diamond Company for its...,https://dailynews.gov.bw/news-detail/92893,general,Botswana DailyNews
24 Aug 2026,Government achieves core goals,Government remains resolute to deliver on its mandate amid severe fiscal deficits...,https://dailynews.gov.bw/news-detail/92892,general,Botswana DailyNews
24 Aug 2026,Highlights of 2nd World Humanoid Robot Games in Beijing,...,https://dailynews.gov.bw/news-detail/92891,general,Botswana DailyNews
24 Aug 2026,Surprising China | Fragrance products gain popularity among young,"Fragrance has gained widespread popularity among young Chinese, fueled by rising appreciation...",https://dailynews.gov.bw/news-detail/92885,general,Botswana DailyNews
24 Dec 2024,"Parliament adopts two motions, passes six bills",The First Meeting of the First Session of the 13th Parliament concluded...,https://dailynews.gov.bw/news-detail/83856,politics,Botswana DailyNews
24 Dec 2025,Bakhurutshe women celebrate Christmas style,Some Bakhurutshe women on December 23 came together to celebrate the true...,https://dailynews.gov.bw/news-detail/89492,art-culture,Botswana DailyNews
24 Dec 2025,Bus Burns Near Metsimotlhabe,A bus carrying four men caught fire and burned just outside Metsimotlhabe...,https://dailynews.gov.bw/news-detail/89500,crime,Botswana DailyNews
24 Dec 2025,Four appear for stock theft,"The quartet of Nonofo Joseph, Simisane Outule, Boitse Nchime and Obakeng Modise...",https://dailynews.gov.bw/news-detail/89499,crime,Botswana DailyNews
24 Dec 2025,Police on high Alert,"The Police are on high alert, ensuring safe travels as heavy traffic...",https://dailynews.gov.bw/news-detail/89501,crime,Botswana DailyNews
24 Dec 2025,Revellers in for treat at KE WA BOTETI Festival,One of the KE WA BOTETI Festival organisers has promised nothing but...,https://dailynews.gov.bw/news-detail/89494,art-culture,Botswana DailyNews
24 Dec 2025,Traffic police ready for festive season,The Northern Division Traffic police are gearing up for a strict enforcement...,https://dailynews.gov.bw/news-detail/89493,crime,Botswana DailyNews
24 Feb 2026,BOMU Introduces Most Viral Song Category,"After a year-long strategic hiatus in 2025, the Botswana Musicians Union (BOMU)...",https://dailynews.gov.bw/news-detail/90228,art-culture,Botswana DailyNews
24 Feb 2026,Ba FNB Ba Bula Banni Matlho,Mogolwane kwa bankeng ya First National Bank (FNB) Rre Chris Molosiwa a...,https://dailynews.gov.bw/news-detail/90226,dikgang,Botswana DailyNews
24 Feb 2026,DBS Develops New Freelance Dispensation,Department of Broadcasting Services is currently developing a new freelance dispensation aimed...,https://dailynews.gov.bw/news-detail/90232,parliament,Botswana DailyNews
24 Feb 2026,Government rolls out P97 million FMD emergency response,Government has activated a P97 million national emergency response to prevent the...,https://dailynews.gov.bw/news-detail/90222,parliament,Botswana DailyNews
24 Feb 2026,Govt Provides Free Healthcare To Persons With Albinism,Government currently provides free dermatological and skin care services to persons with...,https://dailynews.gov.bw/news-detail/90231,parliament,Botswana DailyNews
24 Feb 2026,Kwapa calls for teacher housing to improve performance,"Member of Parliament for Jwaneng/Mabutsane, Mr Omphemetse Kwapa, has urged government to...",https://dailynews.gov.bw/news-detail/90233,parliament,Botswana DailyNews
24 Feb 2026,Land Reform To Address Structural Failures,The Ministry of Lands and Agriculture will embark on a comprehensive reform...,https://dailynews.gov.bw/news-detail/90223,parliament,Botswana DailyNews
24 Feb 2026,Legal Aid Botswana Targets Rural Outreach,Legal Aid Botswana is rolling out a new corporate strategy aimed at...,https://dailynews.gov.bw/news-detail/90221,parliament,Botswana DailyNews
24 Feb 2026,MPs Highlight Jobs And Infrastructure Development as Primary Needs,"Member of Parliament for Thamaga/Kumakwane, Mr Palelo Motaosane has called on government...",https://dailynews.gov.bw/news-detail/90230,parliament,Botswana DailyNews
24 Feb 2026,Mathoothe O Galaletsa Maiteko A Masupatsela,Mokgatlho wa Central Trailblazers Scout Group o botlhokwa mo go ageng botho...,https://dailynews.gov.bw/news-detail/90229,dikgang,Botswana DailyNews
24 Feb 2026,Second edition of Creative Kids Day returns,Botswana’s growing creative and cultural sectors are inspiring new initiatives aimed at...,https://dailynews.gov.bw/news-detail/90219,art-culture,Botswana DailyNews
24 Feb 2026,The sky is the limit for Nthoiwa brothers,"The sky is the limit for the duo, Itumeleng Nthoiwa aka Bangai...",https://dailynews.gov.bw/news-detail/90218,art-culture,Botswana DailyNews
24 Jul 2025,Rape incidents mar holidays in Mabutsane District,Two young men are in police custody in relation to two separate...,https://dailynews.gov.bw/news-detail/87686,crime,Botswana DailyNews
24 Jul 2026,Cross border smuggling casts shadow over Tshokwe,"Tshokwe, a village situated near the Zimbabwe border, boasts a stunning landscape...",https://dailynews.gov.bw/news-detail/92368,crime,Botswana DailyNews
24 Jul 2026,Minja set to launch Teen Thrive Journal,"Certified life coach, Phemelo Minja is set to launch her book, Teen...",https://dailynews.gov.bw/news-detail/92372,art-culture,Botswana DailyNews
24 Jun 2014,"SPEDU, NFTRC partner to set up processing plant",A project to set up a processing and packaging plant for horticulture...,https://dailynews.gov.bw/news-detail/12344,development,Botswana DailyNews
24 Jun 2015,KDC completes 142 projects,The Kgatleng District Council has managed to complete 142 projects of the...,https://dailynews.gov.bw/news-detail/21006,development,Botswana DailyNews
24 Jun 2015,Parliamentary flats project progresses well,"Minister of Infrastructure, Science and Technology, Mr Nonofo Molefhi, says he is...",https://dailynews.gov.bw/news-detail/20998,development,Botswana DailyNews
24 Jun 2025,Botswana leverages nuclear science,"Peaceful nuclear technologies offer significant benefits of improving lives, sustaining communities, and...",https://dailynews.gov.bw/news-detail/87191,development,Botswana DailyNews
24 Jun 2026,Accused Persons Admit Role In Lesetedi Death,"A state witness in a bail hearing application, Ms Keolebogile Ketshogile says...",https://dailynews.gov.bw/news-detail/91971,crime,Botswana DailyNews
24 Jun 2026,BOTSTop5 Returns To Channel O,"The BotsTop5, a high energy music video reaction and countdown show of...",https://dailynews.gov.bw/news-detail/91975,art-culture,Botswana DailyNews
24 Jun 2026,Government Revives Choral Music In Schools,Government has reinstated choral music competitions for state owned and private owned...,https://dailynews.gov.bw/news-detail/91976,art-culture,Botswana DailyNews
24 Mar 2026,Human capital development catalyst to transformation,Government places human capital development at the centre of the country’s economic...,https://dailynews.gov.bw/news-detail/90713,parliament,Botswana DailyNews
24 Mar 2026,Kgaoganyo ya Zone 11 e botlhokwa go laola malwetse,Lephata la taolo matlhoko a leruo le tsweletse ka go loga maano...,https://dailynews.gov.bw/news-detail/90707,dikgang,Botswana DailyNews
24 Mar 2026,Learner profiling exercise to facilitate placement,Registration for students seeking admission to senior secondary schools after failing to...,https://dailynews.gov.bw/news-detail/90704,parliament,Botswana DailyNews
24 Mar 2026,Lobatse council to maximise existing revenue streams,The Lobatse Town Council aims to maximise existing revenue streams and identify...,https://dailynews.gov.bw/news-detail/90697,politics,Botswana DailyNews
24 Mar 2026,MPs root for radical reforms in education sector,The implementation of Technical Education and Vocational Training (TVET) reforms remains key...,https://dailynews.gov.bw/news-detail/90709,parliament,Botswana DailyNews
24 Mar 2026,Maintenance of education facilities priority,Government has prioritised maintenance and refurbishment of existing education facilities across all...,https://dailynews.gov.bw/news-detail/90711,parliament,Botswana DailyNews
24 Mar 2026,Makase preaches teamwork among artistes,"Reflecting on his music journey, Orapeleng Lesole, known as Makase in the...",https://dailynews.gov.bw/news-detail/90719,art-culture,Botswana DailyNews
24 Mar 2026,Ministry adopts One - Stop Service Centre for GBV,The Ministry of Youth and Gender Affairs is collaborating with a multi-sectoral...,https://dailynews.gov.bw/news-detail/90710,parliament,Botswana DailyNews
24 Mar 2026,Ministry channels P145m toward Nata SSS maintenance,The Ministry of Child Welfare and Basic Education is expected to spend...,https://dailynews.gov.bw/news-detail/90712,parliament,Botswana DailyNews
24 Mar 2026,Ministry undertakes review of National Policy on Destitute Persons,"The review of the Revised National Policy on Destitute Persons of 2002,...",https://dailynews.gov.bw/news-detail/90702,parliament,Botswana DailyNews
24 Mar 2026,Mochudi -Malolwane route registers 22 new applications,The Ministry of Transport and Infrastructure has issued 12 passenger permits to...,https://dailynews.gov.bw/news-detail/90703,parliament,Botswana DailyNews
24 Mar 2026,Ntema redefines Botswana tourism experience,"Onalethuso ‘Mambo’ Ntema, a musician, traditional percussionist and cultural heritage management practitioner,...",https://dailynews.gov.bw/news-detail/90720,art-culture,Botswana DailyNews
24 Mar 2026,Safflower e bogadi bogaufi,Fa go na le sejalo se se tshwanetseng go rotloediwa ke Safflower...,https://dailynews.gov.bw/news-detail/90705,dikgang,Botswana DailyNews
24 Mar 2026,Salakae refutes multi - million Pula contract allegations,Botswana Railways has not awarded any multi-million Pula contract and no procurement...,https://dailynews.gov.bw/news-detail/90708,parliament,Botswana DailyNews
24 May 2025,BPS Launches Missing Persons Unit Amid Rise in Cybercrime,The Botswana Police Service (BPS) has established a dedicated Missing Persons Unit...,https://dailynews.gov.bw/news-detail/86579,crime,Botswana DailyNews
24 May 2026,Photo exhibition highlights China-Kenya cooperation in biodiversity conservation,"A photo exhibition was launched on Friday in Nairobi, Kenya's capital, highlighting...",https://dailynews.gov.bw/news-detail/91532,art-culture,Botswana DailyNews
24 Nov 2014,Kgalagadi: Unexploited tourism hub,Low exploitation of tourism sector in Kgalagadi District has negatively affected the...,https://dailynews.gov.bw/news-detail/15979,development,Botswana DailyNews
24 Nov 2019,Court discharges Salakae interdict order with costs,"Judge Christopher Gabanagae of Gaborone High Court, on November 21, discharged with...",https://dailynews.gov.bw/news-detail/53060,elections,Botswana DailyNews
24 Nov 2025,Dow Calls for Consultation On National Issues,"Kgatleng West Member of Parliament, Dr Unity Dow, has faulted the government...",https://dailynews.gov.bw/news-detail/89206,politics,Botswana DailyNews
24 Nov 2025,Lebakeng Embraces Dream,A determined author is proving that age is just a number when...,https://dailynews.gov.bw/news-detail/89199,art-culture,Botswana DailyNews
24 Nov 2025,Lemang Dijo To Address Food Security,"The newly revised arable sector subsidy programme, Lemang Dijo will go a...",https://dailynews.gov.bw/news-detail/89198,politics,Botswana DailyNews
24 Nov 2025,Minister To Propose Name For Brigades,"The brigades, vocational training institutions for out of school youth countrywide, will...",https://dailynews.gov.bw/news-detail/89207,politics,Botswana DailyNews
24 Nov 2025,Mophuting Lauds Efforts To Restore Dignity,"The reduction of tariffs and revising minimum wage upward amidst economic hardship,...",https://dailynews.gov.bw/news-detail/89202,politics,Botswana DailyNews
24 Nov 2025,Motshameko Ga Se Matshamekwane,"Mopalamente wa kgaolo ya Lentsweletau/Lephepe, Rre Tshenolo Bogatsu a re kakanyo ya...",https://dailynews.gov.bw/news-detail/89208,dikgang,Botswana DailyNews
24 Nov 2025,Vivian Eyes Miss Hope Pageant Crown,Vivian Keatlholetswe will step into the global spectacle dubbed; Miss Hope Pageants...,https://dailynews.gov.bw/news-detail/89200,art-culture,Botswana DailyNews
24 Oct 2024,BDP only party of choice - President,"The Botswana Democratic Party (BDP) President, Dr Mokgweetsi Masisi has presented the...",https://dailynews.gov.bw/news-detail/82486,elections,Botswana DailyNews
24 Oct 2024,Boteti West candidates share policy priorities,"Boteti West parliamentary candidates highlighted human-wildlife conflict, infrastructural development, wealth creation and...",https://dailynews.gov.bw/news-detail/82491,elections,Botswana DailyNews
24 Oct 2024,Court orders medicals for SADC robbery suspect,The Village Magistrate Court had ordered that the second accused person in...,https://dailynews.gov.bw/news-detail/82494,crime,Botswana DailyNews
24 Oct 2024,Masisi seeks second term,"The President, Dr Mokgweetsi Masisi, has appealed to Charleshill constituents to give...",https://dailynews.gov.bw/news-detail/82488,elections,Botswana DailyNews
24 Oct 2024,\'Advance voting challenges unfortunate\',The incident where some voters failed to vote in the advance polls...,https://dailynews.gov.bw/news-detail/82489,elections,Botswana DailyNews
24 Oct 2025,Great Wall farm stages Heritage Lifestyle event,Entertainment enthusiasts around Molepolole are set for a thrilling day of heritage...,https://dailynews.gov.bw/news-detail/88765,art-culture,Botswana DailyNews
24 Sep 2024,Former mayor appears for alleged fraud,"Former Gaborone mayor, Kagiso Thutlwe and two others this morning appeared before...",https://dailynews.gov.bw/news-detail/81925,crime,Botswana DailyNews
24 Sep 2024,Ramokweni committal set for October 3,"Murder accused, Edwin Ramokweni, will have his case committed to the High...",https://dailynews.gov.bw/news-detail/81930,crime,Botswana DailyNews
24 Sep 2026,"Africa\'s wildlife ranger shortage threatens conservation, tourism","Africa has only about 65,000 wildlife and marine rangers to protect its...",https://dailynews.gov.bw/news-detail/93427,general,Botswana DailyNews
24 Sep 2026,Bi-national Commission to boost economic ties,Botswana and Mozambique are pushing to deepen bilateral cooperation by upgrading their...,https://dailynews.gov.bw/news-detail/93419,general,Botswana DailyNews
24 Sep 2026,Boko calls for global inclusion,President Advocate Duma Boko has called for renewed multilateralism and urged world...,https://dailynews.gov.bw/news-detail/93424,general,Botswana DailyNews
24 Sep 2026,Botswana Veterinary Surgeons Council launches website,Botswana Veterinary Surgeons Council (BVSC) has launched a website to strengthen professional...,https://dailynews.gov.bw/news-detail/93402,general,Botswana DailyNews
24 Sep 2026,COMESA forum spotlights Zimbabweâ€™s climate resilience efforts,Zimbabwean research on climate change adaptation and the use of indigenous knowledge...,https://dailynews.gov.bw/news-detail/93425,general,Botswana DailyNews
24 Sep 2026,China zero-tariff measures open market for Botswana,"Botswana is positioning beef, citrus and other locally produced goods for a...",https://dailynews.gov.bw/news-detail/93429,general,Botswana DailyNews
24 Sep 2026,Chinese initiative gives fresh momentum to China-U.S. youth exchanges,"Out at sea, Chinese and U.S. university students explored the ocean, took...",https://dailynews.gov.bw/news-detail/93421,general,Botswana DailyNews
24 Sep 2026,Govt ramps up horticulture to cushion economy,Government has taken a strategic decision to aggressively develop Botswana’s horticulture sector...,https://dailynews.gov.bw/news-detail/93409,general,Botswana DailyNews
24 Sep 2026,Lake Kariba\'s Shrinking Kapenta Fish Harvests Signal Climate Dangers,"The lake stretches towards the horizon, its blue waters shimmering beneath the...",https://dailynews.gov.bw/news-detail/93426,general,Botswana DailyNews
24 Sep 2026,Old Friends\' Expectations,As Chinese President Xi Jinping prepares for his state visit to the...,https://dailynews.gov.bw/news-detail/93423,general,Botswana DailyNews
24 Sep 2026,Twenty-five-kilometre internal roads to transform Tlokweng,Completion of the Tlokweng 25 kilometres internal roads development is a clear...,https://dailynews.gov.bw/news-detail/93420,general,Botswana DailyNews
24 Sep 2026,"Two countries, one table -- The China-U.S. food story","Mia, an American, thought she knew American food ... Until she came...",https://dailynews.gov.bw/news-detail/93422,general,Botswana DailyNews
25 Apr 2016,ESP projects start in Lobatse,Implementation of the Economic Stimulus Programme (ESP) in Lobatse has started in...,https://dailynews.gov.bw/news-detail/27857,development,Botswana DailyNews
25 Apr 2025,China\'s policy support boosts private sector\'s healthy development,China's private sector saw robust industrial output growth in the first quarter...,https://dailynews.gov.bw/news-detail/85993,politics,Botswana DailyNews
25 Apr 2025,Hollywood fading charm in China and why U.S. tariffs,"Once the king of China's silver screen, Hollywood now finds itself sidelined,...",https://dailynews.gov.bw/news-detail/85996,politics,Botswana DailyNews
25 Apr 2026,Manyana 4x4 Meet Returns With Bigger Lineup,"The second instalment of the Manyana 4X4 Meet and Camp, steered by...",https://dailynews.gov.bw/news-detail/91164,art-culture,Botswana DailyNews
25 Apr 2026,Organisers Postpone Khawa Dune Challenge,Fans of the Khawa Dune Challenge & Cultural Festival will have to...,https://dailynews.gov.bw/news-detail/91162,art-culture,Botswana DailyNews
25 Aug 2025,BDP apologises to Khama and Ba GaMmangwato,"The Botswana Democratic Party (BDP) entourage, led by the party’s leader, Mr...",https://dailynews.gov.bw/news-detail/88301,politics,Botswana DailyNews
25 Aug 2025,Bana ba basimane ba tlhoka kgodiso e e lolameng,Mogolwane go tswa kwa Kamal Jacobs Foundation Mme Modiegi Seleka o rotloeditse...,https://dailynews.gov.bw/news-detail/88291,dikgang,Botswana DailyNews
25 Aug 2025,Court denies Pitsane-Potlokwe man bail,Chief Magistrate Rebecca Motsamai of the Lobatse Magistrate Court has extended the...,https://dailynews.gov.bw/news-detail/88298,crime,Botswana DailyNews
25 Aug 2025,Festival sparks unity and economic growth,"The sun-drenched village of Manyana came alive with colour, music, and pride...",https://dailynews.gov.bw/news-detail/88305,art-culture,Botswana DailyNews
25 Aug 2025,Ipeleng ka ngwao ya lona - kgosi,Banni ba Motokwe ba kgothaditswe go simolola go ipelela le go ipela...,https://dailynews.gov.bw/news-detail/88292,dikgang,Botswana DailyNews
25 Aug 2025,Magistrate remands serial rapist accused in custody,"An accused in a series of rape cases and robberies, Kobamelo Thomas,...",https://dailynews.gov.bw/news-detail/88296,crime,Botswana DailyNews
25 Aug 2025,Ngakaagae withdraws from murder case,"Prominent attorney, Mr Kgosietsile Ngakaagae has withdrawn his services for 39-year-old murder...",https://dailynews.gov.bw/news-detail/88295,crime,Botswana DailyNews
25 Aug 2025,"Police officer loses over P300,000 to scam",Superintendent Mogomotsi Matlapeng has revealed that Sejelo Police are investigating a case...,https://dailynews.gov.bw/news-detail/88297,crime,Botswana DailyNews
25 Aug 2025,Trust postpones Tsodilo Heritage Walk Challenge,Tsodilo Heritage Walk Challenge billed for this weekend (August 30) has been...,https://dailynews.gov.bw/news-detail/88306,art-culture,Botswana DailyNews
25 Aug 2026,Absa Bank pledges P2.5m to power Dithubaruba Cultural show,Absa Bank Botswana has committed P2.5 million towards the Dithubaruba cultural show...,https://dailynews.gov.bw/news-detail/92901,art-culture,Botswana DailyNews
25 Aug 2026,"Botswana, EU unveil Kalahari Transfrontier Park revitalisation project","Botswana, in partnership with the European Union (EU) and conservation non-profit African...",https://dailynews.gov.bw/news-detail/92923,general,Botswana DailyNews
25 Aug 2026,Creators call for stronger music industry,The opening session of the Creators Assembly Summit at Maitisong Theatre in...,https://dailynews.gov.bw/news-detail/92927,art-culture,Botswana DailyNews
25 Aug 2026,Debt affects Mabutsane Bonno Housing Scheme,Severe budgetary shortages continue to hamper the Mabutsane District Council’s ability to...,https://dailynews.gov.bw/news-detail/92922,general,Botswana DailyNews
25 Aug 2026,Dibete police station future under review,The Ministry of Transport and Infrastructure experts have been tasked with providing...,https://dailynews.gov.bw/news-detail/92937,general,Botswana DailyNews
25 Aug 2026,Eisteddfod puts schools musical talent in spotlight,"Mafitlhakgosi Primary School, Etsha 6 Junior Secondary School and Mater Spei College...",https://dailynews.gov.bw/news-detail/92904,art-culture,Botswana DailyNews
25 Aug 2026,Gamalete Council hopeful amidst economic strains,"Despite the current economic strain and funding constraints, Gamalete District Council is...",https://dailynews.gov.bw/news-detail/92932,general,Botswana DailyNews
25 Aug 2026,Govt positions TVET at centre of economic transformation,Government has deliberately positioned Technical and Vocational Education and Training (TVET) as...,https://dailynews.gov.bw/news-detail/92936,general,Botswana DailyNews
25 Aug 2026,Itlhaganele profits from passion,What began as a simple love for plants has blossomed into a...,https://dailynews.gov.bw/news-detail/92934,general,Botswana DailyNews
25 Aug 2026,Maduo a Hereford ga a jese diwelang,Mogokgo wa sekole se se botlana sa Hereford Mme Keatametse Mokgatitshwane...,https://dailynews.gov.bw/news-detail/92929,dikgang,Botswana DailyNews
25 Aug 2026,Masalila enjoys pottery work,Making pottery at home has for long been a fun activity that...,https://dailynews.gov.bw/news-detail/92928,art-culture,Botswana DailyNews
25 Aug 2026,Mohwasa calls for diligent use of donations,"Minister for State President, Defence and Security, Mr Moeti Mohwasa has underscored...",https://dailynews.gov.bw/news-detail/92921,general,Botswana DailyNews
25 Aug 2026,Mokgatlho o tla tshwara phuthego ya boeteledipele,"Mothusa motsamaisi wa mokgatlho o o ikemetseng, wa Independent Order of...",https://dailynews.gov.bw/news-detail/92930,dikgang,Botswana DailyNews
25 Aug 2026,Region celebrates staff,Teaching comes with its fair share of heavy lifting. Between stretched teaching...,https://dailynews.gov.bw/news-detail/92908,general,Botswana DailyNews
25 Aug 2026,Salakae o ipolelela morafe wa Ghanzi,Morago ga go ithola marapo mo khuduthamageng ya ga Tautona beke e...,https://dailynews.gov.bw/news-detail/92931,dikgang,Botswana DailyNews
25 Aug 2026,Saturday Ballads deliver uplifting summer vibes,The Saturday Ballads collective DJs gave the audience an uplifting show perfect...,https://dailynews.gov.bw/news-detail/92902,art-culture,Botswana DailyNews
25 Aug 2026,Thomas remains in contention despite head-to-head loss,Miss World Botswana Ruth Thomas took to the stage yesterday for the...,https://dailynews.gov.bw/news-detail/92903,art-culture,Botswana DailyNews
25 Aug 2026,US-Botswana relations real and tested,President Advocate Duma Boko has described the United States America as an...,https://dailynews.gov.bw/news-detail/92938,general,Botswana DailyNews
25 Aug 2026,WUC brings hope to Hereford Primary,The adoption of Hereford Primary School by Water Utilities Corporation (WUC) has...,https://dailynews.gov.bw/news-detail/92909,general,Botswana DailyNews
25 Aug 2026,"Xi calls on China, Jordan to further deepen alignment","China and Jordan should further deepen the alignment of development strategies, Chinese...",https://dailynews.gov.bw/news-detail/92939,general,Botswana DailyNews
25 Aug 2026,Xi congratulates Alamgir on assuming Bangladeshi presidency,Chinese President Xi Jinping on Monday extended congratulations to Mirza Fakhrul Islam...,https://dailynews.gov.bw/news-detail/92910,general,Botswana DailyNews
25 Aug 2026,Xi puts forward four principles on Palestinian question,Chinese President Xi Jinping stressed on Monday that four principles should be...,https://dailynews.gov.bw/news-detail/92917,general,Botswana DailyNews
25 Aug 2026,"Xi stresses consolidating, expanding campaign on correct view of","Xi Jinping, general secretary of the Communist Party of China (CPC) Central...",https://dailynews.gov.bw/news-detail/92935,general,Botswana DailyNews
25 Aug 2026,de beers commits to partnerships,De Beers Group is committed to partnering with institutions and communities for...,https://dailynews.gov.bw/news-detail/92933,general,Botswana DailyNews
25 Dec 2025,Announcement of the Miss Botswana 2026 Top 30 Contestants,The Miss World Botswana Organization is pleased to announce the Top 30...,https://dailynews.gov.bw/news-detail/89504,art-culture,Botswana DailyNews
25 Feb 2015,Japan funds special education unit at Masupe,Japan has given Palapye Administrative Authority a grant of $92 079 (P886...,https://dailynews.gov.bw/news-detail/17999,development,Botswana DailyNews
25 Feb 2021,GCC undertakes city-wide road maintenance,Maintenance works are underway to repair potholes and edge damages on Gaborone’s...,https://dailynews.gov.bw/news-detail/61141,development,Botswana DailyNews
25 Feb 2025,Moyo escapes the noose,Death row inmate Passmore Moyo has escaped the jaws of death after...,https://dailynews.gov.bw/news-detail/84846,crime,Botswana DailyNews
25 Feb 2025,Residents to appeal court decision,Some members of Okavango Kopano Mokoro Community Trust (OKMCT) have unanimously agreed...,https://dailynews.gov.bw/news-detail/84845,crime,Botswana DailyNews
25 Feb 2026,Artificial Insemination services benefit 591 farmers in Okavango,Since 2019 a total of 591 farmers in the Okavango District have...,https://dailynews.gov.bw/news-detail/90248,parliament,Botswana DailyNews
25 Feb 2026,Ba Francistown Ba Bete Se Molangwana Ka Kgotla Ya,Banni ba toropo ya Francistown ba kopile gore mogopolo wa go tllhamiwa...,https://dailynews.gov.bw/news-detail/90256,dikgang,Botswana DailyNews
25 Feb 2026,Banni Ba Atla Mogopolo Wa Tshimolodiso Ya Kgotla Tshekelo,Merafe ya metse ya Molepolole le Kopong ba supile fa ba dumelana...,https://dailynews.gov.bw/news-detail/90255,dikgang,Botswana DailyNews
25 Feb 2026,Chombo Advocates Economic Liberty For Youth,"Minister of Youth and Gender Affairs, Ms Lesego Chombo, has called for...",https://dailynews.gov.bw/news-detail/90257,parliament,Botswana DailyNews
25 Feb 2026,Gaolathe Issues Stark Call as Botswana Outgrows Diamond Era,"For decades, Botswana’s economy was the ‘golden child’ of Africa, robust and...",https://dailynews.gov.bw/news-detail/90259,parliament,Botswana DailyNews
25 Feb 2026,Govt injects over P13bn into diamond marketing,Government has launched a P13.2bn (US$100million) marketing and consumer education campaign to...,https://dailynews.gov.bw/news-detail/90246,parliament,Botswana DailyNews
25 Feb 2026,Keitemoge Strives To Share African Culture,"Obakeng Keitemoge, born and raised in Gaborone, is a visual and fine...",https://dailynews.gov.bw/news-detail/90254,art-culture,Botswana DailyNews
25 Feb 2026,Minister Clarifies Khoemacau Regulatory Status,Government has no negotiated agreement with MMG Limited but has instead granted...,https://dailynews.gov.bw/news-detail/90247,parliament,Botswana DailyNews
25 Feb 2026,Ministry commits to impactful YDF,The Ministry of Youth and Gender Affairs is committed to ensuring that...,https://dailynews.gov.bw/news-detail/90258,parliament,Botswana DailyNews
25 Feb 2026,Over 600 000 await land allocation,"Parliament has been informed that the Land Information System shows that 687,486...",https://dailynews.gov.bw/news-detail/90245,parliament,Botswana DailyNews
25 Feb 2026,Sport tourism key to economic diversification,"Government is committed to stimulating economic diversification through sport tourism, including the...",https://dailynews.gov.bw/news-detail/90249,parliament,Botswana DailyNews
25 Feb 2026,Strategy Aims To Boost Food Security,The Ministry of Lands and Agriculture has adopted robust and multi-faceted strategies...,https://dailynews.gov.bw/news-detail/90250,parliament,Botswana DailyNews
25 Jan 2024,No reason to panic â€“Maroba,The nation should remain rest assured that the registration process that started...,https://dailynews.gov.bw/news-detail/77482,elections,Botswana DailyNews
25 Jan 2024,Over 15 000 register in Kgatleng constituencies,"With only two weeks left before national registration exercise ends, eligible voters...",https://dailynews.gov.bw/news-detail/77481,elections,Botswana DailyNews
25 Jan 2024,Voters registration progressing well,Voter registration in Mahalapye District jurisdictional area for elections has been reported...,https://dailynews.gov.bw/news-detail/77480,elections,Botswana DailyNews
25 Jul 2025,Court sentences small stock thief to five years,The Tatisiding Customary Court has sentenced Israel Case from Maitengwe to five...,https://dailynews.gov.bw/news-detail/87713,crime,Botswana DailyNews
25 Jun 2014,BURS project comes at right time,"Government has placed the provision of adequate facilities, trained workforce, simplified and...",https://dailynews.gov.bw/news-detail/12394,development,Botswana DailyNews
25 Jun 2014,Poverty stricken areas to get more funds,Constituencies hard hit by poverty will be allocated more funds to undertake...,https://dailynews.gov.bw/news-detail/12383,development,Botswana DailyNews
25 Jun 2014,Serowe roads undergo maintenance,Serowe Administrative Authority (SAA) has embarked on a less costly concept to...,https://dailynews.gov.bw/news-detail/12388,development,Botswana DailyNews
25 Jun 2021,CPC \'great practice\' offers inspirations - Turkey party leader,"China, led by the Communist Party of China (CPC), has accomplished an...",https://dailynews.gov.bw/news-detail/62900,development,Botswana DailyNews
25 Jun 2021,CPC enables China to make remarkable development leaps -,"Committed to promoting the well-being of the people, the Communist Party of...",https://dailynews.gov.bw/news-detail/62899,development,Botswana DailyNews
25 Jun 2021,\'Chinese miracle\' proves success of socialism with Chinese characteristics,The 'Chinese miracle' created by the Communist Party of China (CPC) in...,https://dailynews.gov.bw/news-detail/62901,development,Botswana DailyNews
25 Jun 2025,Borehole to end Xobe water woes,Residents of Xobe 2 settlement in the North West district have been...,https://dailynews.gov.bw/news-detail/87217,development,Botswana DailyNews
25 Jun 2025,Galefele tours projects,"Jwaneng Mine General Manager, Mr Goitseone Gadifele yesterday embarked on a tour...",https://dailynews.gov.bw/news-detail/87208,development,Botswana DailyNews
25 Jun 2025,Magagarape Road Completion Scheduled for August,"The construction of the 40km Magagarape road, which runs from the Jwaneng...",https://dailynews.gov.bw/news-detail/87218,development,Botswana DailyNews
25 Jun 2025,Parliament strives to safeguard democracy,Parliament is confronted with the task of rebuilding and consolidating the country’s...,https://dailynews.gov.bw/news-detail/87204,politics,Botswana DailyNews
25 Jun 2026,Bogodu Jwa Leruo Bo iIe Magoletsa Kwa Tsabong,Kgaolo ya Tsabong e tsweletse ka go itemogela koketsego ya dipalo tsa...,https://dailynews.gov.bw/news-detail/92003,dikgang,Botswana DailyNews
25 Jun 2026,Ngubevana Captures Moments Beyond Single Fame,"Around five kilometers from Gaborone, in the pale light of an early...",https://dailynews.gov.bw/news-detail/92006,art-culture,Botswana DailyNews
25 Jun 2026,Ratoropo O Rotloetsa Tirisanyo Mmogo,"Ratoropo wa Sowa, Rre Ford Moiteela o rotloetsa tirisanyo mmogo ya dikhansele....",https://dailynews.gov.bw/news-detail/92002,dikgang,Botswana DailyNews
25 Jun 2026,Witness Exonerates Lefoko From BPC Tendering Process,"Former Minerals and Energy Minister Lefoko Moagi, who faces corruption and money...",https://dailynews.gov.bw/news-detail/91986,crime,Botswana DailyNews
25 Jun 2026,Witness Exonerates Moagi From BPC Tendering Process,"Former Minister of Minerals and Energy, Lefoko Moagi was not involved in...",https://dailynews.gov.bw/news-detail/92004,crime,Botswana DailyNews
25 Mar 2018,African Youth Union Commission calls for submissions,African Youth Union Commission (AYUC) has unveiled two competitions aimed at giving...,https://dailynews.gov.bw/news-detail/41703,development,Botswana DailyNews
25 Mar 2024,China Development Forum 2024 kicks off in Beijing,Chinese Commerce Minister Wang Wentao (C) talks with Apple CEO Tim Cook...,https://dailynews.gov.bw/news-detail/78653,development,Botswana DailyNews
25 Mar 2024,Chinese premier delivers keynote speech at China Development Forum,Chinese Premier Li Qiang attended the opening ceremony of the China Development...,https://dailynews.gov.bw/news-detail/78657,development,Botswana DailyNews
25 Mar 2024,High-quality development buzzword at China Development Forum 2024,Attendees at the ongoing China Development Forum 2024 hold that China's efforts...,https://dailynews.gov.bw/news-detail/78655,development,Botswana DailyNews
25 Mar 2025,Boko and Blair meeting strategic,"President Advocate Duma Boko, today met with former British Prime Minister, Sir...",https://dailynews.gov.bw/news-detail/85405,politics,Botswana DailyNews
25 Mar 2026,Govt cleared to withdraw P23.4 billion from Consolidated Fund,Parliament has approved revenue appropriation of over P23.4 billion thus authorising government...,https://dailynews.gov.bw/news-detail/90734,parliament,Botswana DailyNews
25 Mar 2026,Kgosi Kgwakgwe o a kgalema,Banni ba Digawana ba kgalemeletswe go batla go kgaoganya motse wa bone...,https://dailynews.gov.bw/news-detail/90729,dikgang,Botswana DailyNews
25 Mar 2026,Maiteko a banni ba Letsholathebe a a itumedisa,Kgosi yo o sa tswang go tlhongwa wa Letsholathebe o akgoletse morafe...,https://dailynews.gov.bw/news-detail/90730,dikgang,Botswana DailyNews
25 Mar 2026,Ministry allocates P16m to support civil societies,Ministry of Youth and Gender Affairs has for the first time allocated...,https://dailynews.gov.bw/news-detail/90733,parliament,Botswana DailyNews
25 Mar 2026,Moreri champions support for divorcees,Forty-two-year-old Leano Moreri of Molepolole was on March 21 crowned Miss Millennium...,https://dailynews.gov.bw/news-detail/90736,art-culture,Botswana DailyNews
25 Mar 2026,Negotiations on zero tariff for rough diamond ongoing,Negotiations between Botswana and the United States remain ongoing as government seeks...,https://dailynews.gov.bw/news-detail/90732,parliament,Botswana DailyNews
25 Mar 2026,Twelve learners receive assistance,Ministry of Child Welfare and Basic Education has swiftly moved to ensure...,https://dailynews.gov.bw/news-detail/90744,crime,Botswana DailyNews
25 May 2014,Road linkage to inject income,The proposed project to develop the road linking Mmankgodi to Kanye and...,https://dailynews.gov.bw/news-detail/11583,development,Botswana DailyNews
25 May 2025,High Court rules in favour of boarding masters and,The Lobatse High Court on Thursday passed a ruling that Boarding Masters...,https://dailynews.gov.bw/news-detail/86582,crime,Botswana DailyNews
25 May 2026,Banana ba Rotloediwa go Itlhatlhobela Mogare wa HIV,"Mme yo o tshelang le mogare wa HIV, Mme Boipelo Lekolori o...",https://dailynews.gov.bw/news-detail/91535,dikgang,Botswana DailyNews
25 May 2026,Boko Calls for Modern and Disciplined Force,"President Advocate Duma Boko has called for a modernised, disciplined and ethically...",https://dailynews.gov.bw/news-detail/91555,politics,Botswana DailyNews
25 May 2026,Dikgotlhang tsa bogosi di a tshwenya,Kgosi Gasebalwe Seretse wa Pilikwe a re o tshwenngwa ke dikgotlhang tsa...,https://dailynews.gov.bw/news-detail/91543,dikgang,Botswana DailyNews
25 May 2026,Jokes From Far Away comedy special comes to Botswana,Botswana is next in line for two days of laughter as the...,https://dailynews.gov.bw/news-detail/91550,art-culture,Botswana DailyNews
25 May 2026,Mojadigo Must Answer Four Defilement Charges - court rules,"A jailed pastor, Goitsekgosi Mojadigo, has a case to answer, the Mochudi...",https://dailynews.gov.bw/news-detail/91537,crime,Botswana DailyNews
25 May 2026,Nsiiwa story reaches Paris,"Once penniless and weighed down by personal loss, award winning author, Zwelihle...",https://dailynews.gov.bw/news-detail/91538,art-culture,Botswana DailyNews
25 May 2026,Tselanyane carves future through woodwork,"In the quiet village of Hukuntsi, the sound of carving and shaping...",https://dailynews.gov.bw/news-detail/91539,art-culture,Botswana DailyNews
25 May 2026,Twantsho ya tlhako le molomo e tlhoka banna ba,E re ka jaana go tlhagoga ga tlhako le molomo go kgautlhantshe...,https://dailynews.gov.bw/news-detail/91542,dikgang,Botswana DailyNews
25 Nov 2025,Ba Ngongorega Ka Ba Bapadi Ba Phane,Banni ba meraka le masimo kwa tikologong ya Tshimoyapula bogolo jang balemi-barui...,https://dailynews.gov.bw/news-detail/89220,dikgang,Botswana DailyNews
25 Nov 2025,Ga ba itumelele ka fa paakanyo ya sekole e,Makhanselara ba kgaolo ya Palapye ga ba itumelele ka fa paakanyo ya...,https://dailynews.gov.bw/news-detail/89214,dikgang,Botswana DailyNews
25 Nov 2025,"Income Gaps, Social Hardship Worrisome","Batswana across the country are concerned by high levels of poverty, unemployment,...",https://dailynews.gov.bw/news-detail/89216,parliament,Botswana DailyNews
25 Nov 2025,Liquidity crunch causes delay in tractor owners payments,The delay in paying tractor owners for the 2024/2025 ploughing season was...,https://dailynews.gov.bw/news-detail/89218,parliament,Botswana DailyNews
25 Nov 2025,Ministry commits to customer centric service delivery,"Minister of Labour and Home Affairs, Major General (Rtd) Pius Mokgware says...",https://dailynews.gov.bw/news-detail/89226,parliament,Botswana DailyNews
25 Nov 2025,Mobile stops Infrastructure defects prompt maintenance,There are currently 1 368 mobile stops in Botswana with varying structures...,https://dailynews.gov.bw/news-detail/89225,parliament,Botswana DailyNews
25 Nov 2025,Modise Thankful For Working Democracy,"The newly elected Kgalagadi South Member of Parliament, Mr Tokyo Modise, says...",https://dailynews.gov.bw/news-detail/89224,parliament,Botswana DailyNews
25 Nov 2025,Mogolwane o rotloetsa temo ya ditlhare,Batswana ba rotloeditswe go lema ditlhare ka di na le mosola e...,https://dailynews.gov.bw/news-detail/89219,dikgang,Botswana DailyNews
25 Nov 2025,Motaosane Calls For A10 Upgrade,80 kilometres between Gaborone and Kanye is a busy road that links...,https://dailynews.gov.bw/news-detail/89215,parliament,Botswana DailyNews
25 Nov 2025,Nsiiwa breaks barriers,Grief and financial struggles were some of the dark shadows that trailed...,https://dailynews.gov.bw/news-detail/89228,art-culture,Botswana DailyNews
25 Oct 2019,BDP bags Kanye North,Mr Thapelo Letsholo - BDP 11109 Mr Otlaadisa Koosaletse - UDC 5667...,https://dailynews.gov.bw/news-detail/52552,elections,Botswana DailyNews
25 Oct 2019,BDP grabs Boteti East Constituency,Sethomo Lelatisitswe (BDP)V 4204 votes Tshenolo Saakane (UDC) 2 978 votes Oboetswe...,https://dailynews.gov.bw/news-detail/52565,elections,Botswana DailyNews
25 Oct 2019,BDP retains Boteti West constituency,Mr Slumber Tsogwane - BDP 7006 Mr Sam Digwa - UDC 6713...,https://dailynews.gov.bw/news-detail/52556,elections,Botswana DailyNews
25 Oct 2019,BDP snatches back Ramotswa from opposition,The Botswana Democratic Party (BDP) has won back Ramotswa Constituency from the...,https://dailynews.gov.bw/news-detail/52569,elections,Botswana DailyNews
25 Oct 2019,BDP takes Letlhakane/Lephephe,Liakat Kablay (BDP) 6129 Ontathile Selatlho (UDC) 4234 Phenyo Dinake (AP) 652...,https://dailynews.gov.bw/news-detail/52566,elections,Botswana DailyNews
25 Oct 2019,BDP triumphs in Molepolole South,Molepolole South Constituency confirmed results Kabo Morwaeng BDP- 10228 Dr Tlamelo Mmatli...,https://dailynews.gov.bw/news-detail/52561,elections,Botswana DailyNews
25 Oct 2019,BDP victorious in Gaborone North,Confirmed results from the Gaborone North constituency Mpho Balopi BDP 9566 Haskins...,https://dailynews.gov.bw/news-detail/52559,elections,Botswana DailyNews
25 Oct 2019,BDP wins Gabane/Mmankgodi,Mr Kagiso Mmusi - BDP- 12 204 Mr Moreetsi Gomang - UDC-...,https://dailynews.gov.bw/news-detail/52554,elections,Botswana DailyNews
25 Oct 2019,BDP wins Jwaneng/Mabutsane constituency,BDP- 8 466 (Mephato Reatile) UDC- 5466 (Shawn Ntlhaile) AP- 934 (Tsietsi...,https://dailynews.gov.bw/news-detail/52564,elections,Botswana DailyNews
25 Oct 2019,BDP wins Mochudi East,Mr Mabuse Pule BDP-12608 Mr Moagi Molebatsi - UDC-7153. Mr Diane MoagiAP...,https://dailynews.gov.bw/news-detail/52557,elections,Botswana DailyNews
25 Oct 2019,BDP wins Mochudi West,Parliamentary results for Mochudi West constituency Mmusi Kgafela BDP 13 234 Tona...,https://dailynews.gov.bw/news-detail/52562,elections,Botswana DailyNews
25 Oct 2019,BDP\'s Leuwe wins Takatokwane constituency,Tshoganetso Leuwe (BDP) - 5 720 Filbert Nagafela (UDC) - 5 150...,https://dailynews.gov.bw/news-detail/52568,elections,Botswana DailyNews
25 Oct 2019,BPF wins Serowe South,Mr Leepetswe Lesedi - BPF 4653 Mr Lesedi Phuthego - BDP 4273 Mr...,https://dailynews.gov.bw/news-detail/52551,elections,Botswana DailyNews
25 Oct 2019,Batswana voted,As it is the norm for Botswana to hold general elections after...,https://dailynews.gov.bw/news-detail/52571,elections,Botswana DailyNews
25 Oct 2019,Chief Justice declares Masisi president,"As empowered by the constitution, the Chief Justice, Terrence Rannowane has just...",https://dailynews.gov.bw/news-detail/52558,elections,Botswana DailyNews
25 Oct 2019,"SADC, AU observer missions hail elections as free, fair",Continental and regional observer missions to the 2019 Botswana general elections have...,https://dailynews.gov.bw/news-detail/52573,elections,Botswana DailyNews
25 Oct 2019,UDC wins Bobonong constituency,Mr Taolo Lucas - UDC 8956 Mr Francisco Kgoboko BDP...,https://dailynews.gov.bw/news-detail/52555,elections,Botswana DailyNews
25 Oct 2019,UDC wins Ghanzi South,UDC WINS GHANZI SOUTH Ghanzi South parliamentary results- Motsamai Motsamai UDC 4804...,https://dailynews.gov.bw/news-detail/52560,elections,Botswana DailyNews
25 Oct 2019,UDC wins Maun West constituency,Mr Dumelang Saleshando - UDC 9713 Mr Reaboka Mbulawa - BDP 6409...,https://dailynews.gov.bw/news-detail/52549,elections,Botswana DailyNews
25 Oct 2019,UDC wins Okavango constituency,Kenny Kapinga (UDC) - 7 577 Bagalatia Arone (BDP) - 6 816 Kabelo...,https://dailynews.gov.bw/news-detail/52570,elections,Botswana DailyNews
25 Oct 2024,Court further remands duo in custody,"The Principal Magistrate of Francistown, Ms Ditebogo Ntuli will on Tuesday deliver...",https://dailynews.gov.bw/news-detail/82511,crime,Botswana DailyNews
25 Oct 2025,New narration throws spanner in the works,"Rape accused pastor, Goitsekgosi Mojadigo of The Divine Anointing Church International has...",https://dailynews.gov.bw/news-detail/88768,crime,Botswana DailyNews
25 Sep 2014,Tender for overhead bridge at advanced stage,Tender for the repair of the overhead bridge along the Nelson Mandela...,https://dailynews.gov.bw/news-detail/14790,development,Botswana DailyNews
25 Sep 2024,Former mayor appears for alleged fraud,"Former Gaborone mayor, Kagiso Thutlwe and two others appeared before Village senior...",https://dailynews.gov.bw/news-detail/81945,crime,Botswana DailyNews
25 Sep 2026,A pivotal moment for stable China-U.S. relations,China-U.S. relations are once again approaching a pivotal moment that has drawn...,https://dailynews.gov.bw/news-detail/93430,general,Botswana DailyNews
25 Sep 2026,"National agriculture conference, expo set for Harare","The capital, Harare is set to host a National Agriculture Conference and...",https://dailynews.gov.bw/news-detail/93437,general,Botswana DailyNews
25 Sep 2026,TIMB pushes more local tobacco value addition,The Tobacco Industry and Marketing Board (TIMB) said on Monday Zimbabwe must...,https://dailynews.gov.bw/news-detail/93436,general,Botswana DailyNews
25 Sep 2026,U.S. youth receive Xi\'s reply letter ahead of his,"""When we sent the letter, it honestly felt like a shot in...",https://dailynews.gov.bw/news-detail/93431,general,Botswana DailyNews
25 Sep 2026,Xi kicks off highly-anticipated U.S. visit in grand welcome,Chinese President Xi Jinping arrived at Joint Base Andrews on Wednesday afternoon...,https://dailynews.gov.bw/news-detail/93435,general,Botswana DailyNews
26 Apr 2025,Xinhua News Agency opens branch in Guinea-Bissau,"China's Xinhua News Agency inaugurated its Bissau branch on Friday, with the...",https://dailynews.gov.bw/news-detail/86001,politics,Botswana DailyNews
26 Apr 2026,Dikoloti o gakolola barui go tlhokomela leruo,Barui ba kgaolo ya Kweneng ba gakolotswe go laola motsamao ya le...,https://dailynews.gov.bw/news-detail/91171,dikgang,Botswana DailyNews
26 Apr 2026,Molapisi urges Batswana not to despair,"Botswana People’s Party (BPP) president, Mr Motlatsi Molapisi has assured Batswana that...",https://dailynews.gov.bw/news-detail/91169,politics,Botswana DailyNews
26 Apr 2026,Wayeyi Cultural Festival form of unity,The Wayeyi Cultural Centre in Gumare came to life as multitudes gathered...,https://dailynews.gov.bw/news-detail/91170,art-culture,Botswana DailyNews
26 Aug 2019,Official urges students embrace ICT,Students have been urged to embrace Information and Communications Technology (ICT) if...,https://dailynews.gov.bw/news-detail/51321,development,Botswana DailyNews
26 Aug 2024,BIUST: Pioneering force to knowledge based economy,"Through cutting edge research in science, engineering, and technology, Botswana International University...",https://dailynews.gov.bw/news-detail/81334,development,Botswana DailyNews
26 Aug 2024,BOTEPCO ensures educator quality,Regulating the teaching profession helps to promote the quality of educators and...,https://dailynews.gov.bw/news-detail/81331,development,Botswana DailyNews
26 Aug 2024,Botswana Learning Passport revolutionises education,History was made last week when the Minister of Education and Skills...,https://dailynews.gov.bw/news-detail/81330,development,Botswana DailyNews
26 Aug 2024,Botswana Open University trailblazer in e-Education,"As Botswana forges ahead in its digital education journey, it envisions a...",https://dailynews.gov.bw/news-detail/81336,development,Botswana DailyNews
26 Aug 2024,Education hub to nurture growth and resilience,After suffering a serious economic downturn as a result of the BCL...,https://dailynews.gov.bw/news-detail/81333,development,Botswana DailyNews
26 Aug 2024,Malwelweâ€™s digital dawn sparks new hope for students,"In the quiet village of Malwelwe, nestled about 25km from Letlhakeng in...",https://dailynews.gov.bw/news-detail/81335,development,Botswana DailyNews
26 Aug 2024,Shakawe Senior celebrates 10th anniversary,Establishment of Shakawe Senior Secondary School a decade ago signifies government’s commitment...,https://dailynews.gov.bw/news-detail/81332,development,Botswana DailyNews
26 Aug 2025,Festival preserves tradition,Inalegolo in Kgalagadi North District came alive on Friday as residents celebrated...,https://dailynews.gov.bw/news-detail/88315,art-culture,Botswana DailyNews
26 Aug 2025,Kabakanyo ya itsholelo e tlhoka botlhe,Banni ba kgotla ya Botalaote mo Serowe ba rotloeditswe go tsena mo...,https://dailynews.gov.bw/news-detail/88320,dikgang,Botswana DailyNews
26 Aug 2025,Moswaane o rotloetsa ba Matlhakola go rapelela boipuso,"Batswana ba tshwanelwa ke go lebogela Modimo letsatsi la boipuso, ka gore...",https://dailynews.gov.bw/news-detail/88318,dikgang,Botswana DailyNews
26 Aug 2025,Neurodiverse youth showcase creativity,Autistic individuals through Autism Botswana organisation are participating at the ongoing Botswana...,https://dailynews.gov.bw/news-detail/88314,art-culture,Botswana DailyNews
26 Aug 2025,Phuthego o bolokilwe ka matlhatso,Matshwititshwiti a ne a tshologetse phitlho ya motshwarelela mogolwane wa Botswana Railways(BR)...,https://dailynews.gov.bw/news-detail/88319,dikgang,Botswana DailyNews
26 Aug 2026,Africa investors key to continental growth,"Tanzanian billionaire and Pan-African business leader, Mr Mohammed Dewji has expressed interest...",https://dailynews.gov.bw/news-detail/92951,general,Botswana DailyNews
26 Aug 2026,Bomme ba itshetsa ka monontshane wa diboko,Le fa o bona diboko di nyeuma e bile di ka sisimosa...,https://dailynews.gov.bw/news-detail/92957,dikgang,Botswana DailyNews
26 Aug 2026,China\'s EV charging infrastructure expands rapidly in first seven,"China's electric vehicle (EV) charging infrastructure has continued to expand swiftly, with...",https://dailynews.gov.bw/news-detail/92953,general,Botswana DailyNews
26 Aug 2026,Francistown council reports progress of various programmes,"Francistown City Council (FCC) has reported progress on health infrastructure, sports...",https://dailynews.gov.bw/news-detail/92946,general,Botswana DailyNews
26 Aug 2026,Hunyepa urges schools to increase financial portfolios,"Acting Minister at the Ministry of Child Welfare and Basic Education, Mr...",https://dailynews.gov.bw/news-detail/92945,general,Botswana DailyNews
26 Aug 2026,Kwalang ditso tsa bogosi-Motshegwa,Ere ka jaana bogosi e le jone pinagare ya tsamaiso ya merero...,https://dailynews.gov.bw/news-detail/92959,dikgang,Botswana DailyNews
26 Aug 2026,"Ministry, FAO partnership to transform agriculture",The Ministry of Lands and Agriculture and Food and Agriculture Organization (FAO)...,https://dailynews.gov.bw/news-detail/92950,general,Botswana DailyNews
26 Aug 2026,Mophane earns reputation for excellence,"Tucked away in Gaborone West Block 5, Mophane Primary School may be...",https://dailynews.gov.bw/news-detail/92949,general,Botswana DailyNews
26 Aug 2026,New attractions for Parakarungu monument,New attractions are coming to the Parakarungu cultural heritage monument to elevate...,https://dailynews.gov.bw/news-detail/92954,art-culture,Botswana DailyNews
26 Aug 2026,TLHATLHOBO YA LOKWALO LA BOSUPA E TLA BOKHUTLONG,Puso e tsweletse ka go tlhabolola motheo wa tsamaiso ya thuto ka...,https://dailynews.gov.bw/news-detail/92958,dikgang,Botswana DailyNews
26 Aug 2026,Ukhwi O Qhuqhayo returns to Ngwatle pans,The heart of the Kgalagadi is set to beat louder over the...,https://dailynews.gov.bw/news-detail/92955,art-culture,Botswana DailyNews
26 Aug 2026,Veldt fires at peak countrywide,Following the good rains resulting in thick layers of dry grass and...,https://dailynews.gov.bw/news-detail/92944,general,Botswana DailyNews
26 Aug 2026,Xi\'s Album | Xi holds talks with Jordan\'s king,Chinese President Xi Jinping held talks with King of the Hashemite Kingdom...,https://dailynews.gov.bw/news-detail/92952,general,Botswana DailyNews
26 Aug 2026,"Zero-tariff access to China opportunity to boost Kenyan competitiveness,",Kenya views the zero-tariff access to the Chinese market not merely as...,https://dailynews.gov.bw/news-detail/92956,general,Botswana DailyNews
26 Aug 2026,Zimbabwe shifts focus to value-addition in agric sector,Zimbabwe's agricultural sector must move beyond measuring success by production volumes and embrace...,https://dailynews.gov.bw/news-detail/92940,general,Botswana DailyNews
26 Feb 2015,Government spends millions on food procurement,Government uses over P1 billion annually to procure food for people in...,https://dailynews.gov.bw/news-detail/18077,development,Botswana DailyNews
26 Feb 2026,A.T.I Legacy Lives On,"The late Atlasaone Molemogi, popularly known as A.T.I , may be gone...",https://dailynews.gov.bw/news-detail/90285,art-culture,Botswana DailyNews
26 Feb 2026,Foreign missions yield gains - Butale,"Over the past six years, Botswana’s missions have actively engaged in economic...",https://dailynews.gov.bw/news-detail/90275,parliament,Botswana DailyNews
26 Feb 2026,Mmokolodi Kgotla Upgrade To Be Considered Next Financial Year,The upgrading of Bogosi headship of Mmokolodi village from headman of arbitration...,https://dailynews.gov.bw/news-detail/90276,parliament,Botswana DailyNews
26 Feb 2026,Modise Hails Budget Commitment To Primary Healthcare,"Health Minister, Dr Stephen Modise has hailed the 2026/27 budget for its...",https://dailynews.gov.bw/news-detail/90282,parliament,Botswana DailyNews
26 Feb 2026,Motshegwa O Rotloetsa Ba Robelela Le Tshokwe Go Sa,"Mopalamente wa kgaolo ya Mmadinare, Rre Ketlhalefile Motshegwa o rotloeditse banni ba...",https://dailynews.gov.bw/news-detail/90286,dikgang,Botswana DailyNews
26 Feb 2026,Relocation Aims To Bring Services Closer to Communities,"Government is aware of communities relocated from cattle posts to villages, including...",https://dailynews.gov.bw/news-detail/90283,parliament,Botswana DailyNews
26 Feb 2026,Segokgo Condemns Budget Deficit critics,"Member of Parliament for Tlokweng, Mr Phenyo Segokgo, says criticism regarding the...",https://dailynews.gov.bw/news-detail/90277,parliament,Botswana DailyNews
26 Jan 2026,Bonno e tlaa aga matlo a le lekgolo kwa,Tona wa Lephata la Metsi le Bonno o rotse khamphani e e...,https://dailynews.gov.bw/news-detail/89700,dikgang,Botswana DailyNews
26 Jan 2026,Letsholo la go tlhatlhoba kankere le tsweletse,Kankere ya molomo wa popelo e ka thibelwa fa bomme ba ka...,https://dailynews.gov.bw/news-detail/89699,dikgang,Botswana DailyNews
26 Jan 2026,Mexicans convicts on Interpol wanted List,Six Mexican nationals sentenced by the Extension II Magistrate Court to 12...,https://dailynews.gov.bw/news-detail/89693,crime,Botswana DailyNews
26 Jan 2026,Ramaotwana o gakolola magolegwa go dirisa lenaneo la go,Magolegwa a iteetse legofi molao kakanyetso o o tlaa letlang go nna...,https://dailynews.gov.bw/news-detail/89698,dikgang,Botswana DailyNews
26 Jul 2025,Closer SCO media-think tank ties key to tackling common,Participants of the Shanghai Cooperation Organization (SCO) Media and Think...,https://dailynews.gov.bw/news-detail/87721,art-culture,Botswana DailyNews
26 Jul 2025,SCO scholars expect better connectivity for regional development,Scholars from the Shanghai Cooperation Organization (SCO) countries are upbeat that...,https://dailynews.gov.bw/news-detail/87719,politics,Botswana DailyNews
26 Jul 2025,Xinhua signs cooperation deals with multiple media organizations at,Xinhua News Agency signed cooperation agreements with several foreign media organizations on...,https://dailynews.gov.bw/news-detail/87720,art-culture,Botswana DailyNews
26 Jun 2024,20-year-old man in custody for motherâ€™s death,Police in Mochudi have remanded in custody a 20-year-old man who is...,https://dailynews.gov.bw/news-detail/80286,crime,Botswana DailyNews
26 Jun 2024,Morupisi files new withdrawal of appeal application,"Former permanent secretary to the president (PSP), Mr Carter Morupisi has filed...",https://dailynews.gov.bw/news-detail/80296,crime,Botswana DailyNews
26 Jun 2025,Botswana Toasts To Mozambique Golden Jubilee,The milestone of Mozambique’s 50th anniversary of independence is celebrated by Botswana...,https://dailynews.gov.bw/news-detail/87246,politics,Botswana DailyNews
26 Jun 2025,Botswana forges digitalisation path for diversification,President Advocate Duma Boko says it is a fact that the country...,https://dailynews.gov.bw/news-detail/87225,development,Botswana DailyNews
26 Jun 2025,Daughter and granddaughter appear in court for murder,"Principal Magistrate, Mr Thapelo Buang of Francistown Magistrate Court, today remanded two...",https://dailynews.gov.bw/news-detail/87233,crime,Botswana DailyNews
26 Jun 2025,Deficit maintenance budget of health facilities worries council,The newly transferred health facilities from Ministry of Health to councils in...,https://dailynews.gov.bw/news-detail/87239,development,Botswana DailyNews
26 Jun 2025,Masisi attends Mozambique independence day,"Former President Dr Mokgweetsi Masisi and First Lady, Ms Neo Masisi joined...",https://dailynews.gov.bw/news-detail/87244,politics,Botswana DailyNews
26 Jun 2025,State failed to link accused with crime,"The defense counsel in the Mmathubudukwane arson case, Mr Unangoni Tema, says...",https://dailynews.gov.bw/news-detail/87248,crime,Botswana DailyNews
26 Mar 2019,Gabane project behind schedule,The approximately P214.4 million Gabane infrastructure development project is now expected to...,https://dailynews.gov.bw/news-detail/48328,development,Botswana DailyNews
26 Mar 2023,BDP retains Grootlaagte ward,Botswana Democratic Party (BDP) has retained the Grootlaagte ward in a bye-election...,https://dailynews.gov.bw/news-detail/72230,elections,Botswana DailyNews
26 Mar 2023,UDC wins Bosele ward,The Umbrella for Democratic Change (UDC) has won the Bosele council ward...,https://dailynews.gov.bw/news-detail/72231,elections,Botswana DailyNews
26 Mar 2026,Act review to address inconstencies,The ongoing Review of the Bogosi Act of 2008 is anticipated to...,https://dailynews.gov.bw/news-detail/90748,parliament,Botswana DailyNews
26 Mar 2026,Colorful Bandleng Kiddies Festival March 28,The annual colourful Bandleng Kiddies Festival and Family Fun Day slated for...,https://dailynews.gov.bw/news-detail/90758,art-culture,Botswana DailyNews
26 Mar 2026,From Their Lips to Mine confronts hidden wounds,"Through emotional language evoking deeper meanings, Gaone Mogae’s poetry book titled From...",https://dailynews.gov.bw/news-detail/90759,art-culture,Botswana DailyNews
26 Mar 2026,Gaolathe tables Bill to increase debt ceiling to 60,"Minister of Finance, Mr Ndaba Gaolathe, has tabled a Stock, Bonds and...",https://dailynews.gov.bw/news-detail/90749,parliament,Botswana DailyNews
26 Mar 2026,Mabutswapele a tlhalosa thotse,Thulaganyo ya go ja thotse e ne e rotloetsa boikgapho le maitsholo...,https://dailynews.gov.bw/news-detail/90753,dikgang,Botswana DailyNews
26 Mar 2026,Madikwe Cultural Festival shows growth,"The fifth annual Madikwe Cultural Festival, scheduled for March 28 at Newville...",https://dailynews.gov.bw/news-detail/90745,art-culture,Botswana DailyNews
26 Mar 2026,Ministry to procure contractor for works completion,Efforts are underway to procure a contractor to complete the outstanding works...,https://dailynews.gov.bw/news-detail/90746,parliament,Botswana DailyNews
26 Mar 2026,No SHE recruitment since COVID - 19,"Minister for State President, Defence and Security Mr Moeti Mohwasa has told...",https://dailynews.gov.bw/news-detail/90747,parliament,Botswana DailyNews
26 May 2015,VDCs critical to development,The village development committees (VDCs) are critical partners in development. The Assistant...,https://dailynews.gov.bw/news-detail/20337,development,Botswana DailyNews
26 May 2015,WUC warns of water shortage,The Water Utilities Corporation (WUC) has warned of periods of no water...,https://dailynews.gov.bw/news-detail/20342,development,Botswana DailyNews
26 May 2025,Court acquits and discharges Reboeleng,"The sole survivor of the Phase II shout-out, which led to the...",https://dailynews.gov.bw/news-detail/86613,crime,Botswana DailyNews
26 May 2025,PAC calls for urgent DEA recruitment,The Public Accounts Committee (PAC) has urged the Ministry for State President...,https://dailynews.gov.bw/news-detail/86619,politics,Botswana DailyNews
26 May 2026,Arts centre to empower marginalised groups,The realisation of an arts and crafts centre for Small Median and...,https://dailynews.gov.bw/news-detail/91581,art-culture,Botswana DailyNews
26 May 2026,BOMU awards return with record-breaking nominees,"After a deliberate one-year hiatus, Botswana’s most celebrated music night is back,...",https://dailynews.gov.bw/news-detail/91835,art-culture,Botswana DailyNews
26 May 2026,Festival highlights beauty of culture,The rich cultural heritage of Ngamiland came alive in a colourful display...,https://dailynews.gov.bw/news-detail/91571,art-culture,Botswana DailyNews
26 May 2026,Khama o rotloetsa batabogi go ipaakanyetsa mabelo,Batabogi ba ba tlaa tsayang karolo mo mabelong a Sir Seretse Khama...,https://dailynews.gov.bw/news-detail/91576,dikgang,Botswana DailyNews
26 May 2026,Sithole trial-within-a-trial resumes June,The trial of Zimbabwean national Lovemore Sithole started in Gaborone with a...,https://dailynews.gov.bw/news-detail/91565,crime,Botswana DailyNews
26 May 2026,St. John Gospel Church e abela ba le 120,Kereke ya St John Gospel Church kwa Tutume e abetse bana ba...,https://dailynews.gov.bw/news-detail/91577,dikgang,Botswana DailyNews
26 May 2026,Two Appear For Single Count of Murder,"Two men of Letlhakane, Boikhutso Nkoshwane (42) and Donald Malonda (36) were...",https://dailynews.gov.bw/news-detail/91562,crime,Botswana DailyNews
26 Oct 2016,Cancer association appeals for support,Batswana have been urged to assist Cancer Association of Botswana (CAB) ....,https://dailynews.gov.bw/news-detail/31869,development,Botswana DailyNews
26 Oct 2023,"BRI based on building common prosperity, open to all",China-proposed Belt and Road Initiative is founded upon building common and cooperative...,https://dailynews.gov.bw/news-detail/75983,development,Botswana DailyNews
26 Oct 2024,Court charges six for robbery,Four of the six men charged with terrorising Tlokweng residents for a...,https://dailynews.gov.bw/news-detail/82514,crime,Botswana DailyNews
26 Sep 2025,Boko calls for inclusivity,Until Africa gets a permanent seat in the United Nations (UN) Security...,https://dailynews.gov.bw/news-detail/88500,politics,Botswana DailyNews
26 Sep 2025,Court arraigns Kelapile on two counts of murder,Tlhalosang Kelapile (38) was on September 25 arraigned by Maun Magistrate Court...,https://dailynews.gov.bw/news-detail/88501,crime,Botswana DailyNews
26 Sep 2025,Miss Botswana unveils The Beauty Movement,"As part of her preparations for the 73rd Miss World competition, Miss...",https://dailynews.gov.bw/news-detail/88502,art-culture,Botswana DailyNews
26 Sep 2025,Molao wa theko le thekiso ya bojalwa o tlaa,"Mothusa Tona wa Lephata la Papadi le Kgwebo, Rre Baratiwa Mathoothe a...",https://dailynews.gov.bw/news-detail/88506,dikgang,Botswana DailyNews
26 Sep 2025,Ten vie for Miss Independence Kgatleng title,Ten ladies will on Saturday battle for the coveted Miss Independence Kgatleng...,https://dailynews.gov.bw/news-detail/88505,art-culture,Botswana DailyNews
26 Sep 2026,"China & U.S.: When \""separate courses\"" meet at the","When China and the U.S., two ""separate courses"", meet at the ""same...",https://dailynews.gov.bw/news-detail/93439,general,Botswana DailyNews
26 Sep 2026,"Dear Word | What can a \""BOAT\"" tell us",Chinese President Xi Jinping has on several occasions compared China-U.S. relations to...,https://dailynews.gov.bw/news-detail/93438,general,Botswana DailyNews
26 Sep 2026,Why people-to-people exchanges matter to China-U.S. ties,Why do people-to-people exchanges matter between the world's two largest economies? How...,https://dailynews.gov.bw/news-detail/93440,general,Botswana DailyNews
27 Apr 2015,Ministers commission water supply project,"The Minister of Minerals, Energy and Water Resources, Mr Kitso Mokaila and...",https://dailynews.gov.bw/news-detail/19719,development,Botswana DailyNews
27 Apr 2016,ESP brings hope to Manyana,"The Minister of Transport and Communications, Mr Tshenolo Mabeo, says the motive...",https://dailynews.gov.bw/news-detail/27944,development,Botswana DailyNews
27 Apr 2016,Kumakwane welcomes ESP,Residents of Kumakwane have welcomed proposed development projects under the Economic Stimulus...,https://dailynews.gov.bw/news-detail/27934,development,Botswana DailyNews
27 Apr 2026,Banni ba Motshegaletau ba itela ka tlhaelo le tiego,Banni ba Motshegaletau kwa kgaolong ya Legare ba re ditsela tse di...,https://dailynews.gov.bw/news-detail/91176,dikgang,Botswana DailyNews
27 Apr 2026,Bolwetsi jwa tlhako le molomo bo diga tlhwatlha ya,Bolwetsi jwa tlhako le molomo bo digile boleng jwa thekiso ya kgomo...,https://dailynews.gov.bw/news-detail/91177,dikgang,Botswana DailyNews
27 Apr 2026,Letlhoko La Metsi Le Motlakase Le Kokonela Ba Matopi,Go tlhaela ga metsi le motlakase kwa Matopi go kokonela banni ebile...,https://dailynews.gov.bw/news-detail/91178,dikgang,Botswana DailyNews
27 Apr 2026,Stanbic Music N Lifestyle Festival lives up to expectations,"The second annual Stanbic Music N Lifestyle festival, held at the Royal...",https://dailynews.gov.bw/news-detail/91175,art-culture,Botswana DailyNews
27 Apr 2026,Wayeyi Cultural festival unites multitudes,The Wayeyi cultural centre in Gumare came to life as multitudes gathered...,https://dailynews.gov.bw/news-detail/91188,art-culture,Botswana DailyNews
27 Aug 2020,Central district reviews standing orders,Central District Council is currently reviewing standing orders in an effort to...,https://dailynews.gov.bw/news-detail/58042,development,Botswana DailyNews
27 Aug 2020,Gender affairs funds 42 Serowe projects,"The department of Gender Affairs in the Serowe Sub-district has, since the...",https://dailynews.gov.bw/news-detail/58053,development,Botswana DailyNews
27 Aug 2020,Sehithwa-Mohembo road needs reconstruction,Okavango Sub-District council chairperson Mr Mpoke Karapo says there is need for...,https://dailynews.gov.bw/news-detail/58040,development,Botswana DailyNews
27 Aug 2020,Slow progress irks councilors,Serowe Administrative Authority (SAA) councilors have aired concerns about slow implementation of...,https://dailynews.gov.bw/news-detail/58046,development,Botswana DailyNews
27 Aug 2024,Reboelengâ€™s confession statement under scrutiny,"The trial of 32 year old Tsaone Reboeleng, who is charged withh...",https://dailynews.gov.bw/news-detail/81383,crime,Botswana DailyNews
27 Aug 2025,Ba kopa puso go boela tshwetso morago,"Banni ba metse ya Tupya, Malete, Seleka le Rasesa ba kopa puso...",https://dailynews.gov.bw/news-detail/88334,dikgang,Botswana DailyNews
27 Aug 2025,Francistown readies for Miss Universe Botswana grand finale,"The countdown to the Miss Universe Botswana grand finale, which will be...",https://dailynews.gov.bw/news-detail/88339,art-culture,Botswana DailyNews
27 Aug 2025,Letlodi Night Club set to host star-studded music fiesta,Letlodi Night Club in Sese will on Friday come alive with a...,https://dailynews.gov.bw/news-detail/88340,art-culture,Botswana DailyNews
27 Aug 2025,Monna o fitlhetswe ka dinaka,Monni wa Ditshegwane o tshegeditswe ke mapodisi go thusa ka ditlhotlhomiso morago...,https://dailynews.gov.bw/news-detail/88336,dikgang,Botswana DailyNews
27 Aug 2025,Puso e tlhomile leitlho tiriso ya madi a setshaba,"Mothusa Tautona, yo gape e leng mopalamente wa Gaborone Bonnington South, Rre...",https://dailynews.gov.bw/news-detail/88335,dikgang,Botswana DailyNews
27 Aug 2026,Africa contributes to global human rights,Africa has made significant contributions to the global human rights discourse that...,https://dailynews.gov.bw/news-detail/92973,general,Botswana DailyNews
27 Aug 2026,Botswana democratic credentials remain firmly entrenched,President Advocate Duma Boko says political and democratic credentials remain firmly entrenched...,https://dailynews.gov.bw/news-detail/92971,general,Botswana DailyNews
27 Aug 2026,Council drives green energy and economic diversification,Francistown City Council is making significant strides in renewable energy and economic...,https://dailynews.gov.bw/news-detail/92967,general,Botswana DailyNews
27 Aug 2026,DCEC calls for media support to strengthen anti-corruption drive,The Directorate on Corruption and Economic Crime (DCEC) has called for stronger...,https://dailynews.gov.bw/news-detail/92969,general,Botswana DailyNews
27 Aug 2026,Foul odour chokes Kanye market,"A foul uric smell hangs over Kanye Market Place, and for shoppers...",https://dailynews.gov.bw/news-detail/92963,general,Botswana DailyNews
27 Aug 2026,Makgekgenene urges tighter workplace controls,"Directorate on Corruption and Economic Crime (DCEC) director general, Ms Botlhale Makgekgenene,...",https://dailynews.gov.bw/news-detail/92968,general,Botswana DailyNews
27 Aug 2026,Nature underpins economy,Botswana is working to diversify its economy and reduce vulnerability to global...,https://dailynews.gov.bw/news-detail/92970,general,Botswana DailyNews
27 Aug 2026,Public private partnership strengthens security infrastructure,"Strengthened cooperation between government, the private sector and communities remains vital for...",https://dailynews.gov.bw/news-detail/92972,general,Botswana DailyNews
27 Aug 2026,TSHWARAGANO E KA LWANTSHA BORUKUTLHI,"Kgosi wa motse wa Kopong, Kgosi Michael Molefe o akgoletswe go rotloetsa...",https://dailynews.gov.bw/news-detail/92965,dikgang,Botswana DailyNews
27 Aug 2026,Xi\'s vision of civilization inspires China-Egypt exchanges,"""Wherever I go on my overseas visits, what fascinates me the most...",https://dailynews.gov.bw/news-detail/92964,general,Botswana DailyNews
27 Aug 2026,kereke ya Baptist e abela banni ba Kumakwane,Moruti Myung Seong Kim wa kereke ya Baptist go tswa South Korea...,https://dailynews.gov.bw/news-detail/92966,dikgang,Botswana DailyNews
27 Dec 2025,Choirs bring festive cheer,A staple festive season fare particularly in the southern parts of the...,https://dailynews.gov.bw/news-detail/89507,art-culture,Botswana DailyNews
27 Feb 2017,Pastors pray for Trans-Kalahari Highway,Jwaneng Road Safety Committee in conjunction with Minister’s Fraternal have networked with...,https://dailynews.gov.bw/news-detail/34324,development,Botswana DailyNews
27 Feb 2023,Reinvestigation into report on China-built mega-projects,"Adriana Carranza, a resident in the San Luis village in northern Ecuador,...",https://dailynews.gov.bw/news-detail/71669,development,Botswana DailyNews
27 Feb 2025,Magistrate denies Fogelson bail,"Kenneth Dean Jr Fogelson (58), a native of the United States of...",https://dailynews.gov.bw/news-detail/84895,crime,Botswana DailyNews
27 Jan 2025,Boko attends energy summit,President Advocate Duma Boko is in Tanzania to participate at the Mission...,https://dailynews.gov.bw/news-detail/84239,politics,Botswana DailyNews
27 Jan 2025,Botswana eyes 100 per cent energy access,While Africa targets to enhance access to energy by getting 300 million...,https://dailynews.gov.bw/news-detail/84236,politics,Botswana DailyNews
27 Jan 2025,Chiepe dedicated her life to shaping Botswana - BDP,"Botswana Democratic Party (BDP) says former cabinet minister, Dr Gaositwe Chiepe, who...",https://dailynews.gov.bw/news-detail/84207,politics,Botswana DailyNews
27 Jan 2025,Decentralisation cornerstone of service delivery,The Minister of Local Government and Traditional Affairs has urged councillors to...,https://dailynews.gov.bw/news-detail/84215,politics,Botswana DailyNews
27 Jan 2025,Plans to remodel DCEC ongoing,The Directorate on Corruption and Economic Crime (DCEC) autonomy and delinking from...,https://dailynews.gov.bw/news-detail/84237,politics,Botswana DailyNews
27 Jan 2026,Ba Mokgware ba lela ka tsela,Banni ba motse wa Mokgware ba supile matshwengego ka tsela e e...,https://dailynews.gov.bw/news-detail/89718,dikgang,Botswana DailyNews
27 Jan 2026,How iShowSpeed and Masego rewrote Old Naledi narrative,"In his influential book Shadow Cities: A Billion Squatters, a New Urban...",https://dailynews.gov.bw/news-detail/90601,art-culture,Botswana DailyNews
27 Jan 2026,Kgotla kgolo ya molao motheo e sireletsa ditshwanelo,Tona wa Lephata La Metsi Le Bonno Rre Onneetse Ramogapi a re...,https://dailynews.gov.bw/news-detail/89719,dikgang,Botswana DailyNews
27 Jan 2026,Mopalamente o akgola khamphani ya Colic Construction,Mopalamente wa kgaolo ya Lobatse Rre Kamal Jacobs o akgotse ba khamphani...,https://dailynews.gov.bw/news-detail/89717,dikgang,Botswana DailyNews
27 Jul 2025,Convict claims ignorance in defilement case,"A Zimbabwe national, Gift Masuku, who is facing a single count of...",https://dailynews.gov.bw/news-detail/87733,crime,Botswana DailyNews
27 Jul 2025,Desert Bush Walk boosts tourism,"A total of 4,800 hikers from Botswana, South Africa, Namibia and eSwatini...",https://dailynews.gov.bw/news-detail/87727,art-culture,Botswana DailyNews
27 Jul 2025,Magistrate grants rape accused bail,"Kasane senior magistrate, Ms Wame Mosugelo has granted bail to a 60-year-old...",https://dailynews.gov.bw/news-detail/87732,crime,Botswana DailyNews
27 Jul 2025,Malope II celebrates 61st in style,The atmosphere at the Bangwaketse main kgotla Conference Room was filled with...,https://dailynews.gov.bw/news-detail/87726,art-culture,Botswana DailyNews
27 Jul 2025,P80m plans for content creation,Government is currently working on securing P80m to buy content from the...,https://dailynews.gov.bw/news-detail/87728,art-culture,Botswana DailyNews
27 Jul 2026,Botlhoko threatens victims in court,Multiple stock theft charges suspect has threatened one of the victims in...,https://dailynews.gov.bw/news-detail/92398,crime,Botswana DailyNews
27 Jul 2026,Desert Bush Walk lives up to expectations,"President Advocate Duma Boko, Queen Masenate Mohato Seeiso of Lesotho, cabinet ministers...",https://dailynews.gov.bw/news-detail/92389,art-culture,Botswana DailyNews
27 Jul 2026,Didirisiwa tsa maranyane di ka tlhabolola temo,Mookamedi wa Drones for Africa Mme Marang Mbaakanyi o rotloeditse balemi go...,https://dailynews.gov.bw/news-detail/92388,dikgang,Botswana DailyNews
27 Jul 2026,Hyperrealism artist earns recognition,"Gaborone-based hyperrealism artist Martin Sefako, is earning recognition through his striking graphite...",https://dailynews.gov.bw/news-detail/92391,art-culture,Botswana DailyNews
27 Jul 2026,"Namibian fined P5,000","A Namibian national has been fined P5,000 by Mogoditshane Magistrate Court after...",https://dailynews.gov.bw/news-detail/92399,crime,Botswana DailyNews
27 Jul 2026,Police investigates arson and assault,Gweta Police are holding in custody a 33-year-old man of Sekao ward...,https://dailynews.gov.bw/news-detail/92400,crime,Botswana DailyNews
27 May 2015,Molefe lauds Ipelegeng,"Good Hope Sub-district Council chairperson, Ms Mmaobene Molefe, has lauded the Ipelegeng...",https://dailynews.gov.bw/news-detail/20369,development,Botswana DailyNews
27 May 2021,"Chinese people more confident, outgoing - Sri Lanka party","China has embraced continuous socio-economic development, and the Chinese people have been...",https://dailynews.gov.bw/news-detail/62421,development,Botswana DailyNews
27 May 2024,Accused denies causing Davidsâ€™ death,Gaborone High Court has been advised to take with a pinch of...,https://dailynews.gov.bw/news-detail/79752,crime,Botswana DailyNews
27 May 2025,Court remands teenager for stabbing boyfriend,An 18-year-old teenage girl has been remanded in custody by Extension II...,https://dailynews.gov.bw/news-detail/86647,crime,Botswana DailyNews
27 May 2025,Four accused appear for fraud,Four accused persons in a case involving a Letlhakane woman who was...,https://dailynews.gov.bw/news-detail/86646,crime,Botswana DailyNews
27 May 2025,JTC prioritises facilities maintenance,Jwaneng Town Council (JTC) has set aside P1.8 million from this year’s...,https://dailynews.gov.bw/news-detail/86655,development,Botswana DailyNews
27 May 2025,WUC injects P14m in upgrading pump stations,Water Utilities Corporation recently awarded a P14 million project towards upgrading two...,https://dailynews.gov.bw/news-detail/86658,development,Botswana DailyNews
27 May 2026,Banni ba Maape baa ipelega,Kgosi Matshwenyego Rantsiapana wa Maape a re morafe o tsere tshwetso ya...,https://dailynews.gov.bw/news-detail/91601,dikgang,Botswana DailyNews
27 May 2026,Hobbyist turns artisanship to entrepreneurship,"For many, a hobby is simply a way to pass the time....",https://dailynews.gov.bw/news-detail/91584,art-culture,Botswana DailyNews
27 May 2026,Malome Biki goes all out disco,It is a given that the much loved disco music popularized by...,https://dailynews.gov.bw/news-detail/91585,art-culture,Botswana DailyNews
27 May 2026,Moruti Senase o tlaa bolokwa ka Matlhatso,"Moeteledipele wa kereke ya Word To Africa, Reverend Phillip Senase, yoo tlhokafetseng...",https://dailynews.gov.bw/news-detail/91602,dikgang,Botswana DailyNews
27 May 2026,Salakae o gwetlha ba bogosi go rarabolola dikgang tsa,Morafe wa Ghanzi o lela ka go tlhoka go bona thuso ya...,https://dailynews.gov.bw/news-detail/91603,dikgang,Botswana DailyNews
27 Nov 2024,Morupisi sentencing Friday,"The Court of Appeal (CoA) in Gaborone will on November 29, deliver...",https://dailynews.gov.bw/news-detail/83354,crime,Botswana DailyNews
27 Oct 2019,Masisi applauds Batswana,"President elect, Dr Mokgweetsi Masisi has applauded Batswana for maturity, peacefulness, sincerity,...",https://dailynews.gov.bw/news-detail/52579,elections,Botswana DailyNews
27 Oct 2019,Number of women in politics decline,While the outcome of the October 23 general elections begins to turn...,https://dailynews.gov.bw/news-detail/52580,elections,Botswana DailyNews
27 Oct 2024,BCP launches Saleshando as Maun North candidate,Batswana have been urged to save the country by voting Botswana Congress...,https://dailynews.gov.bw/news-detail/82550,elections,Botswana DailyNews
27 Oct 2024,BDP delivers on its promise - Masisi,President Dr Mokgweetsi Masisi has appealed to Batswana to vote the Botswana...,https://dailynews.gov.bw/news-detail/82542,elections,Botswana DailyNews
27 Oct 2024,BDP has led nation well-Masisi,President President Dr Mokgweetsi Masisi says the Botswana Democratic Party (BDP) has...,https://dailynews.gov.bw/news-detail/82530,elections,Botswana DailyNews
27 Oct 2024,BPF promises to improve health sector,"The Botswana Patriotic Front (BPF) chairperson, Mr Carter Morupisi says that top...",https://dailynews.gov.bw/news-detail/82544,elections,Botswana DailyNews
27 Oct 2024,Candidates differ on national security,"Under the Botswana Democratic Party (BDP), Batswana and their properties are adequately...",https://dailynews.gov.bw/news-detail/82545,elections,Botswana DailyNews
27 Oct 2024,"Candidates promise better healthcare system, private-sector led economy",Candidates vying for a parliamentary seat in the Lobatse constituency presented their...,https://dailynews.gov.bw/news-detail/82532,elections,Botswana DailyNews
27 Oct 2024,Candidates vow to take GBV fight head on,"In recent weeks, there have been an uproar on the need to...",https://dailynews.gov.bw/news-detail/82543,elections,Botswana DailyNews
27 Oct 2024,Court remands Chinese nationals,"Francistown Magistrate Court, Magistrate Ditebogo Ntuli will tomorrow deliver a bail ruling...",https://dailynews.gov.bw/news-detail/82555,crime,Botswana DailyNews
27 Oct 2024,Masisi appeals for votes in Ngami,"Botswana Democratic Party (BDP) leader, President Dr Mokgweetsi Masisi has appealed to...",https://dailynews.gov.bw/news-detail/82536,elections,Botswana DailyNews
27 Oct 2024,Party leaders present plans for health sector,"Party leaders on Thursday night, had an opportunity to impress the electorate...",https://dailynews.gov.bw/news-detail/82546,elections,Botswana DailyNews
27 Oct 2024,Presidential hopefuls emphasise need to revamp education,"Despite being at a tangent on solutions that affect the education system,...",https://dailynews.gov.bw/news-detail/82547,elections,Botswana DailyNews
27 Oct 2024,Six men charged for robbery,Four of the six men charged with terrorising Tlokweng residents for a...,https://dailynews.gov.bw/news-detail/82554,crime,Botswana DailyNews
27 Oct 2024,"UDC endorses Phologolo, Mosanana for Kanye West, East","Umbrella for Democratic Change (UDC) Director of Strategy and Policy, Dr Patrick...",https://dailynews.gov.bw/news-detail/82531,elections,Botswana DailyNews
27 Oct 2024,"UDC vows to create equitable, diversifyeconomy","Presidential candidate for the Umbrella for Democratic Change (UDC), Advocate Duma Boko...",https://dailynews.gov.bw/news-detail/82538,elections,Botswana DailyNews
27 Oct 2024,Umbrella for Democratic Change launches party presidency,The Umbrella for Democratic Change (UDC) officially launched its presidential campaign on...,https://dailynews.gov.bw/news-detail/82549,elections,Botswana DailyNews
27 Oct 2024,Vote for BDP - Tsogwane,Okavango West constituents have been urged to vote for Botswana Democratic Party...,https://dailynews.gov.bw/news-detail/82537,elections,Botswana DailyNews
27 Oct 2024,â€˜Advanced voting re-run successfulâ€™,"The re-run of advanced voting held on Saturday in the Thamaga/Kumakwane, Tati...",https://dailynews.gov.bw/news-detail/82548,elections,Botswana DailyNews
27 Oct 2025,Bakgweetsi ba bomme ba rotloetsa tirisanyo mmogo,Le fa bomme ba tsere kgato go tsena mo kgwebong ya go...,https://dailynews.gov.bw/news-detail/88773,dikgang,Botswana DailyNews
27 Oct 2025,Balemi ba gakololwa go dirisa methale e mesha ya,Balemi ba kgaolo ya Machaneng ba gakolotswe go dirisa methale e mesha...,https://dailynews.gov.bw/news-detail/88775,dikgang,Botswana DailyNews
27 Oct 2025,Court denies quartet bail for unlawful possession of Dagga,"Four men, three Batswana and an Eswatini national, appeared before Serowe Magistrates...",https://dailynews.gov.bw/news-detail/88777,crime,Botswana DailyNews
27 Oct 2025,Enhance Mmakgodumo tourism potential,"Dikgosi have been encouraged to be vision bearers for their communities, a...",https://dailynews.gov.bw/news-detail/88784,art-culture,Botswana DailyNews
27 Oct 2025,Kopanelang thuto ya bana le barutabana,Batsadi ba baithuti ba ba tsenang kwa sekoleng se botlana sa Motetshwane...,https://dailynews.gov.bw/news-detail/88774,dikgang,Botswana DailyNews
27 Oct 2025,Master class unlocks beauty industry,Botswana Investment and Trade Centre (BITC) continues to support players in the...,https://dailynews.gov.bw/news-detail/88783,art-culture,Botswana DailyNews
27 Oct 2025,Seemo sa melemo se a tokafala,"Tona wa Lephata la Botsogo, Dr Stephen Modise o tlhalositse fa seemo...",https://dailynews.gov.bw/news-detail/88776,dikgang,Botswana DailyNews
27 Oct 2025,UB Murder Accused Cries Prejudice,"A lawyer representing Bantshuti Nkgarapi, charged with the murder of a University...",https://dailynews.gov.bw/news-detail/88778,crime,Botswana DailyNews
27 Sep 2025,Botswana hails China as reliable partner,Botswana has lauded China as a constant and trusted partner in economic...,https://dailynews.gov.bw/news-detail/88507,politics,Botswana DailyNews
27 Sep 2025,Youth participation in sustainable development important,Intergenerational solidarity and global partnerships are essential in ensuring that the youth...,https://dailynews.gov.bw/news-detail/88508,politics,Botswana DailyNews
28 Apr 2015,Road can enhance service delivery,The abondoned road that used to link Lekgolobotlo with the South East...,https://dailynews.gov.bw/news-detail/19736,development,Botswana DailyNews
28 Apr 2025,Botswana and Luxembourg enhance financial cooperation,"Vice President and Minister of Finance, Mr Ndaba Gaolathe and Minister of...",https://dailynews.gov.bw/news-detail/86044,politics,Botswana DailyNews
28 Apr 2025,Botswana to reposition as catalyst for trade,"Botswana is reimagining itself, not as a landlocked state but as a...",https://dailynews.gov.bw/news-detail/86048,politics,Botswana DailyNews
28 Apr 2025,SADCOPAC strategic partner,The Southern Africa Development Community Organisation of Public Accounts Committees (SADCOPAC) has...,https://dailynews.gov.bw/news-detail/86047,politics,Botswana DailyNews
28 Apr 2026,A Dikomiti Di Thuse Go Tlhabolola Metse,"Modulasetilo wa khansele ya Palapye, Rre Kabo Ketshogile, o gakolotse dikomiti tsa...",https://dailynews.gov.bw/news-detail/91206,dikgang,Botswana DailyNews
28 Apr 2026,Batsadi Ba Kopiwa Go Tsaya Maikarabelo,Thuto le kgodiso ya ngwana ke boikarabelo jwa batsadi ka tshwaragano ya...,https://dailynews.gov.bw/news-detail/91205,dikgang,Botswana DailyNews
28 Apr 2026,Go botlhoko go fa bagolo tlotlo le seriti,Go botlhokwa go fa bagolo tlotlo le seriti le go ba lemoga...,https://dailynews.gov.bw/news-detail/91207,dikgang,Botswana DailyNews
28 Apr 2026,Molelwa calls for a joint cultural event,It is in the best interest of the diverse tribes residing in...,https://dailynews.gov.bw/news-detail/91204,art-culture,Botswana DailyNews
28 Apr 2026,Xwalla da Cash champions Afrokhoi sounds,"Kabelo Xakarara, a Sanchima native popularly known as Xwalla Da Cash, discovered...",https://dailynews.gov.bw/news-detail/91203,art-culture,Botswana DailyNews
28 Aug 2025,Court remands traditional healer in custody,"Zimbabwean traditional healer Stella Sibanda, who has been charged alongside three others...",https://dailynews.gov.bw/news-detail/88355,crime,Botswana DailyNews
28 Aug 2025,Festival fever mounts as day arrives,Ukhwi is eagerly preparing to host its first-ever Ukhwi O Qhuqhayo 2025...,https://dailynews.gov.bw/news-detail/88374,art-culture,Botswana DailyNews
28 Aug 2025,Gaborone Motor Show celebrates 10 years,The Gaborone Motor Show will mark its 10th anniversary with a spectacular...,https://dailynews.gov.bw/news-detail/88356,art-culture,Botswana DailyNews
28 Aug 2025,Matolwane o kopa go ikemela,"Tona wa Dikgaolo le Ngwao, Rre Ketlhalefile Motshegwa o solofeditse banni ba...",https://dailynews.gov.bw/news-detail/88381,dikgang,Botswana DailyNews
28 Aug 2025,Organisers cancel heritage walk to back anti-GBV,Organisers of the annual Dithubaruba cultural festival have cancelled this year’s Dithubaruba...,https://dailynews.gov.bw/news-detail/88360,art-culture,Botswana DailyNews
28 Aug 2025,Re-A-Nyalana e tsweletse ka go aga malwapa,Lenaneo la Rea-Nyalana le tsweletse ka go tshwaragana batho baba nnang mmogo...,https://dailynews.gov.bw/news-detail/88382,dikgang,Botswana DailyNews
28 Aug 2025,Turnrite P2.3m heist sentencing next week,Broadhurst Magistrates Court will next week Friday hand down judgment on four...,https://dailynews.gov.bw/news-detail/88359,crime,Botswana DailyNews
28 Aug 2025,Use models for diamond marketing - Sekgwa,Government has been urged to use local models in marketing of diamonds...,https://dailynews.gov.bw/news-detail/88375,art-culture,Botswana DailyNews
28 Aug 2026,Boko to grace BOMU awards,"This Friday, the country’s biggest music night is expected to make history...",https://dailynews.gov.bw/news-detail/92988,art-culture,Botswana DailyNews
28 Aug 2026,Council debt critical civic responsibility,"Lobatse Town Council faces a high volume of outstanding receivables, which severely...",https://dailynews.gov.bw/news-detail/92984,general,Botswana DailyNews
28 Aug 2026,Income streams for Tutume council under performing,"Tutume District Council’s income generating sources have been underperforming, with interest on...",https://dailynews.gov.bw/news-detail/92983,general,Botswana DailyNews
28 Aug 2026,Moabi looks beyond â€˜Monna GA a leleâ€™ phrase,"Monna ga a lele, translated in English to mean, men do not...",https://dailynews.gov.bw/news-detail/92974,general,Botswana DailyNews
28 Aug 2026,Mophato celebrates 15th anniversary,Mophato Dance Theatre is set to leap into a major double milestone...,https://dailynews.gov.bw/news-detail/92989,art-culture,Botswana DailyNews
28 Aug 2026,NHI raises hopes for improved access to healthcare,The proposed National Health Insurance (NHI) has been met with optimism in...,https://dailynews.gov.bw/news-detail/92976,general,Botswana DailyNews
28 Aug 2026,Red Cross Society strengthens surveillance systems,Botswana Red Cross Society (BRCS) through the Disaster Relief Emergency Fund (DREF)...,https://dailynews.gov.bw/news-detail/92975,general,Botswana DailyNews
28 Aug 2026,Teacher registration protects students,More than 21 000 teaching professionals have applied for registration and licensing...,https://dailynews.gov.bw/news-detail/92985,general,Botswana DailyNews
28 Aug 2026,When patriotism meant everything,Independence Day fever in the early years was so strong that some...,https://dailynews.gov.bw/news-detail/92991,general,Botswana DailyNews
28 Aug 2026,Xi Focus: Xi chairs CPC leadership meeting on Gyirong,"Xi Jinping, general secretary of the Communist Party of China (CPC) Central...",https://dailynews.gov.bw/news-detail/92994,general,Botswana DailyNews
28 Aug 2026,Xi advances a shared future with China\'s neighbors,"Picked fresh in Kyrgyz villages in the morning, cherries and melons can...",https://dailynews.gov.bw/news-detail/92992,general,Botswana DailyNews
28 Aug 2026,Xi extends condolences over mudslide disaster in Nepal,Xi extends condolences over mudslide disaster in Nepal https://www.youtube.com/shorts/xbjj8baN4nE...,https://dailynews.gov.bw/news-detail/92993,general,Botswana DailyNews
28 Dec 2025,Monna o fitlhetswe a tlhokafetse kwa Mmathethe,Mookamela mapodise a Good Hope Rre Mogomotsi Mathaba a re fa e...,https://dailynews.gov.bw/news-detail/89510,dikgang,Botswana DailyNews
28 Dec 2025,UDC welcomes new members in Ditshegwane,Umbrella for Democracy Change (UDC) members have been urged to nurture and...,https://dailynews.gov.bw/news-detail/89509,politics,Botswana DailyNews
28 Jan 2025,ADB presidency candidate courts Boko support,African Development Bank (ADB) presidency candidate Mr Amadou Hott has emphasised a...,https://dailynews.gov.bw/news-detail/84242,politics,Botswana DailyNews
28 Jan 2025,AfDB pays courtesy call on President Boko,Botswana’s quest to end pockets of endemic poverty within certain segments of...,https://dailynews.gov.bw/news-detail/84260,politics,Botswana DailyNews
28 Jan 2025,Boko endorses energy declaration,President Advocate Duma Boko (left) and other heads of state signing the...,https://dailynews.gov.bw/news-detail/84266,politics,Botswana DailyNews
28 Jan 2025,Morupisi fights to avoid imprisonment,"Adorned in the imposing dark green pinstripe suit, Carter Morupisi steadily walks...",https://dailynews.gov.bw/news-detail/84262,crime,Botswana DailyNews
28 Jan 2025,Phalantwa turns state witness,A Maun woman implicated in the theft of Botswana General Certificate of...,https://dailynews.gov.bw/news-detail/84243,crime,Botswana DailyNews
28 Jan 2026,Bakgweetsi ba gwetlhiwa go fetola boitsholo,Banni ba Mmadinare ba tlhalositse fa ba se kgatlhanong le koketso ya...,https://dailynews.gov.bw/news-detail/89734,dikgang,Botswana DailyNews
28 Jan 2026,Court remands duo in custody for murder,Two women appeared before Chief Magistrate Thebeetsile Mulalu of Molepolole Magistrate Court...,https://dailynews.gov.bw/news-detail/89731,crime,Botswana DailyNews
28 Jan 2026,Ditsela dingwe tsa Kgalagadi Borwa di akareditswe mo NDP12,"Tona wa lephata la dipalamo le dikago, Rre Noah Salakae a re...",https://dailynews.gov.bw/news-detail/89733,dikgang,Botswana DailyNews
28 Jan 2026,I Too thought I Was Out advocates for mental,"In an effort to advocate for mental health awareness, Tumo Sehube, a...",https://dailynews.gov.bw/news-detail/89730,art-culture,Botswana DailyNews
28 Jan 2026,Poor contract management delays projects,Failure to enforce contractual guidelines by relevant officials has contributed to the...,https://dailynews.gov.bw/news-detail/89729,development,Botswana DailyNews
28 Jan 2026,Road projects priority - Salakae,Government has priotitised the construction of roads connecting villages with production units....,https://dailynews.gov.bw/news-detail/89728,development,Botswana DailyNews
28 Jul 2014,Sponsors visit Kazungula bridge site,"Representatives from Botswana, Zambia and the African Development Bank (AfDB) met in...",https://dailynews.gov.bw/news-detail/13250,development,Botswana DailyNews
28 Jul 2025,Animator leverages social media,"Emerging self-taught 2D animator Keneilwe Tsiako, alias Mmadipopae, is leveraging online platforms...",https://dailynews.gov.bw/news-detail/87759,art-culture,Botswana DailyNews
28 Jul 2025,Court remands accused girlfriend murder in custody,"A 27-year-old Molepolole man, Tebatso Keolatlhe who is accused of killing his...",https://dailynews.gov.bw/news-detail/87754,crime,Botswana DailyNews
28 Jul 2025,Court sentences Case for stock theft,Kgosi Simon Nkgageng of Tatisiding Customary Court has sentenced Israel Case to...,https://dailynews.gov.bw/news-detail/87773,crime,Botswana DailyNews
28 Jul 2025,Mophato takes theatre lovers down memory lane with Inyaya,Mophato Dance Theatre’s three-day double bill of Inyaya and Borwa took the...,https://dailynews.gov.bw/news-detail/87758,art-culture,Botswana DailyNews
28 Jul 2025,Pageant signals show revival and cultural pride,The much-anticipated return of Kgalagadi North District Show was marked in style...,https://dailynews.gov.bw/news-detail/87757,art-culture,Botswana DailyNews
28 Jul 2026,From Scrap metal to Timeless art,FROM SCRAP METAL TO TIMELESS ART What many people see as...,https://dailynews.gov.bw/news-detail/92409,art-culture,Botswana DailyNews
28 Jul 2026,Initiative to celebrate young achievers,"The 7th edition of Botswana Youth Awards and Festival, an event that...",https://dailynews.gov.bw/news-detail/92411,art-culture,Botswana DailyNews
28 Jul 2026,Tlhabiwe o akgola makgotlana a kabo ditsha,"Modulasetilo wa lekgotla la kabo ditsha la Ngwaketse, Rre Bobby Tlhabiwe o...",https://dailynews.gov.bw/news-detail/92421,dikgang,Botswana DailyNews
28 Mar 2025,How Xi crackdown on excess reshapes China,How Xi's crackdown on excess reshapes China The Communist Party of China...,https://dailynews.gov.bw/news-detail/85486,politics,Botswana DailyNews
28 May 2015,Muzila urges residents to develop plots,"Francistown mayor, Ms Sylvia Muzila, has implored councillors to assist in sensitising...",https://dailynews.gov.bw/news-detail/20420,development,Botswana DailyNews
28 May 2025,Botswana exports beef to DRC,Botswana is preparing to export its first consignment of beef worth over...,https://dailynews.gov.bw/news-detail/86660,politics,Botswana DailyNews
28 May 2025,National Transformation strategy launch October,National Transformation Strategy is set to be a game changer in revitalising...,https://dailynews.gov.bw/news-detail/86659,politics,Botswana DailyNews
28 May 2026,Borre ba nonotsha serodumo sa lenyalo,Borre ba mokwena ba tla thulanya ditlhogo ka Matlhatso ka go tshwara...,https://dailynews.gov.bw/news-detail/91617,dikgang,Botswana DailyNews
28 May 2026,Dan Buthelezi keeps Afro Disco alive,"Afro-disco musician, Samson Seonyatseng, popularly known as Dan Buthelezi is working on...",https://dailynews.gov.bw/news-detail/91622,art-culture,Botswana DailyNews
28 May 2026,Kelebogile shapes new narrative on ability,"On any given morning at Boiteko Mall, if you walk past the...",https://dailynews.gov.bw/news-detail/91621,art-culture,Botswana DailyNews
28 May 2026,Kgosi o akgola bagwebi ka bonatla,Bagwebi ba ba botlana kwa toropong ya Selebi Phikwe ba akgoletswe go...,https://dailynews.gov.bw/news-detail/91618,dikgang,Botswana DailyNews
28 May 2026,Lekgotla le abela ba le 380 ditsha tsa bonno,Morago ga go leta dingwaga tse di masome mabedi go abelwa ditsha...,https://dailynews.gov.bw/news-detail/91615,dikgang,Botswana DailyNews
28 May 2026,Macheng Bushfire Festival set for May 30,Excitement is mounting in Hukuntsi ahead of the highly anticipated 4th Edition...,https://dailynews.gov.bw/news-detail/91624,art-culture,Botswana DailyNews
28 Nov 2024,Court grants four accused in BGCSE exam papers conditional,Four suspects in the 2023 Botswana General Certificate of Secondary Education (BGCSE)...,https://dailynews.gov.bw/news-detail/83376,crime,Botswana DailyNews
28 Nov 2025,Dithuto tsa mogare wa HIV/AIDS di ka fokotsa kanamo,Mongwe wa ba batshelang le mogare wa HIV/AIDS mo Lobatse Mme Kelebogile...,https://dailynews.gov.bw/news-detail/89240,dikgang,Botswana DailyNews
28 Nov 2025,Kereke ke modi wa setshaba,"Tona wa Lephata la Ofising ya ga Tautona, Rre Moeti Mohwasa a...",https://dailynews.gov.bw/news-detail/89241,dikgang,Botswana DailyNews
28 Nov 2025,Tona o araba selelo sa ba Mahalapye,"Tona wa Ditswa-mmung le Kgotetso, Mme Bogolo Kenewendo o tlhaloseditse banni ba...",https://dailynews.gov.bw/news-detail/89242,dikgang,Botswana DailyNews
28 Oct 2019,12th Parliament brings in 42 new faces,"The 12th Parliament brings in 42 new brooms, 11 retaining their seats,...",https://dailynews.gov.bw/news-detail/52583,elections,Botswana DailyNews
28 Oct 2019,Opposition parties reflect on performance,"Umbrella for Democratic Change (UDC) vice president, Mr Dumelang Saleshando says they...",https://dailynews.gov.bw/news-detail/52574,elections,Botswana DailyNews
28 Oct 2024,BRP manifesto in three languages,The Botswana Republican Party (BRP) is the only party that has published...,https://dailynews.gov.bw/news-detail/82586,elections,Botswana DailyNews
28 Oct 2024,Court convicts 10 Ethiopians for illegal entry,"Ten Ethiopian nationals, who entered Botswana through an ungazetted point near Ramokgwebana...",https://dailynews.gov.bw/news-detail/82575,crime,Botswana DailyNews
28 Oct 2024,Court revokes Mojadigo bail,Principal Magistrate Queen Moanga of Mochudi Magistrate Court has revoked Goitsekgosi...,https://dailynews.gov.bw/news-detail/82577,crime,Botswana DailyNews
28 Oct 2024,Court thwarts Selolwane bail application attempts,"Rape accused, Samuel Selolwane’s attempt to liberty has once again been thwarted...",https://dailynews.gov.bw/news-detail/82569,crime,Botswana DailyNews
28 Oct 2024,Masisi appeals to Chobe for votes,"Botswana Democratic Party leader, Dr Mokgweetsi Masisi has appealed to Chobe constituents...",https://dailynews.gov.bw/news-detail/82573,elections,Botswana DailyNews
28 Oct 2024,"VP launches Francistown East, West, South candidates","Botswana has since gaining independence in 1966 embarked on a remarkable journey,...",https://dailynews.gov.bw/news-detail/82576,elections,Botswana DailyNews
28 Oct 2024,"Vote for Kgoboko, return Bobirwa to BDP- Autlwetse","Voting for Mr Francisco Kgoboko, Botswana Democratic Party’s parliamentary candidate for Bobirwa,...",https://dailynews.gov.bw/news-detail/82574,elections,Botswana DailyNews
28 Oct 2025,Former UN chief urges APEC to champion multilateralism and,The Asia-Pacific Economic Cooperation (APEC) should lead economic cooperation and shared prosperity...,https://dailynews.gov.bw/news-detail/88803,politics,Botswana DailyNews
28 Oct 2025,Kankere e tsweletse ka go gapa matshelo a batho,"Mogolwane kwa khanseleng ya toropo ya Lobatse, Rre Desmond Tshotlelo a re...",https://dailynews.gov.bw/news-detail/88816,dikgang,Botswana DailyNews
28 Oct 2025,Kentelang diruiwa Molafo,Lefatshe ka bophara le itlamile gore e re ka 2030 abo bolwetse...,https://dailynews.gov.bw/news-detail/88817,dikgang,Botswana DailyNews
28 Oct 2025,Letsididi Stands Trial for Double Murder,"As Gosegomang Kareng peered through the window in Magokotswane ward, Molepolole, she...",https://dailynews.gov.bw/news-detail/88812,crime,Botswana DailyNews
28 Oct 2025,Monna o bonwe a tshela,Monna wa dingwaga tse di masome a marataro le borobabongwe wa kgotla...,https://dailynews.gov.bw/news-detail/88815,dikgang,Botswana DailyNews
28 Sep 2023,Land board acquires over 60 hectares,Rakops Sub-land Board intends to allocate about 950 residential plots in the...,https://dailynews.gov.bw/news-detail/75492,development,Botswana DailyNews
28 Sep 2024,Policing cluster volunteers lauded for their dedication,Volunteers have been lauded for fighting crime in partnership with police. Giving...,https://dailynews.gov.bw/news-detail/82003,crime,Botswana DailyNews
28 Sep 2026,Botswana and Japan celebrate 60-year diplomatic ties,Leaders from Botswana and Japan have recently reflected on a deep-rooted partnership...,https://dailynews.gov.bw/news-detail/93461,general,Botswana DailyNews
28 Sep 2026,Chapo in Botswana for Diamond Jubilee celebrations,"GABORONE President Daniel Chapo of Mozambique and First Lady, Ms Gueta...",https://dailynews.gov.bw/news-detail/93460,general,Botswana DailyNews
28 Sep 2026,Deborah Retief Memorial Hospital faces shortage of emergency and,Mochudi District Hospital is facing a shortage of space in its emergency...,https://dailynews.gov.bw/news-detail/93470,general,Botswana DailyNews
28 Sep 2026,Duo elevates bilateral relations,Botswana and Mozambique have signed an agreement establishing a Bi-National Commission to...,https://dailynews.gov.bw/news-detail/93467,general,Botswana DailyNews
28 Sep 2026,Evolution of brigades since independence,"Practical wisdom bridges the gap between abstract thought and real world execution,...",https://dailynews.gov.bw/news-detail/93455,general,Botswana DailyNews
28 Sep 2026,Govt seeks shift from welfare dependence,Government’s high expenditure on social protection programmes has yet to translate into...,https://dailynews.gov.bw/news-detail/93447,general,Botswana DailyNews
28 Sep 2026,Lehutshelo Celebrates Learners\' Achievements,Learners of Lehutshelo Junior Secondary School have been implored to dream big...,https://dailynews.gov.bw/news-detail/93457,general,Botswana DailyNews
28 Sep 2026,Ministry unveils strategic plan,The Ministry of Labour and Home Affairs has launched its Civil Registration...,https://dailynews.gov.bw/news-detail/93441,general,Botswana DailyNews
28 Sep 2026,Ndaba calls for economic resilience,"Vice President Ndaba Gaolathe has called for a fundamental shift in mindset,...",https://dailynews.gov.bw/news-detail/93442,general,Botswana DailyNews
28 Sep 2026,Okavango Eternal Draws Galaxy Of Stars,"The evocative beauty of Botswana's diamonds and world heritage site, the Okavango...",https://dailynews.gov.bw/news-detail/93454,general,Botswana DailyNews
28 Sep 2026,"Photo exhibition held in Ethiopia to review, promote China-Africa","A photo exhibition featuring China-Africa cooperation was held in Addis Ababa, the...",https://dailynews.gov.bw/news-detail/93446,general,Botswana DailyNews
28 Sep 2026,"Photo exhibition highlights China-Rwanda friendship, cooperation",A news photo exhibition on the theme of China-Rwanda friendship and China's...,https://dailynews.gov.bw/news-detail/93444,general,Botswana DailyNews
28 Sep 2026,Resilience and visionary leadership transformed Botswana - Barongwang,A young nation confronted by immense developmental challenges at the time of...,https://dailynews.gov.bw/news-detail/93471,general,Botswana DailyNews
28 Sep 2026,Social protection reforms key to inclusive growth,Ongoing social protection reforms are critical to transforming vulnerable Batswana from dependency...,https://dailynews.gov.bw/news-detail/93456,general,Botswana DailyNews
28 Sep 2026,Stakeholders call for environmental laws,"Some stakeholders have underscored the need for government to create polices, laws...",https://dailynews.gov.bw/news-detail/93448,general,Botswana DailyNews
28 Sep 2026,Turning vision into action for China-U.S. constructive strategic stability,"As Chinese President Xi Jinping and his U.S. counterpart, Donald Trump, met...",https://dailynews.gov.bw/news-detail/93445,general,Botswana DailyNews
29 Apr 2015,Lake Ngami trust needs funds to drive mandate,"An official from the department of wildlife and national parks, Mr Gothusang...",https://dailynews.gov.bw/news-detail/19750,development,Botswana DailyNews
29 Apr 2025,Boko and Ramaphosa look to address energy deficit,More durable solutions to regional energy challenges was one of the issues...,https://dailynews.gov.bw/news-detail/86072,politics,Botswana DailyNews
29 Apr 2025,Magistrate commits Kopong murder case to High Court,"After previous attempts to send the matter to the High Court failed,...",https://dailynews.gov.bw/news-detail/86065,crime,Botswana DailyNews
29 Apr 2025,Official implores PACs to restore public trust,Public trust on Public Account Committees (PACs) and other oversight institutions continues...,https://dailynews.gov.bw/news-detail/86071,politics,Botswana DailyNews
29 Apr 2025,Strengthening regional intergration vital,The volume of trade between Botswana and South Africa is high and...,https://dailynews.gov.bw/news-detail/86055,politics,Botswana DailyNews
29 Apr 2026,"Anuli Album Focuses On Revival, Family And Culture","In an industry constantly chasing new sounds and fleeting trends, some artists...",https://dailynews.gov.bw/news-detail/91227,art-culture,Botswana DailyNews
29 Apr 2026,Kgari III o kopa Bakwena go aga leobo,Kgosi Kgari Sechele III o kopile morafe wa Bakwena go aga sesha...,https://dailynews.gov.bw/news-detail/91223,dikgang,Botswana DailyNews
29 Apr 2026,PUSO E TSWELETSE KA GO FOKOTSA DITSHENYEGELO,Puso e tsweletse ka go somarela sekgwama sa setshaba ka go emisa...,https://dailynews.gov.bw/news-detail/91225,dikgang,Botswana DailyNews
29 Aug 2019,Francistown to become vibrant by 2022,"Francistown mayor, Ms Sylvia Muzila says the council’s vision is to ensure...",https://dailynews.gov.bw/news-detail/51440,development,Botswana DailyNews
29 Aug 2024,Moeladilotlhoko walks free,Tshepo Sethibe of Moeladilotlhoko News Boiler on Thursday walked free as the...,https://dailynews.gov.bw/news-detail/81414,crime,Botswana DailyNews
29 Aug 2024,Six face P1.6m gadgets robbery,"Extension II Magistrate Court Chief Magistrate, Ms Kamogelo Mmesi, has ordered that...",https://dailynews.gov.bw/news-detail/81412,crime,Botswana DailyNews
29 Aug 2025,"Moshupa Residents Lose Over P400,000 to Scam",Police in Moshupa have raised alarm after recent incidents in which two...,https://dailynews.gov.bw/news-detail/88387,crime,Botswana DailyNews
29 Aug 2026,Gaolathe Challenges Batlokwa to Turn Heritage into Opportunity,Vice President Ndaba Gaolathe has challenged the Batlokwa to use their rich...,https://dailynews.gov.bw/news-detail/92999,general,Botswana DailyNews
29 Aug 2026,"How Xi bolsters cultural exchanges between China, Egypt","Over the years, Chinese President Xi Jinping has repeatedly called for stronger...",https://dailynews.gov.bw/news-detail/92996,general,Botswana DailyNews
29 Aug 2026,"Xi champions exchanges between ancient civilizations of China, Egypt","""Wherever I go on my overseas visits, what fascinates me the most...",https://dailynews.gov.bw/news-detail/92997,general,Botswana DailyNews
29 Aug 2026,Xi hails historic leap in China-Kyrgyzstan ties,Chinese President Xi Jinping on Friday hailed the historic leap in China-Kyrgyzstan...,https://dailynews.gov.bw/news-detail/92995,general,Botswana DailyNews
29 Dec 2024,Police look into 41-year-old\'s cause of death,Police in Kachikau are investigating the death of a 41-year-old man who...,https://dailynews.gov.bw/news-detail/83870,crime,Botswana DailyNews
29 Dec 2025,Kanye Leadership Forum Tackles Challenges,"Kanye West MP, Mr Victor Phologolo, has stressed that regular dialogue with...",https://dailynews.gov.bw/news-detail/89512,politics,Botswana DailyNews
29 Dec 2025,Serowe experiences peaceful holidays,Police in Serowe say their policing area has experienced a peaceful and...,https://dailynews.gov.bw/news-detail/89515,crime,Botswana DailyNews
29 Jan 2025,Body found motionless in Manonnye,The body of a man was found lying motionless by a passerby...,https://dailynews.gov.bw/news-detail/84277,crime,Botswana DailyNews
29 Jan 2025,Mission 300 wins financial backing,The African Development Bank (AfDB) and the World Bank have committed US$40...,https://dailynews.gov.bw/news-detail/84286,politics,Botswana DailyNews
29 Jan 2026,Go tsholetsa Nata go nna kgaolo go tlaa thusa,Makhanselara a kgaolo ya Tutume a dumalane ka bongwefela jwa pelo go...,https://dailynews.gov.bw/news-detail/89755,dikgang,Botswana DailyNews
29 Jan 2026,Lunchbox Hub revolutionises school meals,"As dawn breaks across Botswana, thousands of parents begin a familiar, frantic...",https://dailynews.gov.bw/news-detail/89758,art-culture,Botswana DailyNews
29 Jan 2026,Seemo sa sekole ga se itumedise banni,Banni ba kgotla ya Mathuba kwa Serowe ba kopile bodiredi jwa khansele...,https://dailynews.gov.bw/news-detail/89756,dikgang,Botswana DailyNews
29 Jan 2026,Tlhaelo ya metsi e tla bona tharabololo,a boleletswe fa thulaganyo ya go siela metse ya bone metsi go...,https://dailynews.gov.bw/news-detail/89757,dikgang,Botswana DailyNews
29 Jul 2024,Botswana moves to enhance water resource management,An Emergency Water Security and Efficiency consultancy project is underway to enhance...,https://dailynews.gov.bw/news-detail/80824,development,Botswana DailyNews
29 Jul 2024,Government makes strides in improved water security,The past six years have seen a significant improvement of expansion of...,https://dailynews.gov.bw/news-detail/80821,development,Botswana DailyNews
29 Jul 2024,"Kgalagadi master plan to improve water efficiency, reliability",Implementation of the Kgalagadi Water Master Plan to improve water supply is...,https://dailynews.gov.bw/news-detail/80826,development,Botswana DailyNews
29 Jul 2024,"Lemone, Mmamabule pump stations operational","The steelpipe water project, alias North-South Carrier 2.2, with a 1.2-metre diameter...",https://dailynews.gov.bw/news-detail/80825,development,Botswana DailyNews
29 Jul 2024,Lobatse Water Supply Master Plan: Desirous effort to quench,Government’s ambitious journey towards sustainable water supply continues countrywide with major water...,https://dailynews.gov.bw/news-detail/80827,development,Botswana DailyNews
29 Jul 2024,North South Carrier project blessing to southern region,Completion of the North South Carrier (NSC II) and related projects has...,https://dailynews.gov.bw/news-detail/80823,development,Botswana DailyNews
29 Jul 2024,Residents rejoice over water supply,The completion of Selebi Phikwe-Serule Water Transfer Scheme in 2023 means residents...,https://dailynews.gov.bw/news-detail/80828,development,Botswana DailyNews
29 Jul 2024,Triple murder victims laid to rest,Multitudes gathered at the Botshelo family homestead in Tamasane to pay their...,https://dailynews.gov.bw/news-detail/80839,crime,Botswana DailyNews
29 Jul 2024,WUC commits to empower communities,What started as a simple gesture between Water Utilities Corporation (WUC) and...,https://dailynews.gov.bw/news-detail/80822,development,Botswana DailyNews
29 Jul 2025,Court extends remand for gang-rape accused,Atamelang of Lobatse Magistrate Court has extended remand for the trio accused...,https://dailynews.gov.bw/news-detail/87800,crime,Botswana DailyNews
29 Jul 2025,My Star 2012 winner legacy lives on,From her unforgettable debut on the My Star music television show to...,https://dailynews.gov.bw/news-detail/87787,art-culture,Botswana DailyNews
29 Jul 2025,Winter Soiree Organiser Optimistic About Event Growth,"Organiser of the lifestyle event Winter Soiree, Bambi Motsomatshukudu says she is...",https://dailynews.gov.bw/news-detail/87786,art-culture,Botswana DailyNews
29 Jul 2026,Artefacts repatriation drive paramount,History is the heritage and patrimony of mankind in the lessons of...,https://dailynews.gov.bw/news-detail/92433,art-culture,Botswana DailyNews
29 Jul 2026,Ba itlamile go baya ditsha kgwedi le kgwedi,Ba lekgotlana la kabo ditsha la Molepolole ba re monongwaga ba tsositse...,https://dailynews.gov.bw/news-detail/92436,dikgang,Botswana DailyNews
29 Jun 2023,Bank plants fruit trees at school orchid,Standard Chartered Bank Gaborone has been commended for its noble initiative in...,https://dailynews.gov.bw/news-detail/73790,development,Botswana DailyNews
29 Jun 2023,Disability centre project complete,Construction of the P183 million Maun Centre for Children with severe and...,https://dailynews.gov.bw/news-detail/73791,development,Botswana DailyNews
29 Jun 2023,Over P1.4m for Tati River rehabilitation,Francistown Phase IV and Bokamoso Umbrella Development Committees have received over P1.4...,https://dailynews.gov.bw/news-detail/73787,development,Botswana DailyNews
29 Jun 2026,BRCS Act under review,The Botswana Red Cross Society (BRCS) Act ought to be modernised so...,https://dailynews.gov.bw/news-detail/92027,politics,Botswana DailyNews
29 Jun 2026,Ba Shadishadi ba abetswe ditlankana tsa ditsha,Lekgotlana la kabo ditsha la Lephepe le tsweletse ka go aba ditlakana...,https://dailynews.gov.bw/news-detail/92015,dikgang,Botswana DailyNews
29 Jun 2026,Banni ba atla dikgang tsa puo ya sesarwa,Banni bangwe ba Robelela le Tshokwe ba supa fa ba itumeletse maiteko...,https://dailynews.gov.bw/news-detail/92014,dikgang,Botswana DailyNews
29 Jun 2026,Broadway Motors e abela kokelo dikobo,Khamphani ya Broadway Motors e abetse kokelo sa Mahalapye dikobo di le...,https://dailynews.gov.bw/news-detail/92016,dikgang,Botswana DailyNews
29 Jun 2026,Family identifies body after retrieval from Thamalakane River,Maun Police have recovered the body of a 28-year-old man from the...,https://dailynews.gov.bw/news-detail/92035,crime,Botswana DailyNews
29 Jun 2026,Magistrate extends remand of trio in Kgoro gang rape,The accused persons in the Kgoro gang rape case have been further...,https://dailynews.gov.bw/news-detail/92034,crime,Botswana DailyNews
29 Jun 2026,Paradise serves new chapter in Botswana culinary story,"By Loago Thomas There are cookbooks that teach readers how to cook,...",https://dailynews.gov.bw/news-detail/92045,art-culture,Botswana DailyNews
29 Jun 2026,Passion Knows No Age Limit,"At the age of 85, Mafetsane Bifang stands as a beloved pillar...",https://dailynews.gov.bw/news-detail/92022,art-culture,Botswana DailyNews
29 Jun 2026,Police arrest suspects in connection to stabbing incident,Police in Maun have arrested three men in connection to a stabbing...,https://dailynews.gov.bw/news-detail/92036,crime,Botswana DailyNews
29 Mar 2025,Boko and Chabo pledge to collaborate,Driven by their mutual quest to nudge their respective countries towards the...,https://dailynews.gov.bw/news-detail/85489,politics,Botswana DailyNews
29 May 2014,Storm water drainage challenge to SEDC,Inadequate provision of storm water drainage facilities has remained a major challenge...,https://dailynews.gov.bw/news-detail/11681,development,Botswana DailyNews
29 May 2025,Court grants murder accused bail,"A 23 year-old woman Gomotsang Maluke of Mmopi ward in Mathangwane, accused...",https://dailynews.gov.bw/news-detail/86692,crime,Botswana DailyNews
29 May 2025,Rape convict gets 10 years in jail,Senior Magistrate Onnetse Ntwayapelo of Serowe Magistrate Court has sentenced Ontumetse Phutiyarona...,https://dailynews.gov.bw/news-detail/86693,crime,Botswana DailyNews
29 May 2025,Unpaid service levy cripples council,The revenue base for Selebi Phikwe Town Council is still a concern...,https://dailynews.gov.bw/news-detail/86681,development,Botswana DailyNews
29 May 2025,Xi stresses high-quality cultural-ethical advancement,"Xi Jinping, general secretary of the Communist Party of China (CPC) Central...",https://dailynews.gov.bw/news-detail/86669,development,Botswana DailyNews
29 May 2026,"In a season of summitry, China seeks stabler major-country","China's diplomatic engagements in May aimed at managing differences, navigating competition, and...",https://dailynews.gov.bw/news-detail/91647,art-culture,Botswana DailyNews
29 Nov 2024,Boko returns home,...,https://dailynews.gov.bw/news-detail/83400,politics,Botswana DailyNews
29 Nov 2025,â€ŽMurder Accused pleads for bail,"‎Murder accused Ogona Tlhabologang, of Gumare has pleaded with the court to...",https://dailynews.gov.bw/news-detail/89243,crime,Botswana DailyNews
29 Oct 2015,Employees want better road networks,Employees of various tourist camps in Chobe have called for upgrading of...,https://dailynews.gov.bw/news-detail/24109,development,Botswana DailyNews
29 Oct 2024,Boko appeals for votes in Charleshill,"Umbrella for Democratic Change (UDC) leader, Advocate Duma Boko has appealed to...",https://dailynews.gov.bw/news-detail/82593,elections,Botswana DailyNews
29 Oct 2024,Botswana innovation ranking demonstration of good BDP policies -,"Recently, Botswana was ranked among the top five most innovative economies in...",https://dailynews.gov.bw/news-detail/82595,elections,Botswana DailyNews
29 Oct 2024,Court grants Chinese nationals bail,"Two Chinese nationals, who were arrested at a roadblock in Tati Siding...",https://dailynews.gov.bw/news-detail/82592,crime,Botswana DailyNews
29 Oct 2024,IEC ready for elections,"With only a day to go before the general elections, the Independent...",https://dailynews.gov.bw/news-detail/82585,elections,Botswana DailyNews
29 Oct 2024,President Masisi assures AU team of support,President Dr Mokgweetsi Masisi has assured the African Union (AU) election observers...,https://dailynews.gov.bw/news-detail/82596,elections,Botswana DailyNews
29 Oct 2024,Ruling on BCP application today,Judgement in a case in which Botswana Congress Party (BCP) has filed an...,https://dailynews.gov.bw/news-detail/82589,elections,Botswana DailyNews
29 Oct 2024,Vote wisely - Masisi,"As Batswana go to the polls on October 30, President Dr Mokgweetsi...",https://dailynews.gov.bw/news-detail/82594,elections,Botswana DailyNews
29 Oct 2025,Ba Okavango ba lebogetse lenaneo,Makhanselara a Okavango ba lebogetse tshimolodiso ya tiriso ya di drone go...,https://dailynews.gov.bw/news-detail/88828,dikgang,Botswana DailyNews
29 Oct 2025,"Charting a new chapter for Asia-Pacific development through unity,","Gyeongju, a historic city in South Korea, is about to welcome leaders...",https://dailynews.gov.bw/news-detail/88844,politics,Botswana DailyNews
29 Oct 2025,"China, Japan, S. Korea should lead new growth in","China, Japan and South Korea should lead new growth in the Asia-Pacific...",https://dailynews.gov.bw/news-detail/88841,politics,Botswana DailyNews
29 Oct 2025,Former UN chief stresses importance of China\'s Global Governance,China\'s Global Governance Initiative came at the right moment as multilateralism is...,https://dailynews.gov.bw/news-detail/88843,politics,Botswana DailyNews
29 Oct 2025,Joining hands for sustainable development in Asia-Pacific,"Ahead of the APEC Economic Leaders\' Meeting in Gyeongju, South Korea, experts...",https://dailynews.gov.bw/news-detail/88840,politics,Botswana DailyNews
29 Oct 2025,Letsididi Declines to Raise Hands for Identification,"Rape convict and double murder accused, Tshepiso Letsididi, on Tuesday declined to...",https://dailynews.gov.bw/news-detail/88824,crime,Botswana DailyNews
29 Oct 2025,Moments in Motion | Embracing a new era of,At the invitation of President Lee Jae-myung of the Republic of Korea...,https://dailynews.gov.bw/news-detail/88839,politics,Botswana DailyNews
29 Oct 2025,Monana o dirisa maranyane go lwantsha kgokgontsho,Kgokgontsho ya bong e e apesitseng lefatshe kobo ka letshoba e gwetlhile...,https://dailynews.gov.bw/news-detail/88829,dikgang,Botswana DailyNews
29 Oct 2025,Morutabana o fitlhetswe ka dikgobalo tse di masisi,Monna wa dingwaga tse di masome a mane le bone (34) o...,https://dailynews.gov.bw/news-detail/88827,dikgang,Botswana DailyNews
29 Oct 2025,"Multilateralism of central importance to Asia-Pacific\'s development, prosperity: APEC","Multilateralism is of central importance to the prosperity of the Asia-Pacific region,...",https://dailynews.gov.bw/news-detail/88842,politics,Botswana DailyNews
30 Apr 2025,President Boko Appoints New Cabinet Clerks,President Advocate Duma Boko has officially sworn in Mr Zenene Sinombe as...,https://dailynews.gov.bw/news-detail/86075,politics,Botswana DailyNews
30 Apr 2026,PRESIDENT RECEIVES FORENSIC AUDIT REPORT,â€ŽPRESIDENT RECEIVES FORENSIC AUDIT REPORTS IN ANTI-CORRUPTION â€Ž â€ŽPresident Duma Boko has...,https://dailynews.gov.bw/news-detail/91238,politics,Botswana DailyNews
30 Apr 2026,â€ŽTwo Men In Court Over Fake Diamond Sale,‎Two men accused of selling three fake diamond stones at Cumberland Hotel...,https://dailynews.gov.bw/news-detail/91232,crime,Botswana DailyNews
30 Aug 2016,Health services team wins first aid competition,The Jwaneng Mine Health Services team is this year’s inter-departmental first aid...,https://dailynews.gov.bw/news-detail/30629,development,Botswana DailyNews
30 Aug 2016,Ministry adopts scientific approach to boost farming,The Ministry of Agriculture has been working on inculcating modern technological and...,https://dailynews.gov.bw/news-detail/30649,development,Botswana DailyNews
30 Aug 2026,"Championing Shanghai Spirit, Demonstrating SCO\'s Commitment","From Aug. 30 to Sept. 3, Chinese President Xi Jinping will...",https://dailynews.gov.bw/news-detail/93001,general,Botswana DailyNews
30 Aug 2026,"Xi Says China-Kyrgyzstan Cooperation Entering \""golden Period\"" Of Rapid","Xi Says China-Kyrgyzstan Cooperation Entering ""golden Period"" Of Rapid Development The China-Kyrgyzstan...",https://dailynews.gov.bw/news-detail/93002,general,Botswana DailyNews
30 Aug 2026,"Xi arrives in Kyrgyzstan for SCO summit, state visit",Chinese President Xi Jinping landed in Bishkek on Sunday for the Shanghai...,https://dailynews.gov.bw/news-detail/93000,general,Botswana DailyNews
30 Dec 2022,Mmadinare draws developmental agenda,Mmadinare local economic development (LED) team has drawn up a developmental agenda...,https://dailynews.gov.bw/news-detail/70855,development,Botswana DailyNews
30 Dec 2024,Boy in police custody for cousin death,A 17-year-old boy is in police custody after he allegedly stabbed and...,https://dailynews.gov.bw/news-detail/83872,crime,Botswana DailyNews
30 Dec 2025,Bateng Hoo Festival brings culture and music alive,The inaugural Bateng Hoo Music Festival held at the Maun Sports Complex...,https://dailynews.gov.bw/news-detail/89518,art-culture,Botswana DailyNews
30 Jan 2025,eSwatini candidate seeks support,As the continent prepares for the 38th African Union (AU) Summit scheduled...,https://dailynews.gov.bw/news-detail/84315,politics,Botswana DailyNews
30 Jul 2024,France not a candidate for bail-Magistrate,"France not a candidate for bail-Magistrate Francistown Chief Magistrate, Ms Bame Mooketsi...",https://dailynews.gov.bw/news-detail/80850,crime,Botswana DailyNews
30 Jul 2025,Author pens weight loss chronicles,Embarking on a weight loss journey has proved to be a challenging...,https://dailynews.gov.bw/news-detail/87815,art-culture,Botswana DailyNews
30 Jul 2025,"Gappy Roberts: Testament of Resilience, Determination",Recognising that his contributions to the music industry were not fully treasured...,https://dailynews.gov.bw/news-detail/87816,art-culture,Botswana DailyNews
30 Jul 2026,Court Acquits Moremong in Sefalana Cash in transit robbery,COURT ACQUITS MOREMONG IN SEFALANA CASH-IN-TRANSIT ROBBERY The sole accused person...,https://dailynews.gov.bw/news-detail/92462,crime,Botswana DailyNews
30 Jul 2026,Kgwebo e ka rarabolola letlhoko la morafe,Mogolwane wa boipelego kwa khanseleng ya Mahalapye Rre Kgomotsego Basaako a re...,https://dailynews.gov.bw/news-detail/92471,dikgang,Botswana DailyNews
30 Jul 2026,Lobatse Police Investigate suicide,Lobatse Police are investigating an incident in which a 22-year-old man of...,https://dailynews.gov.bw/news-detail/92461,crime,Botswana DailyNews
30 Jul 2026,Makgadikgadi midnight walk returns under full moon,"The annual Makgadikgadi Midnight Walk returns from September 25 to 28, offering...",https://dailynews.gov.bw/news-detail/92463,art-culture,Botswana DailyNews
30 Jul 2026,Monna o lebanwe ke molato wa petelelo,Monna wa dingwaga tse di masome a marataro le bone (64) o...,https://dailynews.gov.bw/news-detail/92467,dikgang,Botswana DailyNews
30 Jul 2026,Motsholapheko o tlaa bolokwa ka Matlhatso,"Mokhanselara wa Sefhophe Rre Christopher Motsholapheko, yoo tlhokafetseng kgwedi ya Phukwi e...",https://dailynews.gov.bw/news-detail/92468,dikgang,Botswana DailyNews
30 Jun 2025,Govt shifts focus to National Transformation Programme,President Advocate Duma Boko addressing chief executive officers and board chairs of...,https://dailynews.gov.bw/news-detail/87288,politics,Botswana DailyNews
30 Jun 2026,Young film maker to represent Botswana in France,"A young Motswana storyteller and creative producer, Zanele Moyo, is set to...",https://dailynews.gov.bw/news-detail/92048,art-culture,Botswana DailyNews
30 Mar 2016,Aerobics club provides donkey card reflectors,It was rather an unusual event recently when Al’Ryte Aerobics Club emphasised...,https://dailynews.gov.bw/news-detail/27269,development,Botswana DailyNews
30 Mar 2016,Air pollution health hazard,"The deputy permanent secretary in the Ministry of Minerals, Energy and Water...",https://dailynews.gov.bw/news-detail/27263,development,Botswana DailyNews
30 Mar 2016,Sewage project worries councillor,Delay of the commencement of Molepolole sewage water project is worrisome. ...,https://dailynews.gov.bw/news-detail/27262,development,Botswana DailyNews
30 Mar 2025,Magistrate to deliver ruling on Holland assault case today,"Francistown Principal Magistrate, Mr Tshepo Magetsi will today deliver a ruling on...",https://dailynews.gov.bw/news-detail/85524,crime,Botswana DailyNews
30 Mar 2026,A lefatshe le beeletse mo go bomme -Taolo,Mokwaledi wa khansele ya toropo ya Lobatse Mme Lenamile Taolo a re...,https://dailynews.gov.bw/news-detail/90794,dikgang,Botswana DailyNews
30 Mar 2026,Bomme ba amiwa ke kgokgontsho,Mogolwane wa tsa bogakolodi le tsa tumelo wa sepodisi sa Botswana Superintendent...,https://dailynews.gov.bw/news-detail/90796,dikgang,Botswana DailyNews
30 Mar 2026,Curtain falls on Botswana theatre genius,"A funeral date for Gabriel ‘Phunya’ Modise, who passed on at the...",https://dailynews.gov.bw/news-detail/90780,art-culture,Botswana DailyNews
30 Mar 2026,DIS oversight structures operational - Mohwasa,Parliament has been informed that the Directorate of Intelligence and Security (DIS)...,https://dailynews.gov.bw/news-detail/90786,parliament,Botswana DailyNews
30 Mar 2026,Fuel supply remains stable,Botswana’s petroleum supply and national energy security are currently stable despite sharp...,https://dailynews.gov.bw/news-detail/90776,parliament,Botswana DailyNews
30 Mar 2026,Gaolathe outlines strategy to grow agric. sector by 2028,"Vice President and Minister of Finance, Mr Ndaba Gaolathe, has told Parliament...",https://dailynews.gov.bw/news-detail/90778,parliament,Botswana DailyNews
30 Mar 2026,Government engages commercial banks for funding,Government has engaged several commercial banks to secure funding for immediate liquidity...,https://dailynews.gov.bw/news-detail/90785,parliament,Botswana DailyNews
30 Mar 2026,Kgoreletso fulfils lifelong dream,"Dineo Kgoreletso, affectionately known as Dix in music circles, has long been...",https://dailynews.gov.bw/news-detail/90781,art-culture,Botswana DailyNews
30 Mar 2026,Loan to secure delivery of essential public services,"Vice President and Minister of Finance, Mr Ndaba Gaolathe, has tabled the...",https://dailynews.gov.bw/news-detail/90775,parliament,Botswana DailyNews
30 Mar 2026,MPs back tougher sentences for possession of human remains,Convicted offenders found in possession of human remains will soon face mandatory...,https://dailynews.gov.bw/news-detail/90777,parliament,Botswana DailyNews
30 Mar 2026,Minister promises transparency in BCL inquiry,"Minister for State President, Defence and Security, Mr Moeti Mohwasa, says the...",https://dailynews.gov.bw/news-detail/90787,parliament,Botswana DailyNews
30 Mar 2026,Mophato Dance Theatre raises awareness on GBV,Mophato Dance Theatre women bared it all on Friday night in a...,https://dailynews.gov.bw/news-detail/90791,art-culture,Botswana DailyNews
30 Mar 2026,Ramogapi o itumelela tswelelopele,Tona wa metsi le bonno Rre Onneetse Ramogapi a re o itumeletse...,https://dailynews.gov.bw/news-detail/90793,dikgang,Botswana DailyNews
30 Mar 2026,Venting sessions gain popularity,Venting sessions are slowly gaining popularity in Botswana. The sessions usually give...,https://dailynews.gov.bw/news-detail/90792,art-culture,Botswana DailyNews
30 May 2024,Witness Fails to Identify Critical Evidence,"The trial of a Zimbabwean national, Bhekizwe Nkomazana, also known as Khaya...",https://dailynews.gov.bw/news-detail/79818,crime,Botswana DailyNews
30 May 2026,UNRELATED PIRACY AND AI THREATEN BOTSWANA CREATIVE FITURE,Piracy and unregulated artificial intelligence could threaten Botswana’s cultural identity and economic...,https://dailynews.gov.bw/news-detail/91651,art-culture,Botswana DailyNews
30 Oct 2024,100 years old Baratang Rantu cast her vote,"WISDOM OF AGE.......Ten minutes before polls closed, 100 years old Baratang Rantu...",https://dailynews.gov.bw/news-detail/82637,elections,Botswana DailyNews
30 Oct 2024,BACK UP FOR ELECTRICITY ON STANDBY,"Presiding officers at Thamaga Junior Secondary School polling station, Ms Tebalalo Kooepile...",https://dailynews.gov.bw/news-detail/82625,elections,Botswana DailyNews
30 Oct 2024,BCP presidential candidate voted,"Botswana Congress Party (BCP) presidential candidate, Mr Dumelang Saleshando, his wife Dineo...",https://dailynews.gov.bw/news-detail/82616,politics,Botswana DailyNews
30 Oct 2024,Batlhophi ba Kuke ba gorogile thari kwa matlhophelong,Batlhophi ba Kuke kwa kgaolong ya botlhophi ya Ghanzi ba tshologetse mo...,https://dailynews.gov.bw/news-detail/82634,elections,Botswana DailyNews
30 Oct 2024,Batlhophi ba a itela kwa Mmadinare,Matlhophelo a Home-based Care mo kgaolwaneng ya Seboo kwa Mmadinare a ne...,https://dailynews.gov.bw/news-detail/82610,politics,Botswana DailyNews
30 Oct 2024,Batlhophi ba gakololwa go apara sentle,"Motsamaisa ditlhopho kwa kgaolwaneng ya botlhophi ya Sepopa/Ikoga, Mme Alice Lushiba a...",https://dailynews.gov.bw/news-detail/82609,politics,Botswana DailyNews
30 Oct 2024,ELDERLY VOTER ENDURES HEAT TO CAST BALLOT AMID DELAYS,"Despite the scorching heat, 85-year-old Ms Seithati Maribe was determined to vote...",https://dailynews.gov.bw/news-detail/82614,politics,Botswana DailyNews
30 Oct 2024,Electorate turnout slows down at BaIsago University polling station,"With a few hours remaining before the closing of polls, Baisago University...",https://dailynews.gov.bw/news-detail/82626,elections,Botswana DailyNews
30 Oct 2024,"External, advanced votes verification underway at City Hall",Verification of Gaborone Central Constituency ballots for external and advance votes has...,https://dailynews.gov.bw/news-detail/82640,elections,Botswana DailyNews
30 Oct 2024,Ghanzi Constituency receives CKGR ballots,"Returning officer for Ghanzi Constituency, Mr Ketumile Ramotadima (right) with all party...",https://dailynews.gov.bw/news-detail/82636,elections,Botswana DailyNews
30 Oct 2024,Ghanzi Constituency-Council wards results,Tshabantsa-Molapo ward won by Mr Thuto Mangate of Umbrella for Democratic...,https://dailynews.gov.bw/news-detail/82645,elections,Botswana DailyNews
30 Oct 2024,Kgaogo ya motlakase ga e kgoreletse ditlhopho,"Batlhopisi ba kgaolo ya Gaborone Borwa, ba patelesega go dirisa lesedi le...",https://dailynews.gov.bw/news-detail/82633,elections,Botswana DailyNews
30 Oct 2024,Less than 50 still expected to vote in Lesoma,"As polling stations closing approaches, a total of 119 voters have cast...",https://dailynews.gov.bw/news-detail/82627,elections,Botswana DailyNews
30 Oct 2024,Manyana Primary School polling station to close on time,"With closing time eminent, a sizeable number of voters still wait their...",https://dailynews.gov.bw/news-detail/82631,elections,Botswana DailyNews
30 Oct 2024,Marapoathutlwa South Ward starts counting,Counting has started at Marapoathutlwa South Ward in Gaborone Bonnington North Constituency....,https://dailynews.gov.bw/news-detail/82643,elections,Botswana DailyNews
30 Oct 2024,Masunga starts verification,Verification process has started at Masunga Senior Secondary School - part of...,https://dailynews.gov.bw/news-detail/82638,elections,Botswana DailyNews
30 Oct 2024,Mmopane Metsimotlhabe Constituency ready for ballot counting,"Mmopane Primary School hall, where parliamentary ballots for Mmopane/Metsimotlhabe constituency will take...",https://dailynews.gov.bw/news-detail/82623,politics,Botswana DailyNews
30 Oct 2024,More Counting Centres Receive Ballot Boxes,Ballot boxes for parliamentary candidates for Palapye constituency have started to arrive...,https://dailynews.gov.bw/news-detail/82641,elections,Botswana DailyNews
30 Oct 2024,NO LEGAL PROVISION TO GRANT POLLING AGENTSâ€™ ELECTRORATE OMANG,"Returning officer for Charleshill constituency, Mr Aaron Mafokate says there is no...",https://dailynews.gov.bw/news-detail/82615,politics,Botswana DailyNews
30 Oct 2024,New Xanagas Tallying Centre preparations underway,"Returning officer for New Xanagas Polling district in Charleshill constituency, Ms Tsholofelo...",https://dailynews.gov.bw/news-detail/82629,elections,Botswana DailyNews
30 Oct 2024,Old Tribal Administration Centre poling station closes on time,"Presiding Officer at Old Tribal Administration Centre poling station in Gumare, Ms...",https://dailynews.gov.bw/news-detail/82635,elections,Botswana DailyNews
30 Oct 2024,Phillip Moshotle Primary School Polling Station To Close at,"Phillip Moshotle Primary School in Marapoathutlwa South, in the Gaborone Bonnington North...",https://dailynews.gov.bw/news-detail/82632,elections,Botswana DailyNews
30 Oct 2024,President Masisi casts vote,President Dr Mokgweetsi Masisi says the reports of a satisfactory turn out...,https://dailynews.gov.bw/news-detail/82613,politics,Botswana DailyNews
30 Oct 2024,RED CROSS TO THE RESCUE,Botswana Red Cross Society (BRCS) ’s presence was visible in some of...,https://dailynews.gov.bw/news-detail/82620,politics,Botswana DailyNews
30 Oct 2024,Reatile Casts Vote in Mabutsane,Botswana Patriotic Front leader Mr Mephato Reatile cast his vote at Mabutsane...,https://dailynews.gov.bw/news-detail/82624,politics,Botswana DailyNews
30 Oct 2024,SMOOTH VOTING PROCESS IN TATI WEST,"SADC observers visited polling stations in the Tati West Constituency, where returning...",https://dailynews.gov.bw/news-detail/82611,politics,Botswana DailyNews
30 Oct 2024,THEBE POLLING STATION EMPTY AHEAD OF CLOSURE,Thebe Primary School Polling Station in the Gaborone South Constituency buzzed with...,https://dailynews.gov.bw/news-detail/82622,politics,Botswana DailyNews
30 Oct 2024,TWO BARRED FROM VOTING AT LEFHOKO POLLING STATION,Two have been barred from voting at Lefhoko kgotla polling station under...,https://dailynews.gov.bw/news-detail/82619,politics,Botswana DailyNews
30 Oct 2024,Takatokwane ballot boxes arrive for counting,Parliamentary ballot boxes from Takatokwane main kgotla polling station arrived at Mahupu...,https://dailynews.gov.bw/news-detail/82639,elections,Botswana DailyNews
30 Oct 2024,Verification On Going for Francistown East Constituency MP Ballot,Verification for MP ballot boxes for Francistown East constituency has started at...,https://dailynews.gov.bw/news-detail/82642,elections,Botswana DailyNews
30 Oct 2024,Voters still queueing at Bakwena Kgari JSS,"With less than an hour left before polling stations officially close, voters are...",https://dailynews.gov.bw/news-detail/82628,elections,Botswana DailyNews
30 Oct 2024,Voting continues in Ledumang Primary School despite late start,"The voting processes progressed smoothly at Ledumang Primary School polling station, following...",https://dailynews.gov.bw/news-detail/82630,elections,Botswana DailyNews
30 Oct 2025,Baoki o somarela moribo wa katara ya setso,Setswerere sa katara ya setso kwa Molepolole Rre Bantebanye Baoki o ikemiseditse...,https://dailynews.gov.bw/news-detail/88846,dikgang,Botswana DailyNews
30 Oct 2025,Botswana and TÃ¼rkiye bolster relations,"Minister for International Relations and Cooperation, Dr Phenyo Butale, says the relationship...",https://dailynews.gov.bw/news-detail/88880,politics,Botswana DailyNews
30 Oct 2025,China has much to offer for those investing long-term,"As China moves forward with new plans for the next five years,...",https://dailynews.gov.bw/news-detail/88856,politics,Botswana DailyNews
30 Oct 2025,Government honours Basarwa,As a testimony to its committed effort to protect and respect human...,https://dailynews.gov.bw/news-detail/88866,art-culture,Botswana DailyNews
30 Oct 2025,Hatlhogang Trust e bulwa semmuso,Morafe wa Mmathethe o tla a keteke pulo-semmuso ya lefelo la bone...,https://dailynews.gov.bw/news-detail/88845,dikgang,Botswana DailyNews
30 Oct 2025,Legendary artist unveils solo exhibition at Thapong,Visual artist Kentse Bogatsu has taken centre stage at the Thapong Visual...,https://dailynews.gov.bw/news-detail/88864,art-culture,Botswana DailyNews
30 Oct 2025,Mekgatlho ya bomme e ka tsisa diphetogo,Mekgatlho ya bomme e na bokgoni jwa go tsisa diphetogo mo matshelong...,https://dailynews.gov.bw/news-detail/88847,dikgang,Botswana DailyNews
30 Oct 2025,Roads to Happiness,China is working hand-in-hand with its Asia-Pacific partners to chart a...,https://dailynews.gov.bw/news-detail/88848,politics,Botswana DailyNews
30 Oct 2025,UK government pledges support for BETP,The United Kingdom (UK) government has pledged support to Botswana’s Economic Transformation...,https://dailynews.gov.bw/news-detail/88872,politics,Botswana DailyNews
30 Oct 2025,World Insights: Xi\'s S.Korea visit expected to consolidate economic,Chinese President Xi Jinping will attend the 32nd Asia-Pacific Economic Cooperation (APEC)...,https://dailynews.gov.bw/news-detail/88854,politics,Botswana DailyNews
30 Oct 2025,Xi calls for steady sailing forward of the giant,Chinese President Xi Jinping said here on Thursday that China and the...,https://dailynews.gov.bw/news-detail/88860,politics,Botswana DailyNews
30 Oct 2025,Xi ready to work with Trump to build solid,Chinese President Xi Jinping said here Thursday that he is ready to...,https://dailynews.gov.bw/news-detail/88865,politics,Botswana DailyNews
30 Oct 2025,"Xi says China confident, capable to navigate all kinds",Chinese President Xi Jinping said here Thursday that the Chinese economy is...,https://dailynews.gov.bw/news-detail/88858,politics,Botswana DailyNews
30 Oct 2025,"Xi says China, U.S. economic, trade teams reached consensus",Chinese President Xi Jinping said here Thursday that economic and trade teams...,https://dailynews.gov.bw/news-detail/88859,politics,Botswana DailyNews
30 Oct 2025,Xi says China\'s development goes hand in hand with,Chinese President Xi Jinping said here Thursday that China's development and revitalization...,https://dailynews.gov.bw/news-detail/88861,politics,Botswana DailyNews
30 Oct 2025,Xi says ready to work with Trump to build,Chinese President Xi Jinping said here Thursday that he is ready to...,https://dailynews.gov.bw/news-detail/88857,politics,Botswana DailyNews
30 Sep 2026,Botswana Celebrates Diamond Jubilee.,Botswana Celebrates Diamond Jubilee. Pula!...,https://dailynews.gov.bw/news-detail/93475,general,Botswana DailyNews
30 Sep 2026,Botswana and Mozambique First Ladies Honour Young Mothers,Grace and purpose merged in Gaborone West on Friday as First Lady...,https://dailynews.gov.bw/news-detail/93474,general,Botswana DailyNews
30 Sep 2026,Francistown celebrates independence anniversary,"Francistown residents, today flocked to their respective wards to celebrate Botswana's 60th...",https://dailynews.gov.bw/news-detail/93479,general,Botswana DailyNews
30 Sep 2026,"InPics | City view of Washington D.C., U.S.","Washington, D.C., capital of the United States and seat of the U.S....",https://dailynews.gov.bw/news-detail/93473,general,Botswana DailyNews
30 Sep 2026,Samora machel Museum restaurant development underway,Botswana is in the process of developing a Samora Machel Museum restaurant...,https://dailynews.gov.bw/news-detail/93472,general,Botswana DailyNews
30 Sep 2026,Zim\'s economy on course to achieve projected growth By,Zimbabwe's economy is on course to achieve the initially projected five percent growth...,https://dailynews.gov.bw/news-detail/93481,general,Botswana DailyNews
31 Aug 2025,Balete welcome Mautlwakgosi,Multitudes of Bogwera initiates who gathered at the Gamalete main Kgotla on...,https://dailynews.gov.bw/news-detail/88400,art-culture,Botswana DailyNews
31 Aug 2025,Banni ba Serowe ba lela ka matlotla,Banni ba kgotla ya Tshikinyega kwa Serowe ba lela ka matlotla a...,https://dailynews.gov.bw/news-detail/88393,dikgang,Botswana DailyNews
31 Aug 2025,Nations mourns A.T.I,"One of Botswana’s celebrated artiste, Atlasaone Molemogi, known as A.T.I has passed...",https://dailynews.gov.bw/news-detail/88397,art-culture,Botswana DailyNews
31 Aug 2025,Thupa e na le seabe mo go ageng ngwana,"Mokhanselara wa kgaolwana ya Ikageleng Phase 1 kwa Selebi Phikwe, Rre Silent...",https://dailynews.gov.bw/news-detail/88392,dikgang,Botswana DailyNews
31 Aug 2025,Tshwaragano le bogogi e ka tsisa maduo,Mopalamante wa kgaolo ya Mahalapye yo gape e leng Tona wa Ditlhaeletsano...,https://dailynews.gov.bw/news-detail/88391,dikgang,Botswana DailyNews
31 Aug 2026,Batlokwa Celebrate Mafifatshwana With Gaolathe,"Botswana’s next chapter on national transformation requires citizens, entrepreneurs and communities who...",https://dailynews.gov.bw/news-detail/93009,art-culture,Botswana DailyNews
31 Aug 2026,BeautyHub Academy Team Botswana clinches 10 international titles,BeautyHub Academy’s Team Botswana has returned home with 10 international titles and...,https://dailynews.gov.bw/news-detail/93013,art-culture,Botswana DailyNews
31 Aug 2026,Cooperatives Key To Job and Poverty Reduction,"Assistant Minister of Trade and Entrepreneurship, Mr Baratiwa Mathoothe, has described cooperatives...",https://dailynews.gov.bw/news-detail/93018,general,Botswana DailyNews
31 Aug 2026,Former BCL Employees To Receive Government-Purchased House,Former BCL employees who have been assessed and verified as eligible beneficiaries...,https://dailynews.gov.bw/news-detail/93035,general,Botswana DailyNews
31 Aug 2026,Keorapetse urges faith leaders to drive HIV/AIDS fight,The Church and other faith-based organisations have a critical role to play...,https://dailynews.gov.bw/news-detail/93016,general,Botswana DailyNews
31 Aug 2026,Kgalagadi North embraces sustainable livelihoods approach,Kgalagadi North District Council is ready to embrace the shift from reliance...,https://dailynews.gov.bw/news-detail/93006,general,Botswana DailyNews
31 Aug 2026,Kyrgyz honor guards on horseback welcome Chinese President Xi,Kyrgyz honor guards on horseback welcome Chinese President Xi JinpingKyrgyz honor guards...,https://dailynews.gov.bw/news-detail/93028,general,Botswana DailyNews
31 Aug 2026,Kyrgyz president welcomes Xi at airport in Bishkek,Kyrgyz President Sadyr Japarov and his wife welcomed on Sunday Chinese President...,https://dailynews.gov.bw/news-detail/93011,general,Botswana DailyNews
31 Aug 2026,Lent Amusement Park: Where families unwind together,"Francistown entrepreneur, Ms Daisy Kalanke has established Lent Amusement Park and Lent...",https://dailynews.gov.bw/news-detail/93031,general,Botswana DailyNews
31 Aug 2026,Matsiloje o ipelela letsatsi la ngwao,Erile ka Labotlhano morafe wa Matsiloje o bo o tshwere moletlo wa...,https://dailynews.gov.bw/news-detail/93023,dikgang,Botswana DailyNews
31 Aug 2026,Mmadinare solar plant to reduce electricity import dependence,Botswana’s electricity import dependence is set to decline as the newly...,https://dailynews.gov.bw/news-detail/93034,general,Botswana DailyNews
31 Aug 2026,Moswaane o rotloetsa go fokotsa ikaego ka puso,"Mothusa tona wa dikgaolo le tsa ngwao, Rre Ignatius Moswaane a re...",https://dailynews.gov.bw/news-detail/93024,dikgang,Botswana DailyNews
31 Aug 2026,New mineral regulations to mandate citizen participation,"Government is shifting how it measures the success of mining operations, with...",https://dailynews.gov.bw/news-detail/93017,general,Botswana DailyNews
31 Aug 2026,Official warns about dangers of poisoning wildlife,"Acting regional wildlife coordinator for North West, Mr Thebeyakgosi Horatius has warned...",https://dailynews.gov.bw/news-detail/93005,general,Botswana DailyNews
31 Aug 2026,Okavango District Council explores renewable energy,Okavango District Council is set to explore renewable energy with a plan...,https://dailynews.gov.bw/news-detail/93032,general,Botswana DailyNews
31 Aug 2026,President Swagger Drip at BOMU Awards,"President Advocate Duma Boko swapped his neatly tailored formal suits for streetwear,...",https://dailynews.gov.bw/news-detail/93010,art-culture,Botswana DailyNews
31 Aug 2026,Samochima celebrates harvest,The Samochima kgotla came to life last Friday as the community...,https://dailynews.gov.bw/news-detail/93008,general,Botswana DailyNews
31 Aug 2026,Six New Ambulances to Boost Emergency Care in Remote,Access to emergency medical care in Botswana’s hard-to-reach areas is set for...,https://dailynews.gov.bw/news-detail/93033,general,Botswana DailyNews
31 Aug 2026,When high nominations do not convert to wins,The Botswana Musicians Union BOMU handed out its awards at the Gaborone...,https://dailynews.gov.bw/news-detail/93012,art-culture,Botswana DailyNews
31 Aug 2026,Xi attends welcome ceremony held by Kyrgyz President,Xi attends welcome ceremony held by Kyrgyz For more: https://english.news.cn/20260831/1be7ba456a00484c90d8e23e25246cdd/c.html...,https://dailynews.gov.bw/news-detail/93036,general,Botswana DailyNews
31 Aug 2026,"Xinhua Headlines: Xi Kicks Off State Visit To Kyrgyzstan,",Chinese President Xi Jinping landed in Bishkek on Sunday for a state...,https://dailynews.gov.bw/news-detail/93014,general,Botswana DailyNews
31 Aug 2026,Youth unemployment remains a challenge- ODC chairman,Okavango District Council (ODC) chairperson Mr Ronald Gaopalelwe says youth unemployment is...,https://dailynews.gov.bw/news-detail/93030,general,Botswana DailyNews
31 Aug 2026,\'You are family\' - a warm welcome for President,A long red carpet stretched across the tarmac at the Manas International...,https://dailynews.gov.bw/news-detail/93015,general,Botswana DailyNews
31 Dec 2024,Court reminds man accused of killing minor,A 36-year-old man of Maaloso Ward in Tonota has been denied bail...,https://dailynews.gov.bw/news-detail/83879,crime,Botswana DailyNews
31 Dec 2024,Kebonang dismisses recusal application,Gaborone High Court has rejected an application by the state seeking the...,https://dailynews.gov.bw/news-detail/83880,crime,Botswana DailyNews
31 Dec 2024,Morupisi judgment on Friday,"The Gaborone High Court will on January 3, 2025 deliver judgment in...",https://dailynews.gov.bw/news-detail/83881,crime,Botswana DailyNews
31 Jan 2025,Restoration of peace and security in Eastern DRC crucial,SADC Executive Secretary says the SADC Extraordinary Summit was convened to re-evaluate...,https://dailynews.gov.bw/news-detail/84320,politics,Botswana DailyNews
31 Jan 2026,Boko urges envoys to strengthen ties with Botswana,As new diplomatic envoys to Botswana sauntered past the pomp and ceremony...,https://dailynews.gov.bw/news-detail/89771,politics,Botswana DailyNews
31 Mar 2015,GCC turns to backlog eradication project,Gaborone City Council (GCC) has secured P44 million for the backlog eradication...,https://dailynews.gov.bw/news-detail/19107,development,Botswana DailyNews
31 Mar 2023,100 000 plots allocation on course,p.p1 {margin: 0.0px 0.0px 0.0px 0.0px; font: 20.0px \'Myriad Pro\'} Over half...,https://dailynews.gov.bw/news-detail/72357,development,Botswana DailyNews
31 Mar 2023,98 per cent of the population has access to,President Dr Mokgweetsi Masisi has made provision of quality potable water his...,https://dailynews.gov.bw/news-detail/72355,development,Botswana DailyNews
31 Mar 2023,Equipping 21st century learner,"The adage, 'a man is caught by his words,' has never been...",https://dailynews.gov.bw/news-detail/72353,development,Botswana DailyNews
31 Mar 2023,Government delivers on promises,"April 1, 2023 marks President Dr Mokgweetsi Masisi’s fifth year in office....",https://dailynews.gov.bw/news-detail/72356,development,Botswana DailyNews
31 Mar 2023,Improving national health system,In the quest to deliver health services to Batswana and in line...,https://dailynews.gov.bw/news-detail/72351,development,Botswana DailyNews
31 Mar 2023,Infrastructure development delivered,"On April 1, 2018 in his inauguration speech, President Dr Mokgweetsi Masisi...",https://dailynews.gov.bw/news-detail/72354,development,Botswana DailyNews
31 Mar 2023,Masisi prioritises women empowerment,Achieving the goal of equal participation of women and men in decision...,https://dailynews.gov.bw/news-detail/72352,development,Botswana DailyNews
31 Mar 2023,President Masisi: 5 years of visionary leadership,"“Where there is no vision, the people perish,” a verse from the...",https://dailynews.gov.bw/news-detail/72350,development,Botswana DailyNews
31 Mar 2025,Government tackles power cuts,President Advocate Duma Boko has assured the nation that government is committed...,https://dailynews.gov.bw/news-detail/85549,politics,Botswana DailyNews
31 Mar 2025,Symposium on Decentralisation Policy on cards,Local government symposium on national Decentralisation Policy is on the cards. The...,https://dailynews.gov.bw/news-detail/85543,politics,Botswana DailyNews
31 Mar 2026,Ba Tsabong ba rapelela ditsela,Ba komiti ya ipabalelo tseleng mo kgaolong ya Kgalagadi borwa ba tshwaraganye...,https://dailynews.gov.bw/news-detail/90814,dikgang,Botswana DailyNews
31 Mar 2026,Boko sets sight on export-oriented agricultural reform,President Advocate Duma Boko has outlined a transformative roadmap for the agricultural...,https://dailynews.gov.bw/news-detail/90804,parliament,Botswana DailyNews
31 Mar 2026,Consultations ongoing to review former Presidents benefits,Consultations with former Presidents are currently ongoing to review their existing benefits...,https://dailynews.gov.bw/news-detail/90820,parliament,Botswana DailyNews
31 Mar 2026,Court ends public sector wage appeal after settlement,The Court of Appeal has struck out an appeal in a long-running...,https://dailynews.gov.bw/news-detail/90813,crime,Botswana DailyNews
31 Mar 2026,Government withdraws mandatory theology qualifications,Religious leaders across all societies are set to regain the autonomy to...,https://dailynews.gov.bw/news-detail/90819,parliament,Botswana DailyNews
31 Mar 2026,Infrastructure loan to restore fiscal balance,"Government remains committed to restoring balance to the fiscus, strengthening revenue performance...",https://dailynews.gov.bw/news-detail/90822,parliament,Botswana DailyNews
31 Mar 2026,Modipane stages impressive comeback,"This year’s Miss Botswana 2026 competition had, as all others years before,...",https://dailynews.gov.bw/news-detail/90810,art-culture,Botswana DailyNews
31 Mar 2026,Mopalamente o abela sekole sa Kathiana Mahunga,Mopalamente wa kgaolo ya Okavango bophirima Rre Kenny Kapinga o abetse sekole...,https://dailynews.gov.bw/news-detail/90816,dikgang,Botswana DailyNews
31 Mar 2026,Parliament clears way for P6.3bn loan,Parliament has cleared the way for a P6.3 billion financial injection after...,https://dailynews.gov.bw/news-detail/90805,parliament,Botswana DailyNews
31 Mar 2026,Policy prevents leadership upgrade in some Kgalagadi villages,"The villages of Kolonkwaneng, Khawa and Struizendam and other villages within Kgalagadi...",https://dailynews.gov.bw/news-detail/90803,parliament,Botswana DailyNews
31 Mar 2026,Tiro e tsweletse go isa metsi kwa metseng ya,Kago ya letamo la Thune le diphaephe tse di phatlalatsang metsi mo...,https://dailynews.gov.bw/news-detail/90815,dikgang,Botswana DailyNews
31 Mar 2026,Trade ministry restructuring to boost efficiency,The Ministry of Trade and Entrepreneurship has embarked on an extensive restructuring...,https://dailynews.gov.bw/news-detail/90821,parliament,Botswana DailyNews
31 May 2016,Tutume ESP projects commence,Following the official launch of Economic Stimulus Programme (ESP) in Tutume at...,https://dailynews.gov.bw/news-detail/28720,development,Botswana DailyNews
31 May 2024,Defence lawyer Extenuating circumstances,The High Court is expected to receive presentation of extenuating circumstances and...,https://dailynews.gov.bw/news-detail/79849,crime,Botswana DailyNews
31 Oct 2024,Atamelang takes Boteti East Constituency,UDC Keoagile Atamelang 6005 BDP Sethomo Lelatisitswe 3727 BPF...,https://dailynews.gov.bw/news-detail/82881,elections,Botswana DailyNews
31 Oct 2024,BCP council candidate wins Meriting ward -Selebi Phikwe West,BCP council candidate wins Meriting ward in Selebi Phikwe West Constituency ...,https://dailynews.gov.bw/news-detail/82650,elections,Botswana DailyNews
31 Oct 2024,BCP\'s Kaizer wins Selebi Phikwe West,BCP Reuben Kaizer 3054 UDC Dithapelo Keorapetse 3018 BDP Beauty...,https://dailynews.gov.bw/news-detail/82877,elections,Botswana DailyNews
31 Oct 2024,BOTETI WEST CONSTITUENCY,BOTETI WEST CONSTITUENCY Mmadikola Banatshi Seatso BCP -405 Polokoeng Leswadula BDP...,https://dailynews.gov.bw/news-detail/82730,elections,Botswana DailyNews
31 Oct 2024,BPF retains Serowe South Constituency,BPF - Lesedi Leepetswe 5653 Independent candidate - Malefho Kolaatamo 2472 BDP...,https://dailynews.gov.bw/news-detail/82869,elections,Botswana DailyNews
31 Oct 2024,Bobirwa Constituency,Bobirwa Constituency Semolale/Mabolwe Ward Manuel Marole BDP - 761 Ian...,https://dailynews.gov.bw/news-detail/82720,elections,Botswana DailyNews
31 Oct 2024,Bobirwa Constituency Council results,Bobonong South East Ward BCP - Letsogile Moja Koketso - 1 382...,https://dailynews.gov.bw/news-detail/82853,elections,Botswana DailyNews
31 Oct 2024,Boteti East Constituency /Letlhakane North,Boteti East Constituency Letlhakane North Moitlhatlhamodi Kgotlaetsile UDC 783 Shadrack...,https://dailynews.gov.bw/news-detail/82741,elections,Botswana DailyNews
31 Oct 2024,Boteti East constituency council ward,Mokubilo/Mmea ward Phankgi Resetse BDP 500 Tlhokile Oaitse. BPF 322 Gabobolokwe...,https://dailynews.gov.bw/news-detail/82808,elections,Botswana DailyNews
31 Oct 2024,Boteti West Constituency council results- Motopi ward,Motopi ward Bathusi Kutoro UDC-408 Ontiretse Kabalele BDP-374 Orange Mofilistia BCP-54 ...,https://dailynews.gov.bw/news-detail/82809,elections,Botswana DailyNews
31 Oct 2024,Boteti West constituency council results,Orapa ward Chilume Balopi UDC -1166 Bethel Mohinamone BDP -706 ...,https://dailynews.gov.bw/news-detail/82799,elections,Botswana DailyNews
31 Oct 2024,Butale wins Gaborone Central,UDC - Mr Phenyo Butale 5493 BDP - Mr Bontsi Monare 2826...,https://dailynews.gov.bw/news-detail/82867,elections,Botswana DailyNews
31 Oct 2024,CHOBE CONSTITUENCY,CHOBE CONSTITUENCY: KASANE NORTH WARD Johane Chenjekwa- BDP 722 Oatametse...,https://dailynews.gov.bw/news-detail/82727,elections,Botswana DailyNews
31 Oct 2024,CHOBE CONSTITUENCY: KASANE SOUTH WARD,CHOBE CONSTITUENCY KASANE SOUTH WARD Boitumelo Kanyetu - BDP 528 Justice Shamukuni...,https://dailynews.gov.bw/news-detail/82661,elections,Botswana DailyNews
31 Oct 2024,CHOBE CONSTITUENCY: KAZUNGULA EAST,CHOBE CONSTITUENCY: KAZUNGULA EAST Kabuzu Kabuzu- BCP 888 Sarah Kabimba-...,https://dailynews.gov.bw/news-detail/82784,elections,Botswana DailyNews
31 Oct 2024,CHOBE CONSTITUENCY: PANDAMATENGA WARD,CHOBE CONSTITUENCY: PANDAMATENGA WARD Sairos Ere BCP - 659 Gobusamang...,https://dailynews.gov.bw/news-detail/82670,elections,Botswana DailyNews
31 Oct 2024,Charleshill Constituency / Ncojane Metsimantsho Ward,Charleshill Constituency / Ncojane Metsimantsho Ward Johannes Katuoo UDC - 981...,https://dailynews.gov.bw/news-detail/82707,elections,Botswana DailyNews
31 Oct 2024,Charleshill Constituency Karakubis Ward,Charleshill Constituency Karakubis Ward Bikie Lebereki UDC - 255 Gaorekwe Gadiitsiwe BCP -...,https://dailynews.gov.bw/news-detail/82666,elections,Botswana DailyNews
31 Oct 2024,Charleshill Constituency: Makunda Ward,Charleshill Constituency: Makunda Ward Ngaripahue Kauvi BDP - 252 Aaron Katjova BMD - 186...,https://dailynews.gov.bw/news-detail/82713,elections,Botswana DailyNews
31 Oct 2024,Charleshill Constituency: New Xanagas Ward,"Charleshill Constituency: New Xanagas Ward BDP 247, Hendrick Kealeboga Independent candidate...",https://dailynews.gov.bw/news-detail/82659,elections,Botswana DailyNews
31 Oct 2024,Charleshill constituency/Kalkfontein Ward,Charleshill constituency Kalkfontein Ward BCP - 448 Patrick Gaebuse BDP - 369...,https://dailynews.gov.bw/news-detail/82759,elections,Botswana DailyNews
31 Oct 2024,Charleshill constituency: Charleshill West ward,Charleshill constituency: Charleshill West ward Nyayozekue Orman BDP - 340 Johnny Kamutua UDC -...,https://dailynews.gov.bw/news-detail/82691,elections,Botswana DailyNews
31 Oct 2024,Chobe Enclave East ward,Chobe constituency: Chobe Enclave East ward Mumbera Jeremia BCP - 551 Manga...,https://dailynews.gov.bw/news-detail/82658,elections,Botswana DailyNews
31 Oct 2024,Dibete - Poloka ward,Dibete constituency Poloka ward Nthutang Osetse UDC - 401 Rabosaakane Onkemetse...,https://dailynews.gov.bw/news-detail/82753,elections,Botswana DailyNews
31 Oct 2024,Disho wins Okavango East,Gabotsholwe Disho - BCP 4 267 Bagalatia Arone - BDP 3 472...,https://dailynews.gov.bw/news-detail/82861,elections,Botswana DailyNews
31 Oct 2024,Francistown East - Satellite North,Francistown East Satellite North Oagile Collect BCP - 299 Mokgatle Kagiso BDP...,https://dailynews.gov.bw/news-detail/82688,elections,Botswana DailyNews
31 Oct 2024,Francistown East -Ntshe ward,Francistown East Ntshe Polling District BDP -Mabengano Eric Lekono 394...,https://dailynews.gov.bw/news-detail/82811,elections,Botswana DailyNews
31 Oct 2024,Francistown East Itekeng ward,Francistown East Itekeng ward Lesego Kwambala-421 BDP William Nteba-416 BCP Simone Mokone...,https://dailynews.gov.bw/news-detail/82779,elections,Botswana DailyNews
31 Oct 2024,Francistown East constituency council results,Francistown East constituency Selepa Ward Mpho Leladi BCP - 576 Oratile...,https://dailynews.gov.bw/news-detail/82855,elections,Botswana DailyNews
31 Oct 2024,Francistown East/Donga polling district,Francistown East- Donga polling district Koketso Moagi - BDP - 533 MPOTOKWANE...,https://dailynews.gov.bw/news-detail/82763,elections,Botswana DailyNews
31 Oct 2024,Francistown South - Ikageleng South ward,Francistown South Ikageleng South ward Thapelo Mosenya UDC - 562 Sennye Matsoo BCP -285...,https://dailynews.gov.bw/news-detail/82702,elections,Botswana DailyNews
31 Oct 2024,Francistown South : Phillip Matante East ward,Francistown South: Phillip Matante East ward Uyapo Nyeku UDC - 775 Dimpho...,https://dailynews.gov.bw/news-detail/82665,elections,Botswana DailyNews
31 Oct 2024,Francistown South : Tshwaragano Ward,Francistown South : Tshwaragano Ward 1. Gaone Majere - UDC -626 ...,https://dailynews.gov.bw/news-detail/82668,elections,Botswana DailyNews
31 Oct 2024,Francistown West - Moselewapula Ward,Francistown West - Moselewapula Ward Thatayaone Keoletile BCP - 838 Mbulawa Judas...,https://dailynews.gov.bw/news-detail/82693,elections,Botswana DailyNews
31 Oct 2024,Francistown West Monarch central,Francistown West Monarch central Dorcus Moemedi UDC - 839 Gopolang Almando...,https://dailynews.gov.bw/news-detail/82717,elections,Botswana DailyNews
31 Oct 2024,Francistown West. Tati Town Ward,Francistown West. Tati Town Ward BDP - 177 BPF - 97 BMD...,https://dailynews.gov.bw/news-detail/82657,elections,Botswana DailyNews
31 Oct 2024,Francistown West. Tati Town Ward 2,Francistown West. Tati Town Ward Solomon Lavy BDP - 177 Stanley...,https://dailynews.gov.bw/news-detail/82662,elections,Botswana DailyNews
31 Oct 2024,Francistown West. Tati Town Ward 3,Francistown West. Tati Town Ward Pheko Tshepo Pheko UDC 496 Beard Maja...,https://dailynews.gov.bw/news-detail/82664,elections,Botswana DailyNews
31 Oct 2024,GABORONE CONSTITUENCY TSHOLOFELO SOUTH WARD,TSHOLOFELO SOUTH WARD UDC - Mr Mofenyi M. Makgato 649 BDP -...,https://dailynews.gov.bw/news-detail/82762,elections,Botswana DailyNews
31 Oct 2024,Gabane/Mmankgodi Constituency,Gabane/Mmankgodi Constituency Gabane West Ward Elias Raletobana - BDP 529 Otlaadisa...,https://dailynews.gov.bw/news-detail/82796,elections,Botswana DailyNews
31 Oct 2024,Gabane/Mmankgodi Constituency - Gabane South Council Ward,Gabane/Mmankgodi Constituency Gabane South Council Ward Ntuka Moumakwa UDC - 520...,https://dailynews.gov.bw/news-detail/82673,elections,Botswana DailyNews
31 Oct 2024,Gabane/Mmankgodi Constituency -Tloaneng/Mmokolodi Ward,Gabane/Mmankgodi Constituency Tloaneng/Mmokolodi Ward Bakang Buti - UDC 566 Onah Setlhare...,https://dailynews.gov.bw/news-detail/82813,elections,Botswana DailyNews
31 Oct 2024,Gaborone Bonnington North - Boseja North,Gaborone Bonnington North Boseja North Gaboutlwelwe Sibanda UDC - 402 ...,https://dailynews.gov.bw/news-detail/82684,elections,Botswana DailyNews
31 Oct 2024,Gaborone Bonnington North Constituency,Gaborone Bonnington North-Peolwane ward Khumo Sebereko UDC - 1551 Gilbert...,https://dailynews.gov.bw/news-detail/82728,elections,Botswana DailyNews
31 Oct 2024,Gaborone Bonnington North Constituency council results,Itumeleng Ward UDC - Phodiso Moruti - 789 BDP - Motamma Horatius...,https://dailynews.gov.bw/news-detail/82839,elections,Botswana DailyNews
31 Oct 2024,Gaborone Bonnington South Marulamantsi ward,Gaborone Bonnington South Marulamantsi Ward Sergeant Kgosietsile UDC- 1018 Kitso Kelly...,https://dailynews.gov.bw/news-detail/82810,elections,Botswana DailyNews
31 Oct 2024,Gaborone Bonnington South/Kgale View,Gaborone Bonnington South Kgale View ward Latelang Pereko - UDC: 902 Neo...,https://dailynews.gov.bw/news-detail/82756,elections,Botswana DailyNews
31 Oct 2024,Gaborone Central Government Ward,Gaborone Central - Government Ward BDP- 428- Joyce Tumagole BCP-280- Gaothobogwe...,https://dailynews.gov.bw/news-detail/82719,elections,Botswana DailyNews
31 Oct 2024,Gaborone North Constituency,Gaborone North Constituency: Gaborone North Surbubs ward BDP- Austin Abraham -...,https://dailynews.gov.bw/news-detail/82723,elections,Botswana DailyNews
31 Oct 2024,Gaborone North Constituency council results - Phakalane ward,BDP- Kaisara Sejoe - 818 UDC - Tebogo Kakhu - 806 BCP...,https://dailynews.gov.bw/news-detail/82848,elections,Botswana DailyNews
31 Oct 2024,Gaborone South -Naledi South,Gaborone South Constituency -Naledi South UDC - 1862 Gopolang Montsho ...,https://dailynews.gov.bw/news-detail/82798,elections,Botswana DailyNews
31 Oct 2024,Gaborone South/Babusi Ward,Gaborone South Babusi Ward UDC - 1349 Tumelo Ramatsebanyane BDP - 480...,https://dailynews.gov.bw/news-detail/82734,elections,Botswana DailyNews
31 Oct 2024,Gaborone South/Naledi Central,Gaborone South Naledi Central UDC-1085 Phomolo Mapitse BDP- 492 Mosimanegape Basalumi BCP-...,https://dailynews.gov.bw/news-detail/82737,elections,Botswana DailyNews
31 Oct 2024,Gaborone South/Selema Ward,Gaborone South Selema Ward BCP - 881 Ishamel Koko UDC - 785...,https://dailynews.gov.bw/news-detail/82761,elections,Botswana DailyNews
31 Oct 2024,Gamalete Constituency Makolobotho Ward,Makolobotho Ward Registered 1678 Votes - 1646 Spoilt - 32 ...,https://dailynews.gov.bw/news-detail/82746,elections,Botswana DailyNews
31 Oct 2024,Gamalete constituency/Kgosing ward,Gamalete constituency Kgosing ward 1610 registered 1582 voted 28 spoiled ...,https://dailynews.gov.bw/news-detail/82698,elections,Botswana DailyNews
31 Oct 2024,Gaolathe bags Gaborone Bonnington South,Gaborone Bonnington South results UDC Ndaba Gaolathe 8805 BDP Christian Greeff ...,https://dailynews.gov.bw/news-detail/82880,elections,Botswana DailyNews
31 Oct 2024,Ghanzi Constituency -Kabakae ward,Ghanzi Constituency -Kabakae ward UDC - Setlabana Roller 301 BDP- Motsamai...,https://dailynews.gov.bw/news-detail/82652,elections,Botswana DailyNews
31 Oct 2024,Ghanzi Constituency- Grootlaagte,Ghanzi Constituency Grootlaagte BDP - Gadilatolwe Tshepo 341 BPF - Moretlwa Petro...,https://dailynews.gov.bw/news-detail/82747,elections,Botswana DailyNews
31 Oct 2024,Ghanzi constituency - Bosele ward,Ghanzi constituency - Bosele ward UDC Ditshwene Poifo -490 BDP Soke Cosmos...,https://dailynews.gov.bw/news-detail/82687,elections,Botswana DailyNews
31 Oct 2024,Ghanzi constituency - Meriting ward,Ghanzi constituency - Meriting ward UDC- Mavis Moleleke 355 BDP- Tsenene...,https://dailynews.gov.bw/news-detail/82678,elections,Botswana DailyNews
31 Oct 2024,Ghanzi constituency council results,Ghanzi constituency Bere Ward UDC-Panchwe Lucky - 367 BDP- Tshabang Sethantsho- 186...,https://dailynews.gov.bw/news-detail/82845,elections,Botswana DailyNews
31 Oct 2024,Ghanzi constituency-Morama ward,Ghanzi constituency Morama ward Sergeant Lefoko UDC - 576 Jeremiah Tibi BDP...,https://dailynews.gov.bw/news-detail/82656,elections,Botswana DailyNews
31 Oct 2024,Ghanzi constituency/Kuke North Eastern farms,Ghanzi constituency/Kuke North Eastern farms UDC - Thebe Tlotlego 249 BDP -...,https://dailynews.gov.bw/news-detail/82777,elections,Botswana DailyNews
31 Oct 2024,Goodhope-Mmathethe constituency Tshidilamolomo-Dikhukhung ward,6:17â€¯AM (22 minutes ago) to me Goodhope-Mmathethe...,https://dailynews.gov.bw/news-detail/82764,elections,Botswana DailyNews
31 Oct 2024,Goodhope/Mmathethe constituency- Mokatako/Cwagare ward,UDC- Omphile Otimile-588 BDP- Timothy Lekoma-412 BCP-Philip Molefhe-255 Independent candidate -...,https://dailynews.gov.bw/news-detail/82805,elections,Botswana DailyNews
31 Oct 2024,Gumare South ward,Ngami Constituency Gumare South ward Matenanga Keobinetse BDP - 647 Gaebolae Osefelepelo...,https://dailynews.gov.bw/news-detail/82672,elections,Botswana DailyNews
31 Oct 2024,Hunyepa makes Parliament debut after winning Tati West,Justin Hunyepa- UDC 6 713 Simon Moabi- BDP 3 223 Leonard Mutheto-...,https://dailynews.gov.bw/news-detail/82868,elections,Botswana DailyNews
31 Oct 2024,Jacobs takes Lobatse Constituency,UDC Kamal Jacobs 6 872 BDP Pelotshweu Mashlow Motlogelwa 2 699...,https://dailynews.gov.bw/news-detail/82882,elections,Botswana DailyNews
31 Oct 2024,Jwaneng/ Mabutsane constituency- Mabutsane/ Kanaku ward,Keberekile Pule- BDP- 442 Ompeile Gakebalaodise -UDC- 428 Motlhahedi Motokwane -BCP-...,https://dailynews.gov.bw/news-detail/82830,elections,Botswana DailyNews
31 Oct 2024,Jwaneng/Mabutsane Constituency council results,Jwaneng/Mabutsane Constituency Sese North Ward Lukas Kotlung UDC -523 Eric Phekoyame BDP...,https://dailynews.gov.bw/news-detail/82834,elections,Botswana DailyNews
31 Oct 2024,Jwaneng/Mabutsane Constituency- Itholoke/ Kutuku ward results,Wapula Osupile -BDP -238 Tshepang Moshombe -BCP-181 Lone Thojane- UDC-132...,https://dailynews.gov.bw/news-detail/82831,elections,Botswana DailyNews
31 Oct 2024,Jwaneng/Mabutsane Constituency:Molopo ward,Jwaneng/Mabutsane Constituency Molopo Ward Benjamin Tshukudu UDC-529 Keagile Morwamang BDP-256 Boitumelo...,https://dailynews.gov.bw/news-detail/82824,elections,Botswana DailyNews
31 Oct 2024,Jwaneng/Mabutsane constituency- Mahotshwane ward results,Keboetseng Kebopelwang- BDP-265 Onalenna Marembe- UDC -199 Obakeng Joseph -BPF -145...,https://dailynews.gov.bw/news-detail/82832,elections,Botswana DailyNews
31 Oct 2024,KANYE WEST CONSTITUENCY: Lodubeng ward,KANYE WEST CONSTITUENCY Lodubeng Ward Tebogo Thebeyame UDC - 758 Gaone...,https://dailynews.gov.bw/news-detail/82823,elections,Botswana DailyNews
31 Oct 2024,KAZUNGULA WEST RESULTS,KAZUNGULA WEST RESULTS Simasiku Matengu BCP- 388 Nelson Tembwe UDC...,https://dailynews.gov.bw/news-detail/82653,elections,Botswana DailyNews
31 Oct 2024,Kanye West Constituency- Kgwatlheng ward,Bafetane Joseph UDC - 744 Moshaga Kudubane BDP - 332 Diphofu...,https://dailynews.gov.bw/news-detail/82825,elections,Botswana DailyNews
31 Oct 2024,Kanye West constituency council results,Kanye West constituency Marapalalo Ward Kelesitse Mothibinyana UDC - 685 Winnie...,https://dailynews.gov.bw/news-detail/82836,elections,Botswana DailyNews
31 Oct 2024,Kapinga wins Okavango West Constituency,BCP Kenny Kapinga ( 5016 BDP Sekwaya Pekenini 3967 BPF Tshenolo Kandonda...,https://dailynews.gov.bw/news-detail/82872,elections,Botswana DailyNews
31 Oct 2024,Kedikilwe MP for Serowe West,BPF - Onalepelo Kedikilwe- 6 555 BDP - Forster Seretse - 2414 ...,https://dailynews.gov.bw/news-detail/82860,elections,Botswana DailyNews
31 Oct 2024,Kgalagadi North Constituency,Kgalagadi North Constituency Hukuntsi South Ward BDP - Kerapetse Jane. -...,https://dailynews.gov.bw/news-detail/82654,elections,Botswana DailyNews
31 Oct 2024,Kgalagadi North Constituency - Lehututu Ward,Kgalagadi North Constituency - Lehututu Ward Thuo Letlotlo UDC - 586...,https://dailynews.gov.bw/news-detail/82697,elections,Botswana DailyNews
31 Oct 2024,Kgalagadi North Constituency -Tshane Ward,Kgalagadi North Constituency Tshane Ward Ofentse Fetz Kgogobi UDC - 489...,https://dailynews.gov.bw/news-detail/82683,elections,Botswana DailyNews
31 Oct 2024,Kgalagadi North Constituency : Inaphu Ward,Kgalagadi North Constituency : Inaphu Ward Santakwi D. Swallows UDC - 391 Thite Tshwarelo...,https://dailynews.gov.bw/news-detail/82676,elections,Botswana DailyNews
31 Oct 2024,Kgalagadi North Constituency : Kang South Ward,Kgalagadi North Constituency : Kang South Ward Stephen Lekgobero UDC -...,https://dailynews.gov.bw/news-detail/82674,elections,Botswana DailyNews
31 Oct 2024,Kgalagadi North Constituency Tshane/Kgainyane ward,Kgalagadi North Constituency Tshane/Kgainyane ward UDC - Ofentse Fetz Kgogobi -...,https://dailynews.gov.bw/news-detail/82770,elections,Botswana DailyNews
31 Oct 2024,Kgalagadi North Constituency Ward Results,Kgalagadi North Constituency ward results Hukuntsi South ward BDP - Kerapetse...,https://dailynews.gov.bw/news-detail/82822,elections,Botswana DailyNews
31 Oct 2024,Kgalagadi North Constituency/Lokgwabe Ward,Kgalagadi North Constituency Lokgwabe Ward BDP - Molemele Tshireletso - 382 ...,https://dailynews.gov.bw/news-detail/82757,elections,Botswana DailyNews
31 Oct 2024,Kgalagadi South Constituency,Kgalagadi South Constituency Bokspits Ward Christopher Vanniekerk UDC -171 Tiro...,https://dailynews.gov.bw/news-detail/82718,elections,Botswana DailyNews
31 Oct 2024,Kgalagadi South Constituency - council results,Omaweneno ward UDC 378 - Robert Gabankalafe BDP 355 - Nkatlholang Simane...,https://dailynews.gov.bw/news-detail/82829,elections,Botswana DailyNews
31 Oct 2024,Kgalagadi South Constituency- Tsabong East ward,Kgalagadi South Constituency Tsabong East ward Bathusi Zachariah UDC- 589 ...,https://dailynews.gov.bw/news-detail/82791,elections,Botswana DailyNews
31 Oct 2024,Kgatleng Central Constituency Boseja South Council Ward,Kgatleng Central Constituency Boseja South Ward Molefe Boikago - UDC 994...,https://dailynews.gov.bw/news-detail/82768,elections,Botswana DailyNews
31 Oct 2024,Kgatleng East Constituency - Malolwane Ward,Kgatleng East Constituency Malolwane Ward Mogorosi Ramokatane BDP - 510 ...,https://dailynews.gov.bw/news-detail/82695,elections,Botswana DailyNews
31 Oct 2024,Kgatleng East Constituency/Oodi East ward,Kgatleng East Constituency Oodi East ward Frank Motsilanyane - UDC -...,https://dailynews.gov.bw/news-detail/82769,elections,Botswana DailyNews
31 Oct 2024,Kgatleng East constituency- Mmathubudukwane/Ramonaka/Sikwane ward,Anthony Rasetshwane BDP 1194 Kgethang Moatshe BCP 722 Lesley Phiri UDC...,https://dailynews.gov.bw/news-detail/82821,elections,Botswana DailyNews
31 Oct 2024,Kgatleng East constituency/Modipane East ward,Kgatleng East constituency Modipane East ward Festus Semele-UDC-677 Samuel Lebekwe-BDP-382 Tosbie Ramarumo-BCP-249...,https://dailynews.gov.bw/news-detail/82748,elections,Botswana DailyNews
31 Oct 2024,Kgatleng West - Pilane Ward,Kgatleng West - Pilane Ward 1. Goitsemodo Pitse 458 BDP 2. Thabo...,https://dailynews.gov.bw/news-detail/82685,elections,Botswana DailyNews
31 Oct 2024,Kgatleng West Constituency Bokaa North,Kgatleng West Constituency Bokaa North 1.Tshoganetso Serojane BDP 517 2.Mfazi Tychious BCP...,https://dailynews.gov.bw/news-detail/82815,elections,Botswana DailyNews
31 Oct 2024,Kgatleng West Constituency Bokaa South,Kgatleng West Constituency Bokaa South Tshepo Moloko UDC 878 Super Bodika...,https://dailynews.gov.bw/news-detail/82787,elections,Botswana DailyNews
31 Oct 2024,Kgatleng West Constituency- Bokaa South ward,Kgatleng West Constituency - Bokaa South 1. Tshepo Moloko UDC- 878...,https://dailynews.gov.bw/news-detail/82789,elections,Botswana DailyNews
31 Oct 2024,Kgatleng West Constituency- Rasesa South ward,Kgatleng West Constituency- Rasesa South 1.Botho Buisanyang BCP- 569 2.Boikago Nfaladi...,https://dailynews.gov.bw/news-detail/82790,elections,Botswana DailyNews
31 Oct 2024,Lekhutlane winner for Kgalagadi North Constituency,UDC Mr Reason Lekhutlane 5144 BDP Mr Moatlhodi Mahupu- 4861 BCP Mr...,https://dailynews.gov.bw/news-detail/82874,elections,Botswana DailyNews
31 Oct 2024,Lentsweletau/Lephephe Constituency,Lentsweletau/Lephephe Constituency Gakuto Ward Tebogo Lenao UDC - 1223 Mogaadile Neo BDP...,https://dailynews.gov.bw/news-detail/82712,elections,Botswana DailyNews
31 Oct 2024,Letlhakane North East ward Boteti East constituency,Boteti East constituency - Letlhakane North East ward Gakenabone Monkgogi UDC -...,https://dailynews.gov.bw/news-detail/82735,elections,Botswana DailyNews
31 Oct 2024,Lobatse Constituency - Boswelatlou ward,Lobatse Constituency Boswelatlou ward Omar Raphael UDC - 208 Nadin Pandor BDP...,https://dailynews.gov.bw/news-detail/82681,elections,Botswana DailyNews
31 Oct 2024,Lobatse Constituency - Kgaboesele ward,Lobatse Constituency - Kgaboesele ward 1. Kearoma Moreeng (UDC) - 482 2....,https://dailynews.gov.bw/news-detail/82679,elections,Botswana DailyNews
31 Oct 2024,Lobatse Constituency /New look/Maipei ward,Lobatse Constituency New look/Maipei ward Mothibi Legodile David UDC - 350 Outlule...,https://dailynews.gov.bw/news-detail/82705,elections,Botswana DailyNews
31 Oct 2024,Lobatse Constituency /Pitikwe ward,Lobatse Constituency Pitikwe ward Ganakgomo Aron Mosimanegape UDC - 327 Zebe...,https://dailynews.gov.bw/news-detail/82709,elections,Botswana DailyNews
31 Oct 2024,Lobatse Constituency council results,Maokaneng ward UDC - Kedise Robert - 292 BDP - Mekgwe Sono...,https://dailynews.gov.bw/news-detail/82842,elections,Botswana DailyNews
31 Oct 2024,Lobatse Constituency- Peleng East ward,Monakwe Bafo Radisale (UDC) 563 Dikgetse Kagiso (BDP) 410 Motladiile Olebeng...,https://dailynews.gov.bw/news-detail/82807,elections,Botswana DailyNews
31 Oct 2024,Lotlhakane West /Tshwaane ward,Moshupa/Manyana constituency Lotlhakane West /Tshwaane ward Morokonyane Benjamin BDP - 852...,https://dailynews.gov.bw/news-detail/82700,elections,Botswana DailyNews
31 Oct 2024,MAHALAPYE WEST CONSTITUENCy/Mahalapye Central Ward,MAHALAPYE WEST CONSTITUENCy Mahalapye Central Ward Moitamo Raphane UDC - 506 Boniface...,https://dailynews.gov.bw/news-detail/82699,elections,Botswana DailyNews
31 Oct 2024,MAUN EAST CONSTITUENCY,MAUN EAST CONSTITUENCY KUBUNG WARD Moreti Vepaune (BCP) = 1...,https://dailynews.gov.bw/news-detail/82721,elections,Botswana DailyNews
31 Oct 2024,MAUN NORTH CONSTITUENCY MATLAPANA-SHOROBE WARD,MAUN NORTH CONSTITUENCY MATLAPANA-SHOROBE WARD UDC: Kobamelo Baikgodisi 1041 BCP: Boikaego...,https://dailynews.gov.bw/news-detail/82819,elections,Botswana DailyNews
31 Oct 2024,Mahalapye East Constituency /Flowertown Ward,Mahalapye East Constituency - Flowertown Ward Silas Mothanka UDC 430 Ishmael Kelebile...,https://dailynews.gov.bw/news-detail/82743,elections,Botswana DailyNews
31 Oct 2024,Mahalapye East Xhosa 1 ward,Mahalapye East Xhosa 1 ward Tebo Motswaiso UDC 1374 Donald Letso BDP...,https://dailynews.gov.bw/news-detail/82767,elections,Botswana DailyNews
31 Oct 2024,Mahalapye West,Mahalapye West -Ngakayagae ward UDC 649- Semetsa Molefe BDP 362-Montshiwa Balatlheng...,https://dailynews.gov.bw/news-detail/82724,elections,Botswana DailyNews
31 Oct 2024,Manyeneng wins Mmopane/ Metsimotlhabe constituency,Helen Manyeneng - UDC 3 431 James Lekgetho - BDP 3 311...,https://dailynews.gov.bw/news-detail/82863,elections,Botswana DailyNews
31 Oct 2024,Marapoathutlwa South Constituency in Gaborone Bonnington North constituency,Gaborone Bonnington North constituency Marapoathutlwa South Constituency Jacob Mpasopi UDC - 797...,https://dailynews.gov.bw/news-detail/82667,elections,Botswana DailyNews
31 Oct 2024,Mathoothe retains Serowe North,BPF Baratiwa Mathoothe 1 635 BDP Ogaketse Mathware 2 799 BCP Matthews...,https://dailynews.gov.bw/news-detail/82873,elections,Botswana DailyNews
31 Oct 2024,Maun East Constituency- Disana ward,1. Rizerua Kazenambo (BCP) 827 2.Tinah Cocks (BDP) 534 3. Akofang...,https://dailynews.gov.bw/news-detail/82806,elections,Botswana DailyNews
31 Oct 2024,Maun East constituency- Thamalakane North/ Matlapana ward,1. Teedzani Kgatusi (BCP) = 915 2.Gakologelwang Bethia (BDP) = 500...,https://dailynews.gov.bw/news-detail/82802,elections,Botswana DailyNews
31 Oct 2024,Maun North constituency/ Kgosing-Kubung Ward,Maun North constituency Kgosing/Kubung Ward INDEPENDENT Magonamo Mmolainyane 1113 BDP: Tswelelo Sebati...,https://dailynews.gov.bw/news-detail/82732,elections,Botswana DailyNews
31 Oct 2024,Maun North constituency/BOJANALA ward,Maun North constituency BOJANALA ward BCP: Monopane Namanga - 441 UDC: Luke...,https://dailynews.gov.bw/news-detail/82781,elections,Botswana DailyNews
31 Oct 2024,Maun West Constituency council results,Kareng -Qhorotsha ward BDP Keapoletswe Keapoletswe - 564 BCP Petrus Tjetjoo...,https://dailynews.gov.bw/news-detail/82838,elections,Botswana DailyNews
31 Oct 2024,Maun West constituency -Sehithwa/Legotlhwane ward,Maun West constituency Sehithwa/Legotlhwane ward Moedi Modiegi BDP 473 Keatholetswe Gaolathiwe UDC...,https://dailynews.gov.bw/news-detail/82758,elections,Botswana DailyNews
31 Oct 2024,Maun West constituency TOTENG ward,Maun West constituency TOTENG ward Petrus Mbaeva BCP - 543 Kentse Thapelo...,https://dailynews.gov.bw/news-detail/82792,elections,Botswana DailyNews
31 Oct 2024,Mmadinare Constituency /Mmadinare East ward,Mmadinare Constituency Mmadinare East ward UDC Martin Goitsemang 647 BDP Lesley Kentse...,https://dailynews.gov.bw/news-detail/82729,elections,Botswana DailyNews
31 Oct 2024,Mmadinare Constituency Tobane Ward,Mmadinare Constituency Tobane Ward BDP Bojosi Bojosi 512 BCP Tshepho Chakalisa 468...,https://dailynews.gov.bw/news-detail/82765,elections,Botswana DailyNews
31 Oct 2024,Mmadinare Constituency council results,Mmadinare Constituency council results Sefophe Ward UDC Christopher Motsholapheko -898 BCP Mokwaledi...,https://dailynews.gov.bw/news-detail/82854,elections,Botswana DailyNews
31 Oct 2024,Mmolotsi retains Francistown South,UDC - Wynter Mmolotsi - 6 506 BDP - Solly Reikeletseng - ...,https://dailynews.gov.bw/news-detail/82859,elections,Botswana DailyNews
31 Oct 2024,Mogoditshane East Constituency/ Kgosing Ward,Mogoditshane East Constituency/ Kgosing Ward BDP 367 UDC 250 BCP 243 ...,https://dailynews.gov.bw/news-detail/82752,elections,Botswana DailyNews
31 Oct 2024,Mogoditshane East constituency council results,Kgosing Ward BDP More Keobokile 367 UDC Janjo Parks 250 ...,https://dailynews.gov.bw/news-detail/82816,elections,Botswana DailyNews
31 Oct 2024,Mogoditshane East constituency- council results,Kgosing Ward BDP More Keobokile -367 UDC Janjo Parks -250 BCP Chabi...,https://dailynews.gov.bw/news-detail/82833,elections,Botswana DailyNews
31 Oct 2024,Mogoditshane East ga a ise e simolole go bala,Kgaolo ya Mogoditshane East ga e ise e simolole go bala ditalama....,https://dailynews.gov.bw/news-detail/82647,elections,Botswana DailyNews
31 Oct 2024,Molepolole North Constituency council results,Molepolole North Constituency Mahetlwe Ward 1.UDC Ponalo Rannosang -502 2.BDP Simon Marwane...,https://dailynews.gov.bw/news-detail/82851,elections,Botswana DailyNews
31 Oct 2024,Molepolole North Constituency/Boswelakoko ward,Molepolole North Constituency Boswelakoko ward Mmadintsi John Ninky UDC - 806...,https://dailynews.gov.bw/news-detail/82739,elections,Botswana DailyNews
31 Oct 2024,Molepolole South Constituency,Molepolole South Constituency Sebele Ward Mokwaledi Leo (UDC) 749 Dorothy Batsile...,https://dailynews.gov.bw/news-detail/82736,elections,Botswana DailyNews
31 Oct 2024,Molepolole South Constituency- Gamodubu/ Mmanoko ward results,Molepolole South Constituency Gamodubu/ Mmanoko Ward Mothupi Kebotlhale -BDP 796 Mookantsa...,https://dailynews.gov.bw/news-detail/82835,elections,Botswana DailyNews
31 Oct 2024,Molepolole South Constituency- Mokgopeetsane ward,Michael Bagopi UDC 880 Keamogetse Keikanne BDP 667 Samuel Tlhaelang BCP 119...,https://dailynews.gov.bw/news-detail/82818,elections,Botswana DailyNews
31 Oct 2024,Montsiemang wins Ngami Ward in Jwanen/Mabutsane Constituency,NGAMI WARD (JWANENG/MABUTSANE CONSTITUENCY) Bankinyana Montsiemang (UDC) 330 Kganego Dikole (BDP)240...,https://dailynews.gov.bw/news-detail/82649,elections,Botswana DailyNews
31 Oct 2024,Moselewapula ward in Gaborone Bonnington North Constituency,Gaborone Bonnington North Constituency Moselewapula ward Bonang Kago UDC - 991...,https://dailynews.gov.bw/news-detail/82703,elections,Botswana DailyNews
31 Oct 2024,Moshupa/Manyana constituency : Magotlhwane- Kgomokasitwa ward,Moshupa/Manyana constituency : Magotlhwane/Kgomokasitwa ward 1. Kabo Kgomotso Ramatsipele UDC -...,https://dailynews.gov.bw/news-detail/82671,elections,Botswana DailyNews
31 Oct 2024,Moswaane Returns as Francistown West MP,Ignitious Moswaane- UDC 6 223 Nthusi Chimbise -BCP 2 430 Samuel Kealotswe ...,https://dailynews.gov.bw/news-detail/82862,elections,Botswana DailyNews
31 Oct 2024,Motsamai wins Charleshill Constituency,Motsamai WINS CHARLESHILL PARLIAMENTARY CONSTITUENCY UDC 3248 -Motsamai Motsamai BDP 2953-Thato...,https://dailynews.gov.bw/news-detail/82856,elections,Botswana DailyNews
31 Oct 2024,Motshegwa wins Mmadinare Constituency,Ketlhalefile Motshegwa- UDC 3 285 Sennye Obuseng - BCP 3 247 Kefentse...,https://dailynews.gov.bw/news-detail/82864,elections,Botswana DailyNews
31 Oct 2024,Ngami Constituency /Gumare East Tubu ward,Ngami Constituency Gumare East/Tubu ward Mbwe Kebonyemodisa BCP - 931 Sethwara Kesegofetse...,https://dailynews.gov.bw/news-detail/82706,elections,Botswana DailyNews
31 Oct 2024,Ngami Constituency Nokaneng - Habu ward,Ngami Constituency Nokaneng/Habu ward BCP Tjinyeka Itjinda 1230 BDP Molaonda Latlhang...,https://dailynews.gov.bw/news-detail/82786,elections,Botswana DailyNews
31 Oct 2024,Ngami Constituency- Etsha ward,Etsha Ward BCP 1181 Moyambango Gothatajang BDP 875 Motoloki Onosi BPF...,https://dailynews.gov.bw/news-detail/82801,elections,Botswana DailyNews
31 Oct 2024,Nkange Constituency: Nkange/Changate ward,Nkange Constituency: Nkange/Changate ward Nyatseng Oliver - BCP 594 Kgatle Utlwanang...,https://dailynews.gov.bw/news-detail/82783,elections,Botswana DailyNews
31 Oct 2024,Nkange constituency council results,Nswazwi/Makuta Kitso Mukani BDP- 520 Desmond Mafa UDC-507 Tirafalo Kaisara BCP-310 Oratile...,https://dailynews.gov.bw/news-detail/82837,elections,Botswana DailyNews
31 Oct 2024,Nkange constituency- Sebina ward results,Nkange constituency Sebina Ward Lemogang Mogomotsi BCP-824 Phillimo Godfrey BDP-549 Mabuku...,https://dailynews.gov.bw/news-detail/82843,elections,Botswana DailyNews
31 Oct 2024,Nkange constituency-Matobo Goshwe,Nkange constituency Matobo/Goshwe Milikani Tshupeng BCP- 607 Sam Mojoko BDP - 528...,https://dailynews.gov.bw/news-detail/82690,elections,Botswana DailyNews
31 Oct 2024,Nkange constituency: Tutume North,Nkange constituency: Tutume North Mosupi Nkaki UDC - 527 Ishmael Mokgethi BDP...,https://dailynews.gov.bw/news-detail/82694,elections,Botswana DailyNews
31 Oct 2024,Nkawana retains Selebi Phikwe East,Kgoberego Nkawana- BCP 2 842 Amogelang Mojuta - BDP 1 874 Tebogo...,https://dailynews.gov.bw/news-detail/82865,elections,Botswana DailyNews
31 Oct 2024,Okavango East Seronga/Gunotsoga,Okavango East Seronga/Gunotsoga BCP Marokwa Boiteko 960 BDP Kotongwa Sauqho 781 BPF...,https://dailynews.gov.bw/news-detail/82774,elections,Botswana DailyNews
31 Oct 2024,Okavango West Constituency- Nxaunxau/ Chukumuchu ward,Nxauxau/Chukumuchu ward BCP - Tjiponda Uakazemba - 360 BDP - Masike Morekolodi...,https://dailynews.gov.bw/news-detail/82844,elections,Botswana DailyNews
31 Oct 2024,Okavango West Constituency- Sepopa Ward,BCP 763 Botshelo Mapa BDP 720 Ikakanyeng Nkape BPF 41 Jeremiah...,https://dailynews.gov.bw/news-detail/82800,elections,Botswana DailyNews
31 Oct 2024,Okavango West Constituency- Shakawe West Gani,Okavango West Constituency Shakawe West Gani BCP Shamakena Moshanga-858 BDP Shakatenya...,https://dailynews.gov.bw/news-detail/82797,elections,Botswana DailyNews
31 Oct 2024,Okavango West Constituency- Shashe Central,Okavango West Constituency Shashe Central BCP 663 Amos Haidongo BDP 650...,https://dailynews.gov.bw/news-detail/82804,elections,Botswana DailyNews
31 Oct 2024,Okavango West Constituency/Nxaunxau- Chukumuchu,Okavango West Constituency Nxaunxau/Chukumuchu ward Tjiponda Uakazemba (BCP) : 360 Masike Morekolodi...,https://dailynews.gov.bw/news-detail/82745,elections,Botswana DailyNews
31 Oct 2024,Okavango West Constituency/Shakawe Central,Okavango West Constituency: Shakawe Central BCP 663 Amos Haidongo BDP 650 Keorapetse...,https://dailynews.gov.bw/news-detail/82751,elections,Botswana DailyNews
31 Oct 2024,Okavango West Constituency: Shakawe East - Samochima,Okavango West Constituency: Shakawe East - Samochima BCP 736 Ronald Gaopalelwe ...,https://dailynews.gov.bw/news-detail/82803,elections,Botswana DailyNews
31 Oct 2024,Ookeditse wins Nata/Gweta,BPF Lawrence Ookeditse 6205 BDP Polson Majaga 2289 BCP wamba Chingapani1934...,https://dailynews.gov.bw/news-detail/82878,elections,Botswana DailyNews
31 Oct 2024,PALAPYE CONSTITUENCY/ Boikago ward,PALAPYE CONSTITUENCY/ Boikago ward Mosotho Modirwa- UDC- 562 Kaisara Mmoloki- BCP- 439...,https://dailynews.gov.bw/news-detail/82733,elections,Botswana DailyNews
31 Oct 2024,PALO YA DITALAMA TSA BOPALAMENTE KWA CHARLESHILL E A,Ditalama tsa tlhopho ya bopalamente di solola go balwa. Kgaolo e e...,https://dailynews.gov.bw/news-detail/82755,elections,Botswana DailyNews
31 Oct 2024,Philemon wins Ngami constituency,BCP - 5877 Aaron Philemon BDP - 3622 Kario Kavis BPF ...,https://dailynews.gov.bw/news-detail/82857,elections,Botswana DailyNews
31 Oct 2024,Pitseng ward - Moshupa/Manyana constituency,Pitseng ward Moshupa/Manyana constituency Mathaese Ralekoi BCP - 689 Kelepile...,https://dailynews.gov.bw/news-detail/82660,elections,Botswana DailyNews
31 Oct 2024,Ramaotwana takes Gaborone South Contstituency,UDC Nelson Ramaotwana 7668 BDP Alex Moatlhaping 2928 BCP Oral Mosedame 1742 IND Kesego Okie 220...,https://dailynews.gov.bw/news-detail/82870,elections,Botswana DailyNews
31 Oct 2024,SEROWE SOUTH CONSTITUENCY,SEROWE SOUTH CONSTITUENCY SUNNYSIDE WARD Keoagile Sebenyane BPF - 581 Motsholathebe Ntshambiwa UDC -...,https://dailynews.gov.bw/news-detail/82701,elections,Botswana DailyNews
31 Oct 2024,SEROWE SOUTH CONSTITUENCY -MANONNYE WARD,SEROWE SOUTH CONSTITUENCY MANONNYE WARD BPF - Lorato Baikokobetsi - 932...,https://dailynews.gov.bw/news-detail/82795,elections,Botswana DailyNews
31 Oct 2024,Salakae wins Ghanzi,Ghanzi Parliamentary results UDC Noah Salakae 7575 BDP- John Thiite 4695 BPF-...,https://dailynews.gov.bw/news-detail/82875,elections,Botswana DailyNews
31 Oct 2024,Sebele-Airport ward on Gaborone North Constituency,Gaborone North Constituency Sebele/Airport ward Michael Botumile UDC - 641 Morekolodi Moemele BDP...,https://dailynews.gov.bw/news-detail/82711,elections,Botswana DailyNews
31 Oct 2024,Sedombo new Tonota MP,TONOTA CONSTITUENCY PARLIAMENTARY RESULTS UDC Gaefele Sedombo 7024 BDP Andy Boatile ...,https://dailynews.gov.bw/news-detail/82876,elections,Botswana DailyNews
31 Oct 2024,Segokgo wins Tlokweng,UDC Phenyo Mokete Segokgo 8498 BDP Thulagano Segokgo 4146 BCPMasego Segokgo...,https://dailynews.gov.bw/news-detail/82879,elections,Botswana DailyNews
31 Oct 2024,Sejankabo wins Newstance in Selebi Phikwe East,Timothy Sejankabo of BCP has won the Newstance council seat in Selebi...,https://dailynews.gov.bw/news-detail/82646,elections,Botswana DailyNews
31 Oct 2024,Selebi Phikwe East,Selebi Phikwe East Botshabelo West -Mmopiemang Basebi BDP 428 Mathura David...,https://dailynews.gov.bw/news-detail/82655,elections,Botswana DailyNews
31 Oct 2024,Selebi Phikwe East - Ikageleng Phase 1,Selebi Phikwe East - Ikageleng Phase 1 Silent Leburu BCP 321 Tshiamo...,https://dailynews.gov.bw/news-detail/82682,elections,Botswana DailyNews
31 Oct 2024,Selebi Phikwe East : Botshabelo South,Selebi Phikwe East: Botshabelo South Thabologo Sethuba BCP - 265 Johannes Malepeng...,https://dailynews.gov.bw/news-detail/82669,elections,Botswana DailyNews
31 Oct 2024,Selebi Phikwe East Botshabelo Central,Selebi Phikwe East constituency Botshabelo Central ward Mogotsi Mogotsi BCP -...,https://dailynews.gov.bw/news-detail/82780,elections,Botswana DailyNews
31 Oct 2024,Selebi Phikwe West constituency,Selebi Phikwe West constituency: Leseding ward. UDC - Phemelo Nthwane 563...,https://dailynews.gov.bw/news-detail/82651,elections,Botswana DailyNews
31 Oct 2024,Selebi Phikwe West constituency: Leseding ward,Leseding ward in the Selebi Phikwe West constituency has been won by Phemelo...,https://dailynews.gov.bw/news-detail/82648,elections,Botswana DailyNews
31 Oct 2024,Selebi Phikwe West: Kopano ward,Selebi Phikwe West Kopano ward Arone Sefho UDC - 329 Thandi Tshupo241...,https://dailynews.gov.bw/news-detail/82663,elections,Botswana DailyNews
31 Oct 2024,Selebi Phikwe West: Sesame Kagiso,Selebi Phikwe West: Sesame Kagiso Oageng Makgosa BCP - 446 Kesegofetse Mandelo...,https://dailynews.gov.bw/news-detail/82686,elections,Botswana DailyNews
31 Oct 2024,Serowe South Constituency council results,Serowe South Constituency Manonnye Ward BPF Lorato Baikokobetsi - 932 Independent candidate...,https://dailynews.gov.bw/news-detail/82852,elections,Botswana DailyNews
31 Oct 2024,Serowe West - Kgosing ward,Serowe West Kgosing ward Kebakgale Kutuso of BPF - 755 Rapelang...,https://dailynews.gov.bw/news-detail/82716,elections,Botswana DailyNews
31 Oct 2024,Serowe West Constituency council results,Malatswae BPF - Magdeline Blackie - 392 BDP - Kenosi Benard -...,https://dailynews.gov.bw/news-detail/82847,elections,Botswana DailyNews
31 Oct 2024,Serowe West Constituency- Palamaokue North ward results,BPF - Tshenolo Mosagalathwe - 1 201 BDP - Ramoja Kgomotso -...,https://dailynews.gov.bw/news-detail/82849,elections,Botswana DailyNews
31 Oct 2024,Serowe West/Serokolwane ward,Serowe West- Serokolwane ward Iphitlheng Boitshwarelo of BPF-682 Motlhankana Obolokilwe of...,https://dailynews.gov.bw/news-detail/82766,elections,Botswana DailyNews
31 Oct 2024,Shashe West constituency - Chadibe ward,Shashe West constituency - Chadibe ward BPF-Moeko Moeko-660 BDP -Kamongnenge Gofamidimo-267...,https://dailynews.gov.bw/news-detail/82785,elections,Botswana DailyNews
31 Oct 2024,Shashe West constituency Mabesekwa Ward,Shashe West constituency Mabesekwa Ward BPf-Ntshwarisang Mokgosi-512 BDP-Galani Tebogo -393 UDC-Keletso...,https://dailynews.gov.bw/news-detail/82782,elections,Botswana DailyNews
31 Oct 2024,Shashe West constituency council results,Shashe West constituency Borolong South BPF-Mabala Dittos -630 BDP-Mlambo Darius -501...,https://dailynews.gov.bw/news-detail/82841,elections,Botswana DailyNews
31 Oct 2024,Shoshong Constituency - Shoshong North Ward results,Shoshong Constituency council Shoshong North Ward UDC Mosomodi Kennedy -1094 BDP...,https://dailynews.gov.bw/news-detail/82846,elections,Botswana DailyNews
31 Oct 2024,Shoshong Constituency- Kalamare ward,UDC Moremi Motukisi -738 BPF Ntlotlang Mogorosi - 236 Independent Mpho...,https://dailynews.gov.bw/news-detail/82828,elections,Botswana DailyNews
31 Oct 2024,Shoshong Constituency- Mosolotshane ward results,BPF - Segaiso Letlhogela - 302 BDP - Busang Leaname -197 UDC...,https://dailynews.gov.bw/news-detail/82850,elections,Botswana DailyNews
31 Oct 2024,Shoshong South East ward 1,Shoshong constituency Shoshong South East ward Tumoyagae Lekololwane UDC - 634...,https://dailynews.gov.bw/news-detail/82742,elections,Botswana DailyNews
31 Oct 2024,TONOTA CONSTITUENCY/Tonota East Ward,TONOTA CONSTITUENCY/Tonota East Ward UDC-Keakile Tsagae - 696 BDP-Mochabo Moses-3 35...,https://dailynews.gov.bw/news-detail/82749,elections,Botswana DailyNews
31 Oct 2024,TSWAPONG North,TSWAPONG North constituency Lerala west ward Loeto Tsebenyane BPF- 918...,https://dailynews.gov.bw/news-detail/82725,elections,Botswana DailyNews
31 Oct 2024,Takatokwane constituency - council results,Salajwe/Kaudwane Segootsane Maneke -78 BCP Moemedi Senkotle 871-BDP Ngaka Odirile 143...,https://dailynews.gov.bw/news-detail/82826,elections,Botswana DailyNews
31 Oct 2024,Takatokwane ward (council post),Takatokwane Constituency Takatokwane ward Edwin Ditau BDP - 428 Modiri Batlhophi BPF...,https://dailynews.gov.bw/news-detail/82696,elections,Botswana DailyNews
31 Oct 2024,Tati East constituency - Tati Siding North,Tati East constituency -Tati Siding North Parkie Pius UDC- 321 Onalenna...,https://dailynews.gov.bw/news-detail/82788,elections,Botswana DailyNews
31 Oct 2024,Tati East constituency Ditla/Pata ward,Tati East constituency Ditla/Pata ward UDC Montwedi Retlhanye-327 BCP Balemetse Kgakololo-236 BPF...,https://dailynews.gov.bw/news-detail/82820,elections,Botswana DailyNews
31 Oct 2024,Tati East constituency Matshelagabedi ward,Tati East constituency Matshelagabedi ward BCP Ndiye Shagwa- 900 BDP Tagala Motsamai...,https://dailynews.gov.bw/news-detail/82793,elections,Botswana DailyNews
31 Oct 2024,Tati East constituency Shashe Bridge/ Tati siding South,Tati East constituency Shashe Bridge/ Tati siding South Botsang Bareki UDC -...,https://dailynews.gov.bw/news-detail/82778,elections,Botswana DailyNews
31 Oct 2024,Tati East constituency council results,Jacklas No2/Siviya ward BDP - Bakani Badziili - 626 BCP - Limukani...,https://dailynews.gov.bw/news-detail/82840,elections,Botswana DailyNews
31 Oct 2024,Tati East constituency/Mabudzane/Tsamaya ward,Tati East constituency Mabudzane/Tsamaya ward Pako Kubi BCP 577 Isaac Pelaelo BDP...,https://dailynews.gov.bw/news-detail/82760,elections,Botswana DailyNews
31 Oct 2024,Tati East constituency: Tshesebe/Mowana ward,Tati East constituency: Tshesebe/Mowana ward Batsho Mooketsi William BCP - 675 Abedneco...,https://dailynews.gov.bw/news-detail/82708,elections,Botswana DailyNews
31 Oct 2024,Thamaga /Kumakwane Constituency,Thamaga /Kumakwane Constituency Thamaga South UDC-Kenanao Lawrence Gaorutwe 1329 BDP-Thato...,https://dailynews.gov.bw/news-detail/82775,elections,Botswana DailyNews
31 Oct 2024,Thamaga/ Kumakwane constituency council results,Thamaga North UDC-Molaakgosi Mooki 1128 BDP-Bogadi Rampana 634 BCP- Motlale...,https://dailynews.gov.bw/news-detail/82814,elections,Botswana DailyNews
31 Oct 2024,Tlokweng Constituency,Tlokweng Constituency Lesunyaneng ward Tiro Ntwaetsile (UDC) - 511 votes ...,https://dailynews.gov.bw/news-detail/82771,elections,Botswana DailyNews
31 Oct 2024,Tlokweng Constituency - Selokwana Ward,Tlokweng Constituency Selokwana Ward Ontiretse Bogatsu UDC - 833 Bino Kgaogano BDP...,https://dailynews.gov.bw/news-detail/82680,elections,Botswana DailyNews
31 Oct 2024,Tlokweng Constituency / Sefoke Ward,Tlokweng Constituency Sefoke Ward Onkarabile Momene UDC - 625 Molefe...,https://dailynews.gov.bw/news-detail/82710,elections,Botswana DailyNews
31 Oct 2024,Tonota constituency /Mandunyane ward,Tonota constituency Mandunyane ward Otshwaile Ntshipa UDC - 500 Caiphus Montsho...,https://dailynews.gov.bw/news-detail/82714,elections,Botswana DailyNews
31 Oct 2024,Tonota constituency/Semotswane ward.,Tonota constituency - Semotswane ward. Lefoko Ben BPF- 546 Mbuya Moseki...,https://dailynews.gov.bw/news-detail/82704,elections,Botswana DailyNews
31 Oct 2024,Tonota constituency:,Tonota constituency: Tonota west ward Makoko Motshwari BPF - 468...,https://dailynews.gov.bw/news-detail/82726,elections,Botswana DailyNews
31 Oct 2024,Tonota constituency: Serule ward,Tonota constituency: Serule ward BDP - Namoshe Jonas - 443 BPF...,https://dailynews.gov.bw/news-detail/82731,elections,Botswana DailyNews
31 Oct 2024,Tswapong North Constituency- ward results,Maunatlala Mogodi Mothusi UDC- 310 Dijeng Tshwaranang- BRP 26 Emmanuel Keorapetse -BPF...,https://dailynews.gov.bw/news-detail/82827,elections,Botswana DailyNews
31 Oct 2024,Tswapong South Constituency- Mokobeng/ Ngwapa ward,Mokobeng/Ngwapa ward UDC Joseph Molamo 675 BCP Mothusi Lebang 156 BPF Glenah...,https://dailynews.gov.bw/news-detail/82817,elections,Botswana DailyNews
31 Oct 2024,Tswapong South Constituency- Ramokgonami ward,Tswapong South Constituency Ramokgonami ward Immanuel Babatli BCP-740 Seepe Keleabetswe UDC-650 Moilwa...,https://dailynews.gov.bw/news-detail/82812,elections,Botswana DailyNews
31 Oct 2024,Tswapong South Constituency/Chadibe ward,Tswapong South Constituency-Chadibe ward BCP Edwin Ketlhodilwe 586 BDP Thekiso Gaborutwe 516...,https://dailynews.gov.bw/news-detail/82754,elections,Botswana DailyNews
31 Oct 2024,Tswapong South constituency - Sefhare East Borotsi ward,Tswapong South constituency - Sefhare east Borotsi ward BCP 870 Mr...,https://dailynews.gov.bw/news-detail/82689,elections,Botswana DailyNews
31 Oct 2024,UDC\'s Mophuting wins Gaborone Bonnington North,UDC Maipelo Mophuting 5600 BDP Anna Mokgethi 3035 BCP...,https://dailynews.gov.bw/news-detail/82871,elections,Botswana DailyNews
31 Oct 2024,VILLAGE POLLING DISTRICT,VILLAGE POLLING DISTRICT UDC -Mr Leonard Rambwawasvika - 634 BCP - Mr...,https://dailynews.gov.bw/news-detail/82776,elections,Botswana DailyNews
31 Oct 2025,U.S. should work with China to ensure steady progress,Chinese President Xi Jinping's meeting with U.S. President Donald Trump on Thursday...,https://dailynews.gov.bw/news-detail/88881,politics,Botswana DailyNews
31 Oct 2025,"Xi, Trump meet in Busan to steady ties, shore","Under global gaze and before flashing cameras, Chinese President Xi Jinping and...",https://dailynews.gov.bw/news-detail/88882,politics,Botswana DailyNews
